customer_id_nk,sale_id_nk,fecha,n_items,unidades,importe,margen,tiene_devolucion
1,7829,2025-10-01,4,8,849.65,339.88,False
1,883,2025-05-13,1,1,129.99,52.0,False
1,8193,2025-05-12,2,5,719.95,288.0,False
1,13732,2025-01-25,1,2,319.98,128.0,False
1,4822,2024-10-31,3,5,549.95,220.0,False
1,634,2024-10-19,3,6,319.67,127.88,False
1,11295,2024-08-05,3,6,349.76,139.92,False
1,10095,2024-07-22,3,5,479.77,191.92,False
1,4137,2024-05-02,4,6,441.67,171.88,True
1,14188,2023-04-07,1,1,54.9,21.96,False
1,13550,2022-11-26,2,6,689.4,275.76,False
1,4184,2022-11-13,3,4,329.87,131.96,False
1,5399,2022-07-06,1,1,179.99,72.0,True
1,6606,2022-05-26,4,7,779.3,311.72,False
1,1850,2022-04-16,2,4,249.6,99.84,False
1,9764,2021-03-30,4,9,1219.91,488.0,False
1,5338,2021-01-18,2,2,89.98,36.0,False
1,8867,2020-11-27,4,5,779.95,312.0,False
1,6026,2020-09-23,4,8,1329.92,532.0,False
1,13462,2020-09-20,3,6,469.67,187.88,False
1,6716,2020-08-26,1,3,1049.97,420.0,False
1,3154,2020-06-29,2,3,349.7,139.88,False
2,1680,2025-10-30,4,7,696.93,278.8,False
2,8855,2025-05-13,1,1,34.99,14.0,False
2,1357,2025-05-07,3,5,489.95,196.0,True
2,1744,2025-02-08,2,5,1039.95,416.0,False
2,2671,2024-11-03,4,9,479.46,191.8,True
2,9555,2024-10-12,3,3,729.97,292.0,False
2,14193,2024-05-29,4,5,425.95,170.4,False
2,2998,2024-05-18,1,2,259.98,104.0,False
2,13397,2024-01-01,3,6,419.67,167.88,True
2,7439,2023-10-20,4,9,1074.91,430.0,True
2,394,2023-10-11,2,4,324.6,129.84,True
2,10837,2023-05-15,2,6,299.67,119.88,False
2,9650,2023-02-22,3,6,449.94,180.0,False
2,6346,2022-12-13,1,2,119.98,48.0,False
2,7382,2022-08-13,1,1,399.99,160.0,False
2,5605,2022-07-06,2,4,489.96,196.0,False
2,1427,2021-07-25,4,8,709.47,283.8,False
2,1842,2021-06-28,4,7,1159.93,464.0,False
2,1720,2021-04-30,4,10,699.63,279.88,False
2,11351,2020-12-19,1,2,49.98,20.0,False
2,674,2020-09-24,3,6,564.67,225.88,False
2,8272,2020-06-19,3,5,1039.86,415.96,False
2,14905,2020-03-23,1,1,159.99,64.0,False
2,11239,2020-03-02,4,8,624.83,249.96,True
3,13547,2025-11-07,4,10,2489.9,996.0,True
3,4222,2025-08-14,4,7,845.66,338.28,False
3,10359,2025-07-24,3,7,2199.84,879.96,False
3,1390,2025-07-10,2,6,164.94,66.0,True
3,5985,2025-01-12,3,3,214.79,85.92,False
3,629,2024-05-21,2,4,149.96,60.0,False
3,9358,2024-05-18,3,8,1489.92,596.0,False
3,953,2024-05-03,2,4,639.96,256.0,True
3,1042,2023-03-27,4,7,419.75,167.92,False
3,2481,2022-12-16,3,7,504.48,201.8,False
3,13997,2022-09-18,2,5,639.68,255.88,False
3,13553,2022-08-13,2,5,434.68,173.88,False
3,14336,2022-07-15,3,7,1139.66,455.88,False
3,5349,2022-05-26,3,5,419.77,167.92,False
3,13718,2022-04-12,3,6,1479.85,591.96,False
3,7574,2021-12-19,4,6,889.67,355.88,True
3,9712,2021-08-25,4,8,1649.92,660.0,False
3,11053,2021-05-21,4,5,709.68,283.88,False
3,7996,2021-03-03,1,2,279.98,112.0,False
3,2982,2021-01-13,2,2,85.98,34.4,True
3,10881,2021-01-06,3,5,629.95,252.0,False
3,12664,2020-12-24,3,8,554.92,222.0,False
3,3527,2020-08-26,4,8,1329.74,531.92,False
3,10494,2020-08-17,4,8,499.83,199.96,False
4,12902,2025-12-12,2,4,1199.96,480.0,False
4,5671,2025-07-31,3,7,599.66,239.88,False
4,7172,2024-10-18,1,3,239.97,96.0,False
4,2211,2024-02-15,3,8,564.74,225.92,False
4,2581,2023-12-05,3,6,979.94,392.0,False
4,2538,2022-09-05,4,9,679.91,272.0,True
4,9853,2021-10-30,3,5,1019.77,407.92,False
4,10739,2020-12-07,3,8,789.92,316.0,True
4,8688,2020-06-30,2,3,409.97,164.0,False
4,8203,2020-04-19,4,8,1719.92,688.0,False
5,1355,2025-12-07,2,2,319.8,127.92,False
5,11163,2025-10-11,4,8,527.74,211.12,False
5,4324,2025-05-28,2,5,549.95,220.0,False
5,5197,2025-04-10,4,10,974.63,389.88,False
5,7852,2025-03-14,4,6,614.94,246.0,False
5,2284,2024-11-18,3,6,739.49,295.8,False
5,11747,2024-11-14,1,2,359.98,144.0,False
5,4536,2024-11-08,1,3,899.97,360.0,False
5,6051,2024-09-20,2,3,234.7,93.88,True
5,1932,2024-04-12,3,7,329.75,131.92,False
5,10338,2024-03-19,4,6,1009.58,403.84,True
5,5946,2024-01-26,2,3,269.79,107.92,False
5,5445,2023-11-18,1,3,74.7,29.88,False
5,3522,2023-09-11,2,4,489.87,195.96,False
5,3932,2023-05-14,2,4,999.87,399.96,False
5,7165,2023-05-14,1,1,34.99,14.0,False
5,5376,2022-07-23,4,9,934.64,373.88,False
5,11018,2022-05-19,2,3,309.97,124.0,True
5,14106,2021-09-30,3,7,279.48,111.8,False
5,861,2020-04-30,3,5,404.59,161.84,False
5,10549,2020-03-31,3,8,369.92,148.0,True
5,4095,2020-03-17,1,3,209.7,83.88,False
6,3057,2025-12-12,1,1,149.9,59.96,True
6,12798,2025-08-09,2,4,399.6,159.84,False
6,718,2025-08-01,2,3,77.97,31.2,False
6,6810,2025-07-29,1,3,749.97,300.0,False
6,11324,2025-06-13,4,6,1359.94,544.0,True
6,1628,2024-12-08,1,3,179.97,72.0,False
6,12354,2024-11-23,1,2,159.98,64.0,False
6,3779,2024-02-11,2,2,199.89,79.96,False
6,4097,2023-11-24,3,5,269.95,108.0,True
6,1575,2023-01-13,2,5,819.95,328.0,False
6,1920,2022-06-29,4,9,1144.64,457.88,False
6,4112,2022-05-26,4,7,719.66,287.88,False
6,13616,2022-05-09,3,8,1669.74,667.92,False
6,5273,2022-02-20,1,3,269.97,108.0,False
6,9116,2021-11-14,2,3,859.97,344.0,False
6,10603,2021-10-07,2,3,369.79,147.92,False
6,8168,2021-06-25,3,6,569.67,227.88,False
6,7273,2021-05-19,4,9,969.82,387.96,False
6,7233,2020-07-15,3,8,919.47,367.8,False
6,3655,2020-04-19,2,3,379.79,151.92,False
7,12540,2025-12-05,4,6,564.94,226.0,False
7,14366,2025-11-16,3,4,319.69,127.88,False
7,7444,2025-09-17,1,2,69.98,28.0,True
7,2913,2025-07-28,1,3,74.97,30.0,False
7,4225,2024-12-19,4,8,304.2,121.68,False
7,6505,2024-10-29,3,5,409.95,164.0,False
7,14023,2024-04-14,4,8,1059.92,424.0,False
7,9841,2024-01-04,4,8,1284.92,514.0,False
7,7475,2023-07-31,2,4,299.87,119.96,False
7,13528,2023-07-26,2,3,119.88,47.96,False
7,11726,2023-01-02,1,3,119.7,47.88,False
7,5931,2022-03-14,2,4,339.96,136.0,False
7,13255,2021-04-25,4,8,1489.92,596.0,False
7,2910,2021-02-03,3,7,479.48,191.8,False
7,2999,2020-04-23,3,6,629.67,251.88,False
7,141,2020-02-27,1,3,149.97,60.0,False
7,7309,2020-01-23,3,5,509.68,203.88,False
8,10294,2025-08-01,3,5,141.68,56.68,False
8,4538,2025-02-15,3,6,539.49,215.8,False
8,3260,2025-02-02,3,5,529.5,211.8,False
8,2616,2024-10-18,4,8,794.83,317.96,False
8,11068,2024-05-06,1,2,39.98,16.0,False
8,9848,2024-02-18,3,5,969.95,388.0,False
8,4316,2024-01-25,2,3,589.97,236.0,False
8,10065,2023-10-30,4,11,1309.62,523.88,False
8,4492,2023-04-08,4,8,1029.65,411.88,False
8,7088,2023-03-31,3,8,434.2,173.68,False
8,5557,2021-12-15,3,8,1649.92,660.0,False
8,7867,2021-10-04,3,5,439.77,175.92,True
8,8154,2021-07-12,3,7,749.57,299.84,False
8,3362,2021-07-10,2,4,189.96,76.0,False
8,7875,2021-05-24,3,8,799.92,320.0,False
8,8252,2021-01-23,1,2,399.8,159.92,False
8,4580,2020-07-20,3,5,294.95,118.0,False
8,5712,2020-03-20,2,4,229.87,91.96,False
9,12645,2025-12-27,4,9,1114.73,445.92,False
9,7163,2025-11-28,3,4,301.87,120.76,False
9,8969,2025-08-31,2,3,349.97,140.0,False
9,14204,2023-06-12,4,11,1434.62,573.88,False
9,8492,2023-04-24,1,3,299.7,119.88,False
9,9995,2022-09-04,2,5,859.5,343.8,False
9,3060,2022-04-30,4,8,419.92,168.0,True
9,6947,2022-02-12,1,1,59.99,24.0,False
9,8244,2021-05-13,2,6,1019.94,408.0,False
9,3620,2021-04-08,1,1,99.99,40.0,False
9,13898,2021-02-05,3,6,1089.94,436.0,False
9,2093,2020-11-09,4,6,1459.94,584.0,False
9,5331,2020-11-07,3,3,459.79,183.92,False
9,4348,2020-10-28,3,5,509.95,204.0,False
10,9952,2025-12-04,2,5,409.77,163.92,False
10,2459,2025-08-05,2,3,139.79,55.92,False
10,5795,2024-12-26,2,4,179.6,71.84,False
10,12407,2024-10-16,4,9,1341.91,536.8,False
10,1298,2024-10-10,2,3,199.97,80.0,False
10,3973,2024-09-19,2,2,199.98,80.0,True
10,4350,2024-09-10,1,1,139.99,56.0,False
10,492,2023-08-23,3,7,619.66,247.88,False
10,2726,2023-04-14,1,2,259.8,103.92,False
10,2973,2023-03-13,1,2,279.98,112.0,False
10,10569,2023-01-17,3,8,1069.65,427.88,False
10,9352,2022-11-18,1,3,269.7,107.88,True
10,14487,2022-11-14,3,5,226.95,90.8,True
10,3038,2022-06-20,2,6,809.67,323.88,False
10,12201,2022-03-31,2,3,379.79,151.92,False
10,9738,2021-05-18,3,6,809.94,324.0,False
10,3770,2021-05-07,1,1,119.9,47.96,False
10,7383,2020-10-13,2,6,1409.67,563.88,False
10,3137,2020-04-28,1,2,79.8,31.92,False
10,1598,2020-01-16,2,5,659.68,263.88,False
11,3055,2025-12-16,2,2,144.89,57.96,False
11,13568,2025-08-14,3,7,479.3,191.72,False
11,671,2024-07-02,2,3,409.97,164.0,False
11,13385,2023-08-02,1,2,299.98,120.0,False
11,6235,2023-05-26,2,4,269.96,108.0,False
11,6341,2023-05-12,3,6,954.94,382.0,False
11,7859,2023-04-30,1,1,299.99,120.0,False
11,8469,2022-12-15,3,4,599.96,240.0,True
11,6972,2022-07-23,4,8,939.56,375.84,False
11,426,2022-06-17,1,2,39.98,16.0,False
11,8399,2022-05-23,3,8,1309.74,523.92,True
11,13232,2022-03-03,1,2,259.8,103.92,False
11,3956,2021-08-10,2,4,609.96,244.0,False
11,12510,2020-09-10,4,8,1349.74,539.92,False
11,6215,2020-06-01,3,8,1159.74,463.92,False
11,2204,2020-05-05,1,1,129.9,51.96,False
11,9022,2020-01-15,1,1,299.99,120.0,False
12,4208,2025-07-21,3,4,305.96,122.4,False
12,5443,2025-07-20,4,6,511.76,204.72,False
12,3237,2025-05-28,4,6,639.67,255.88,False
12,3882,2024-12-27,3,5,329.77,131.92,False
12,11990,2024-11-09,3,8,589.2,235.68,False
12,647,2023-12-24,4,10,611.63,244.68,False
12,2525,2023-04-21,2,6,509.94,204.0,True
12,11928,2022-11-22,4,5,209.95,84.0,False
12,2866,2022-10-08,3,4,489.87,195.96,False
12,7523,2022-08-20,4,8,909.92,364.0,True
12,12805,2021-10-26,4,10,934.9,374.0,False
12,5683,2021-10-23,4,11,2949.71,1179.92,False
12,4207,2021-09-30,2,4,369.6,147.84,False
12,1879,2021-02-15,4,10,1419.54,567.84,True
12,7985,2020-12-25,2,4,499.96,200.0,False
12,10389,2020-08-07,4,8,339.74,135.92,False
12,4830,2020-08-01,1,3,1199.97,480.0,False
12,10700,2020-05-21,4,7,881.93,352.8,True
12,10893,2020-05-10,1,3,89.97,36.0,False
13,7540,2025-11-25,4,6,399.85,159.96,False
13,926,2025-06-03,2,3,259.79,103.92,False
13,12185,2024-10-14,2,4,309.87,123.96,False
13,3357,2024-09-19,2,6,257.94,103.2,False
13,5351,2024-08-30,3,4,489.78,195.92,True
13,3017,2024-05-10,4,8,447.92,179.2,False
13,8434,2024-04-05,3,9,1649.91,660.0,False
13,10109,2024-02-29,3,7,1279.93,512.0,False
13,5881,2023-10-21,1,3,209.97,84.0,False
13,1998,2023-10-17,2,6,389.94,156.0,False
13,5377,2022-12-27,3,6,599.94,240.0,False
13,11155,2022-12-26,2,3,209.79,83.92,False
13,8435,2022-10-31,4,5,609.77,243.92,False
13,10105,2021-05-08,3,7,1069.66,427.88,False
13,1792,2020-11-29,1,1,399.99,160.0,False
13,2964,2020-07-25,1,3,419.97,168.0,False
13,4718,2020-06-24,3,6,1219.85,487.96,False
14,13249,2025-11-29,3,5,634.95,254.0,False
14,9873,2025-11-25,1,3,449.7,179.88,False
14,3340,2025-10-23,1,3,479.97,192.0,False
14,902,2025-09-11,1,1,149.99,60.0,False
14,5531,2025-06-29,2,5,829.77,331.92,False
14,12003,2025-04-04,4,7,669.39,267.76,False
14,9703,2025-04-03,2,5,1249.77,499.92,False
14,14499,2025-03-28,4,10,1829.63,731.88,False
14,11782,2025-03-08,3,8,1389.92,556.0,False
14,4515,2024-09-29,3,6,1309.85,523.96,False
14,9543,2024-01-08,2,2,329.98,132.0,False
14,14600,2023-12-31,3,7,449.66,179.88,False
14,4438,2023-04-19,2,3,124.79,49.92,False
14,5638,2023-01-31,2,3,289.88,115.96,False
14,13084,2022-09-22,2,4,729.96,292.0,False
14,9706,2022-09-18,2,6,989.94,396.0,False
14,14382,2022-07-17,4,7,1214.57,485.84,False
14,5147,2022-05-06,4,6,220.58,88.24,False
14,13916,2021-11-28,4,7,2134.84,853.96,False
14,558,2021-10-05,1,1,119.99,48.0,False
14,5675,2020-10-16,4,10,2539.9,1016.0,False
14,960,2020-01-26,3,7,1364.66,545.88,False
15,3679,2025-07-02,1,1,159.99,64.0,False
15,7784,2023-01-31,1,2,299.8,119.92,False
15,3900,2023-01-28,1,3,299.7,119.88,False
15,12211,2022-12-23,4,5,1194.86,477.96,False
15,5583,2022-05-04,2,5,379.77,151.92,False
15,10173,2021-12-07,1,2,99.8,39.92,False
15,12564,2021-04-23,1,2,319.98,128.0,False
15,9036,2021-04-04,1,3,479.97,192.0,False
15,6310,2021-03-17,3,4,489.96,196.0,False
15,10194,2020-05-28,3,5,134.68,53.88,False
16,3897,2025-12-11,4,7,759.39,303.76,False
16,14449,2024-06-01,1,1,189.99,76.0,False
16,5797,2024-04-30,4,10,1124.54,449.84,False
16,2903,2024-02-09,4,10,1319.45,527.8,False
16,10639,2023-05-21,4,8,604.83,241.96,False
16,13659,2022-10-01,1,1,39.99,16.0,False
16,11294,2022-09-03,2,3,449.97,180.0,False
16,9251,2022-05-28,2,4,559.78,223.92,True
16,3115,2022-02-25,4,8,1669.74,667.92,True
16,13436,2022-01-08,2,4,759.96,304.0,False
16,13523,2021-10-26,4,6,664.67,265.88,False
16,12571,2021-07-22,2,2,229.8,91.92,False
16,6619,2021-04-25,1,3,419.97,168.0,False
16,11583,2020-10-08,3,6,339.94,136.0,False
16,11515,2020-09-19,2,3,79.88,31.96,True
16,12024,2020-07-13,4,6,269.76,107.92,False
16,8674,2020-05-09,3,6,594.67,237.88,True
17,7484,2025-11-05,3,7,1199.57,479.84,False
17,11817,2025-06-25,2,5,259.77,103.92,True
17,10719,2025-01-20,2,4,579.96,232.0,False
17,4151,2024-09-08,1,1,349.99,140.0,False
17,532,2024-08-15,1,3,1199.97,480.0,False
17,1699,2024-07-16,1,3,899.97,360.0,False
17,14703,2024-07-15,2,4,599.87,239.96,True
17,14930,2024-04-07,1,1,54.9,21.96,False
17,4270,2024-03-28,1,3,1199.97,480.0,False
17,10980,2024-01-29,2,4,429.96,172.0,False
17,7686,2022-09-14,2,4,569.96,228.0,True
17,589,2022-09-09,3,8,2029.92,812.0,False
17,14429,2022-07-14,1,1,24.9,9.96,False
17,7884,2021-07-10,3,5,1399.95,560.0,False
17,12497,2020-12-01,4,6,539.94,216.0,True
17,12225,2020-11-08,3,8,669.92,268.0,False
17,10373,2020-04-25,1,2,139.8,55.92,False
17,6876,2020-02-09,4,4,374.87,149.96,False
17,8856,2020-02-08,2,3,659.79,263.92,False
18,10545,2025-08-02,3,6,489.94,196.0,False
18,7493,2024-11-06,2,4,99.96,40.0,False
18,7008,2024-06-04,2,4,314.69,125.88,False
18,5872,2024-04-21,1,1,49.9,19.96,False
18,6591,2024-03-23,1,2,499.98,200.0,False
18,10274,2024-02-21,4,9,1709.73,683.92,False
18,13960,2024-01-15,3,7,1099.66,439.88,False
18,5449,2023-08-07,2,5,291.95,116.8,False
18,9691,2023-08-05,2,2,374.89,149.96,False
18,3407,2023-06-25,1,3,74.97,30.0,False
18,7577,2023-04-10,3,6,609.76,243.92,False
18,912,2023-02-09,4,9,1179.91,472.0,False
18,10501,2023-01-11,3,4,159.78,63.92,False
18,8436,2022-11-15,1,1,19.99,8.0,False
18,6996,2022-05-15,1,1,99.9,39.96,False
18,12940,2020-12-08,3,5,134.86,53.96,False
18,14146,2020-06-20,4,10,1729.9,692.0,False
18,7146,2020-05-07,3,6,989.76,395.92,False
18,10282,2020-04-06,4,6,644.76,257.92,False
18,6778,2020-01-08,2,6,509.94,204.0,False
19,518,2025-12-08,2,4,949.96,380.0,False
19,1828,2025-09-24,4,10,989.9,396.0,False
19,6251,2025-08-21,2,2,229.89,91.96,False
19,9227,2025-01-04,1,1,19.99,8.0,True
19,6238,2024-12-09,1,3,449.7,179.88,False
19,14981,2024-11-26,4,11,1029.62,411.88,False
19,3654,2024-08-14,3,7,729.93,292.0,False
19,10655,2024-07-04,1,3,899.97,360.0,False
19,8408,2024-05-07,4,9,727.91,291.2,True
19,4312,2023-11-25,3,4,399.78,159.92,False
19,11533,2023-10-28,1,1,199.9,79.96,False
19,4893,2023-08-13,1,2,239.8,95.92,False
19,12657,2022-08-05,3,5,764.77,305.92,False
19,12550,2022-04-05,3,6,489.85,195.96,True
19,112,2022-02-23,3,6,489.49,195.8,False
19,5890,2022-02-08,3,9,1379.64,551.88,False
19,272,2021-07-24,2,4,159.96,64.0,False
19,7551,2021-03-07,4,8,929.74,371.92,False
19,13968,2021-02-08,1,2,139.8,55.92,False
19,12427,2020-12-16,4,11,1044.35,417.76,False
19,13417,2020-10-29,2,4,419.87,167.96,False
19,14855,2020-10-19,1,3,1049.97,420.0,True
19,3423,2020-10-10,1,3,359.7,143.88,False
19,7052,2020-01-16,2,6,224.67,89.88,False
20,10720,2025-12-13,3,6,629.58,251.84,False
20,443,2025-09-27,4,10,1361.36,544.56,False
20,10033,2025-06-04,1,3,269.7,107.88,False
20,4076,2025-04-25,1,1,249.99,100.0,False
20,934,2025-04-04,4,11,1589.35,635.76,True
20,11186,2024-03-27,3,5,534.95,214.0,False
20,10660,2024-03-02,4,6,929.85,371.96,False
20,12269,2023-08-09,3,6,389.4,155.76,False
20,11332,2022-09-16,4,11,734.17,293.68,False
20,12897,2022-09-05,1,3,149.97,60.0,False
20,11940,2022-06-09,4,8,729.74,291.92,True
20,3354,2022-04-15,3,8,1129.38,451.76,False
20,14090,2021-09-03,2,5,579.95,232.0,False
20,8812,2021-08-22,1,2,109.8,43.92,False
20,4688,2021-08-13,3,7,1029.66,411.88,False
20,7228,2021-02-17,2,3,249.79,99.92,False
20,13628,2020-11-03,3,5,829.95,332.0,True
20,9861,2020-08-29,3,9,854.91,342.0,True
21,5929,2025-08-16,3,6,374.49,149.8,False
21,4480,2025-07-28,3,6,449.67,179.88,False
21,5954,2025-05-22,3,8,1029.92,412.0,False
21,11932,2025-01-30,1,1,189.99,76.0,False
21,12826,2025-01-22,1,1,199.9,79.96,False
21,14957,2024-11-24,1,1,159.99,64.0,False
21,5480,2024-11-12,2,5,619.68,247.88,False
21,9930,2024-09-15,4,4,324.78,129.92,True
21,9442,2024-07-26,1,1,139.99,56.0,False
21,5276,2024-07-20,1,3,359.97,144.0,False
21,12535,2024-06-05,3,6,429.58,171.84,False
21,11076,2024-04-06,4,9,1119.37,447.76,False
21,8779,2023-09-23,2,3,179.97,72.0,False
21,9277,2023-04-26,1,3,164.7,65.88,False
21,8928,2023-04-21,1,3,449.7,179.88,False
21,366,2023-04-11,4,5,509.86,203.96,False
21,9419,2023-03-04,1,2,59.98,24.0,False
21,5781,2022-08-30,1,2,139.8,55.92,False
21,6651,2022-05-25,3,6,494.94,198.0,False
21,11818,2022-02-19,1,2,499.98,200.0,False
21,6613,2022-01-04,1,2,319.98,128.0,False
21,9909,2021-10-29,2,6,449.4,179.76,False
21,13899,2020-03-27,4,7,609.66,243.88,False
21,7591,2020-02-24,4,9,1315.91,526.4,False
21,11683,2020-02-15,3,6,559.76,223.92,False
22,2863,2025-08-27,1,1,99.99,40.0,False
22,424,2025-06-27,4,5,359.77,143.92,True
22,8516,2025-06-07,3,8,579.38,231.76,False
22,1126,2025-01-29,3,5,919.95,368.0,False
22,12468,2024-12-24,4,7,649.75,259.92,False
22,7817,2024-12-04,3,5,479.59,191.84,True
22,4966,2024-05-15,4,10,827.63,331.08,False
22,974,2024-04-04,4,7,1349.93,540.0,False
22,4890,2024-01-06,3,6,619.67,247.88,False
22,4132,2023-08-21,3,8,909.65,363.88,False
22,1692,2023-06-26,4,8,1315.56,526.24,True
22,8892,2023-02-24,1,2,199.8,79.92,False
22,2244,2023-02-11,3,4,439.69,175.88,False
22,7560,2022-08-08,4,9,724.64,289.88,True
22,1159,2021-10-31,1,2,699.98,280.0,False
22,11529,2021-05-28,4,8,829.65,331.88,True
22,13349,2021-05-19,3,6,454.67,181.88,False
22,7566,2021-02-21,1,2,359.98,144.0,False
22,6222,2020-03-03,3,7,759.75,303.92,False
22,4582,2020-01-14,1,3,269.97,108.0,False
23,6197,2025-07-11,2,4,199.96,80.0,False
23,13095,2025-06-01,2,5,869.95,348.0,False
23,4446,2025-05-28,2,4,349.96,140.0,False
23,3250,2025-05-26,3,6,369.76,147.92,False
23,992,2025-05-06,4,9,1314.91,526.0,True
23,7725,2025-01-29,1,3,209.97,84.0,False
23,1004,2024-11-08,1,2,119.98,48.0,False
23,4813,2024-03-19,4,6,819.85,327.96,True
23,12943,2023-10-18,1,2,99.8,39.92,False
23,8737,2023-06-19,2,2,359.89,143.96,False
23,5269,2023-03-10,1,1,79.99,32.0,False
23,11899,2022-08-24,3,5,1229.95,492.0,False
23,10021,2022-08-03,1,1,149.99,60.0,False
23,13877,2022-08-02,1,2,319.98,128.0,False
23,13958,2022-07-10,3,4,379.78,151.92,True
23,9685,2022-06-30,1,2,159.98,64.0,False
23,5801,2022-05-03,2,4,559.78,223.92,False
23,12604,2022-02-23,1,1,349.99,140.0,False
23,10937,2021-12-15,4,8,1739.74,695.92,False
23,5591,2021-10-01,3,7,359.75,143.92,False
23,11800,2021-08-17,1,1,59.99,24.0,False
23,9470,2020-12-11,2,4,509.96,204.0,False
23,6967,2020-09-26,1,1,119.9,47.96,False
23,11124,2020-08-07,4,7,569.66,227.88,False
23,10326,2020-05-01,2,5,989.68,395.88,False
23,9447,2020-03-24,2,3,419.97,168.0,False
24,11797,2025-02-23,3,5,379.95,152.0,False
24,8198,2024-12-30,1,1,129.99,52.0,False
24,1089,2024-11-21,3,8,279.92,112.0,False
24,3495,2024-05-28,1,1,24.99,10.0,False
24,6754,2024-02-12,1,2,499.98,200.0,False
24,2869,2023-11-28,4,9,819.64,327.88,False
24,7082,2023-05-13,1,3,389.7,155.88,False
24,5902,2023-05-03,1,2,239.8,95.92,False
24,3120,2023-04-19,2,5,569.68,227.88,True
24,2779,2023-03-25,2,5,329.77,131.92,False
24,8778,2023-03-15,1,3,359.97,144.0,False
24,3517,2023-02-01,1,1,129.9,51.96,False
24,13305,2022-10-21,3,6,1419.85,567.96,False
24,3855,2022-02-18,3,5,589.95,236.0,False
24,2783,2021-07-13,1,1,24.99,10.0,False
24,5960,2021-04-17,4,10,839.09,335.64,False
24,11094,2020-12-17,4,4,439.96,176.0,False
24,1273,2020-12-07,1,1,199.9,79.96,False
24,319,2020-11-14,3,8,1069.65,427.88,False
24,3985,2020-04-27,4,7,764.84,305.96,False
24,13042,2020-02-06,3,3,235.88,94.36,False
25,11238,2025-09-05,1,1,119.9,47.96,False
25,9320,2025-07-06,1,1,89.99,36.0,False
25,14681,2025-05-31,4,8,1581.92,632.8,False
25,6743,2025-05-02,3,4,154.69,61.88,False
25,8918,2024-12-18,4,7,369.84,147.96,False
25,986,2024-09-08,3,8,519.74,207.92,False
25,5719,2024-07-25,1,3,299.7,119.88,False
25,14414,2024-06-18,3,6,1439.94,576.0,True
25,7718,2024-06-17,3,8,564.92,226.0,False
25,6705,2023-11-07,3,6,1154.85,461.96,False
25,9881,2023-10-08,1,2,799.98,320.0,False
25,2123,2023-07-25,3,4,409.78,163.92,False
25,6133,2023-07-12,3,7,1199.66,479.88,False
25,11004,2023-07-05,1,3,569.97,228.0,False
25,12525,2023-06-29,1,1,59.99,24.0,False
25,8029,2022-05-23,3,6,514.94,206.0,False
25,5179,2021-11-04,1,1,149.99,60.0,True
25,9696,2021-09-26,2,5,769.77,307.92,False
25,9308,2021-09-14,1,3,164.7,65.88,True
25,13376,2021-09-13,4,5,839.77,335.92,False
25,10382,2021-06-10,1,3,389.7,155.88,False
25,13395,2020-12-15,2,5,1099.77,439.92,False
25,14809,2020-11-30,3,7,719.57,287.84,False
25,4349,2020-11-25,4,10,1414.63,565.88,False
25,12541,2020-11-09,1,2,259.98,104.0,False
25,4488,2020-04-29,4,7,679.66,271.88,False
25,10799,2020-04-09,3,7,959.93,384.0,False
26,109,2025-12-18,3,9,1589.91,636.0,False
26,10741,2025-10-27,2,4,309.87,123.96,False
26,14717,2025-05-08,4,6,1159.76,463.92,False
26,5295,2025-03-31,1,1,34.99,14.0,True
26,3846,2025-02-25,1,1,149.99,60.0,False
26,10768,2024-09-04,4,7,879.75,351.92,False
26,14452,2024-07-15,3,6,374.67,149.88,False
26,6611,2024-06-02,2,6,839.67,335.88,True
26,12124,2024-03-10,1,3,419.97,168.0,False
26,242,2023-10-21,2,3,229.88,91.96,False
26,10810,2023-09-15,2,3,549.7,219.88,False
26,9132,2023-09-11,2,5,549.95,220.0,False
26,13557,2023-08-31,1,2,69.98,28.0,False
26,5566,2023-08-30,4,10,969.63,387.88,False
26,13709,2023-08-14,1,3,1049.97,420.0,False
26,2512,2023-08-06,3,6,949.85,379.96,False
26,9560,2023-05-25,4,8,969.47,387.8,True
26,9478,2022-08-18,4,7,487.84,195.16,False
26,10554,2022-06-04,3,5,434.95,174.0,False
26,2042,2022-05-24,3,6,599.67,239.88,False
26,11600,2022-05-15,3,7,1089.93,436.0,False
26,10834,2022-04-25,4,9,489.46,195.8,False
26,1085,2022-01-05,4,9,1079.64,431.88,True
26,13214,2021-11-12,3,6,739.85,295.96,False
26,7360,2021-04-19,2,4,649.78,259.92,False
26,9971,2020-05-16,3,6,354.94,142.0,False
26,8288,2020-01-14,1,2,599.98,240.0,False
26,3311,2020-01-08,3,9,1739.64,695.88,False
27,4096,2025-10-04,3,5,549.68,219.88,False
27,10264,2025-09-27,4,7,579.84,231.96,False
27,5162,2025-04-24,4,5,304.86,121.96,True
27,3157,2025-02-10,2,5,239.68,95.88,False
27,4479,2025-01-31,2,4,869.87,347.96,False
27,9595,2024-12-05,4,7,669.93,268.0,False
27,4529,2024-08-12,2,6,419.67,167.88,False
27,12936,2024-06-26,2,4,699.96,280.0,False
27,2621,2024-03-24,4,10,919.27,367.72,False
27,8782,2024-03-02,4,9,1429.91,572.0,False
27,2290,2024-02-01,3,6,1649.85,659.96,False
27,9965,2023-11-29,3,5,241.95,96.8,False
27,289,2023-08-06,3,8,1819.92,728.0,False
27,3704,2022-12-26,4,8,799.92,320.0,True
27,9743,2022-02-11,3,4,329.69,131.88,False
27,4358,2022-01-19,1,3,749.97,300.0,False
27,10798,2021-03-01,1,1,129.99,52.0,False
27,13726,2020-08-15,4,5,914.86,365.96,False
27,2647,2020-08-02,3,6,619.85,247.96,False
27,6020,2020-07-01,2,4,279.96,112.0,False
27,2257,2020-05-03,3,6,959.76,383.92,False
28,3238,2025-01-27,4,5,274.86,109.96,False
28,2297,2024-07-18,1,1,59.99,24.0,False
28,4340,2024-07-08,2,2,74.8,29.92,False
28,10285,2024-01-10,2,4,94.96,38.0,False
28,8281,2023-08-11,1,1,149.99,60.0,False
28,9631,2023-05-10,2,4,479.69,191.88,False
28,14360,2022-11-29,1,1,49.99,20.0,False
28,2611,2022-10-16,1,3,179.97,72.0,False
28,5409,2022-09-02,4,10,1174.9,470.0,True
28,11620,2021-12-17,4,6,999.67,399.88,False
28,14797,2021-10-14,1,1,39.9,15.96,False
28,2430,2021-09-04,2,5,739.95,296.0,False
28,4652,2021-08-31,1,2,179.98,72.0,False
28,8159,2021-07-31,1,2,51.98,20.8,False
28,1284,2021-06-07,2,4,139.96,56.0,False
28,9159,2020-08-10,2,5,574.68,229.88,False
28,7937,2020-05-18,1,3,359.7,143.88,False
29,3502,2025-12-25,4,10,404.36,161.76,True
29,108,2025-07-10,3,6,459.85,183.96,False
29,10396,2024-10-02,2,5,259.77,103.92,False
29,590,2024-06-19,2,4,659.96,264.0,True
29,3328,2024-04-23,4,6,679.76,271.92,False
29,6447,2024-03-24,2,3,79.79,31.92,False
29,5733,2023-09-03,3,5,245.95,98.4,False
29,13007,2023-06-15,2,6,1109.94,444.0,False
29,10989,2023-05-11,1,1,49.99,20.0,False
29,12699,2023-03-05,2,2,269.89,107.96,False
29,4945,2022-07-18,1,1,19.99,8.0,False
29,3095,2021-08-07,3,5,579.77,231.92,False
29,4540,2021-06-02,4,8,919.65,367.88,True
29,7062,2021-02-05,3,4,379.87,151.96,False
29,5637,2020-01-08,1,1,79.99,32.0,True
30,9565,2025-01-31,1,3,89.97,36.0,False
30,1377,2024-11-09,1,3,1199.97,480.0,False
30,1986,2024-04-15,2,2,549.98,220.0,False
30,5174,2024-04-04,2,4,409.96,164.0,False
30,6134,2023-12-23,3,5,599.95,240.0,True
30,9701,2023-11-21,3,3,349.88,139.96,False
30,2574,2023-07-23,4,8,529.92,212.0,False
30,14138,2023-06-18,1,3,164.7,65.88,False
30,6326,2023-03-09,4,6,331.85,132.76,False
30,752,2022-12-02,3,6,1629.85,651.96,False
30,8800,2022-11-26,2,5,559.95,224.0,False
30,11709,2022-11-11,4,5,374.77,149.92,False
30,14627,2022-06-17,3,5,489.77,195.92,False
30,14996,2022-02-04,1,2,259.8,103.92,False
30,5238,2021-08-31,4,6,719.76,287.92,False
30,13695,2021-03-29,4,10,719.36,287.76,False
30,9973,2021-01-18,1,2,299.98,120.0,False
30,2268,2020-11-26,2,4,459.78,183.92,False
30,310,2020-09-21,3,5,229.59,91.84,False
31,8248,2025-12-19,2,4,419.96,168.0,False
31,13933,2025-10-18,2,5,349.77,139.92,False
31,11427,2025-09-10,1,2,359.98,144.0,False
31,13048,2025-08-16,1,3,569.97,228.0,False
31,14788,2025-06-04,4,11,709.44,283.8,False
31,8225,2025-01-24,4,7,619.93,248.0,False
31,1127,2024-11-16,1,1,89.99,36.0,False
31,4453,2024-10-05,1,2,49.98,20.0,False
31,1266,2024-07-11,3,4,669.87,267.96,False
31,2597,2024-06-19,4,7,1469.75,587.92,True
31,9629,2024-03-18,4,6,899.67,359.88,False
31,1468,2024-01-30,3,6,639.76,255.92,True
31,921,2023-08-05,4,6,869.49,347.8,False
31,8930,2022-11-26,1,1,89.9,35.96,False
31,1424,2022-11-05,3,6,419.76,167.92,False
31,7286,2022-10-31,3,8,609.92,244.0,False
31,8477,2022-04-16,3,8,1789.47,715.8,False
31,10211,2022-03-15,1,2,69.98,28.0,False
31,1874,2022-01-16,4,8,999.92,400.0,False
31,1940,2021-12-19,2,4,459.69,183.88,False
31,4559,2021-12-19,2,4,399.87,159.96,False
31,14506,2021-09-22,4,7,879.93,352.0,False
31,11955,2021-09-15,2,4,651.96,260.8,False
31,1759,2021-08-30,1,2,119.98,48.0,True
31,947,2021-05-11,1,2,39.98,16.0,False
31,7824,2021-05-01,3,7,569.75,227.92,False
31,14777,2020-04-15,1,2,59.98,24.0,False
32,11805,2025-12-17,4,9,975.91,390.4,True
32,9396,2025-11-15,2,4,899.96,360.0,False
32,11279,2025-10-30,1,2,119.98,48.0,False
32,13466,2025-10-12,3,7,659.48,263.8,False
32,510,2025-08-07,1,3,74.7,29.88,False
32,773,2025-07-01,3,5,179.95,72.0,False
32,13413,2025-02-06,3,7,839.66,335.88,True
32,3073,2025-01-25,2,5,129.95,52.0,False
32,8269,2024-09-10,4,9,753.73,301.52,False
32,206,2024-08-13,2,3,89.79,35.92,False
32,4798,2024-07-28,3,5,619.95,248.0,False
32,13293,2024-07-24,2,6,269.4,107.76,False
32,2366,2023-07-09,4,7,624.84,249.96,False
32,11092,2023-03-03,1,3,899.97,360.0,False
32,6626,2023-02-26,4,8,1559.83,623.96,False
32,3919,2023-01-03,1,1,99.99,40.0,False
32,8181,2022-12-06,1,3,74.97,30.0,False
32,4493,2022-10-17,3,6,299.49,119.8,True
32,10286,2022-08-09,1,1,199.99,80.0,False
32,2368,2022-06-07,1,2,259.98,104.0,False
32,785,2021-12-10,4,8,519.83,207.96,False
32,11123,2021-10-06,4,10,819.63,327.88,False
32,3763,2021-04-15,2,2,259.98,104.0,False
32,855,2020-11-14,2,4,589.87,235.96,False
32,14172,2020-08-29,2,5,589.77,235.92,False
32,11959,2020-08-27,1,1,189.99,76.0,False
32,2423,2020-08-05,2,4,209.6,83.84,True
32,6752,2020-04-11,3,4,309.96,124.0,True
32,8055,2020-03-12,1,1,129.9,51.96,False
33,3206,2025-12-06,1,1,129.9,51.96,False
33,13706,2025-08-27,1,2,49.98,20.0,False
33,2593,2023-11-05,3,6,459.58,183.84,False
33,9638,2023-09-09,4,7,994.66,397.88,False
33,3464,2023-06-06,2,4,145.69,58.28,False
33,7972,2023-05-06,4,5,314.77,125.92,False
33,14731,2023-01-27,3,9,2069.91,828.0,False
33,8312,2022-09-26,4,10,644.63,257.88,False
33,8887,2022-04-04,2,3,469.97,188.0,False
33,4649,2021-10-10,1,1,69.99,28.0,False
33,10035,2021-01-20,4,9,1079.91,432.0,False
33,7545,2020-08-16,2,4,85.96,34.4,False
33,7355,2020-06-12,3,5,489.68,195.88,False
33,11763,2020-03-24,2,4,899.96,360.0,False
33,5657,2020-03-14,4,7,669.66,267.88,False
34,6847,2025-09-16,4,9,1429.91,572.0,False
34,12993,2025-07-20,1,1,129.9,51.96,False
34,1230,2025-03-11,1,1,49.99,20.0,False
34,13328,2025-01-15,3,8,1289.92,516.0,False
34,436,2024-12-26,2,3,189.97,76.0,False
34,6063,2024-09-11,1,3,89.97,36.0,True
34,10266,2024-05-09,1,2,139.8,55.92,False
34,1825,2024-04-25,4,7,1149.75,459.92,False
34,12367,2024-02-06,2,5,699.77,279.92,False
34,8027,2023-09-16,4,8,644.74,257.92,False
34,13348,2023-08-30,1,3,119.7,47.88,False
34,299,2023-06-10,1,1,139.99,56.0,False
34,4600,2023-04-20,3,4,719.87,287.96,False
34,13973,2023-04-17,4,9,1377.91,551.2,False
34,5381,2022-12-13,4,10,1244.63,497.88,False
34,14698,2022-09-07,1,3,269.7,107.88,False
34,7401,2022-06-25,2,4,369.69,147.88,False
34,7314,2022-05-24,2,4,609.96,244.0,False
34,3959,2022-03-23,2,4,579.87,231.96,False
34,6071,2022-01-20,2,2,269.98,108.0,False
34,1354,2021-09-20,2,4,399.78,159.92,False
34,3925,2021-07-18,4,8,1019.65,407.88,False
34,723,2021-07-14,1,3,59.97,24.0,True
34,7665,2020-10-26,1,2,279.98,112.0,False
34,9617,2020-10-24,3,5,989.77,395.92,False
34,7471,2020-06-19,2,4,359.6,143.84,False
34,10958,2020-04-17,3,5,359.77,143.92,False
34,5674,2020-02-10,3,4,289.87,115.96,True
35,14810,2025-11-06,4,8,1249.74,499.92,False
35,6698,2025-10-16,3,5,599.95,240.0,False
35,12335,2025-09-25,4,7,719.39,287.76,False
35,3641,2025-09-22,2,6,839.67,335.88,False
35,8730,2025-07-12,1,3,419.97,168.0,False
35,12286,2025-06-12,1,2,259.8,103.92,False
35,12928,2024-09-17,2,6,869.94,348.0,False
35,4723,2024-07-08,4,11,1109.44,443.8,False
35,14059,2024-06-26,3,4,459.96,184.0,False
35,12932,2024-04-25,1,3,389.7,155.88,False
35,5106,2024-03-21,3,4,189.87,75.96,False
35,1913,2023-12-26,4,5,664.95,266.0,False
35,11453,2023-12-06,2,3,309.97,124.0,False
35,11190,2023-12-01,3,4,405.96,162.4,False
35,13735,2023-09-23,3,8,859.74,343.92,False
35,11349,2023-04-17,2,4,619.78,247.92,False
35,12302,2023-01-28,3,5,499.68,199.88,False
35,950,2022-11-14,1,2,199.98,80.0,False
35,6456,2022-09-19,4,12,1829.61,731.88,False
35,4645,2022-05-06,4,7,1119.93,448.0,True
35,619,2021-08-05,3,7,1029.48,411.8,True
35,11381,2021-01-04,1,2,199.98,80.0,False
36,6371,2025-08-24,2,4,419.96,168.0,False
36,10369,2025-08-05,2,4,419.69,167.88,False
36,13818,2025-05-27,1,2,499.98,200.0,False
36,10160,2025-05-13,1,1,79.99,32.0,False
36,10235,2025-03-24,4,10,831.63,332.68,False
36,1926,2024-05-05,4,10,1379.9,552.0,False
36,10978,2023-11-21,4,6,674.58,269.84,True
36,3733,2023-08-28,2,3,279.97,112.0,False
36,4347,2023-03-28,2,4,99.96,40.0,False
36,6605,2023-02-15,2,2,204.89,81.96,False
36,10364,2022-03-05,2,6,1019.94,408.0,False
36,3877,2021-03-12,2,2,419.98,168.0,True
36,7142,2020-12-31,4,11,2804.89,1122.0,True
36,2934,2020-12-08,4,7,659.66,263.88,False
36,11125,2020-12-03,2,2,89.89,35.96,True
36,7764,2020-11-12,4,8,475.47,190.2,True
36,3394,2020-09-14,1,1,89.99,36.0,False
36,13673,2020-04-13,1,2,199.98,80.0,False
37,3738,2025-12-01,4,9,777.64,311.08,True
37,3595,2025-03-05,2,4,651.96,260.8,False
37,13363,2024-07-22,4,9,1269.82,507.96,False
37,13256,2023-11-27,3,6,359.85,143.96,False
37,5570,2023-06-21,1,2,599.98,240.0,False
37,8728,2023-05-23,2,4,229.96,92.0,False
37,4181,2023-03-04,2,3,509.97,204.0,False
37,2470,2023-02-12,3,5,309.86,123.96,False
37,12833,2023-01-06,2,4,339.96,136.0,False
37,10806,2022-12-02,2,2,419.98,168.0,False
37,4836,2022-07-05,2,3,619.97,248.0,False
37,58,2022-05-10,1,2,139.8,55.92,False
37,4364,2022-01-07,3,7,1239.93,496.0,False
37,3216,2021-08-24,2,4,399.96,160.0,False
37,1414,2020-07-26,4,6,829.67,331.88,False
37,754,2020-01-21,2,5,659.68,263.88,False
37,4094,2020-01-15,4,8,594.29,237.72,True
37,3343,2020-01-11,2,6,1439.67,575.88,False
38,7728,2025-06-11,1,3,299.97,120.0,False
38,2469,2024-10-25,4,8,429.92,172.0,False
38,8956,2024-09-25,2,3,579.79,231.92,False
38,594,2024-09-22,1,3,539.97,216.0,False
38,5677,2024-08-31,1,3,449.97,180.0,False
38,9890,2024-05-16,1,2,79.98,32.0,False
38,6381,2023-11-07,3,7,699.48,279.8,False
38,7906,2023-09-20,1,3,479.97,192.0,False
38,352,2023-07-22,3,6,434.67,173.88,False
38,8960,2023-06-29,1,1,399.99,160.0,False
38,14512,2022-11-01,2,2,309.98,124.0,False
38,5143,2022-10-11,1,3,89.97,36.0,False
38,7932,2022-08-22,2,2,149.89,59.96,True
38,71,2022-05-20,1,3,74.7,29.88,False
38,9510,2022-04-27,2,4,274.96,110.0,True
38,3893,2021-03-17,3,6,609.76,243.92,False
38,14798,2020-12-13,3,6,469.94,188.0,False
38,13269,2020-11-12,1,3,899.97,360.0,False
38,1752,2020-06-29,1,3,389.7,155.88,False
38,14933,2020-01-23,4,9,1689.91,676.0,False
39,12131,2025-04-14,1,3,164.7,65.88,False
39,8590,2024-10-17,2,4,429.69,171.88,False
39,12885,2024-02-03,1,2,49.98,20.0,False
39,8619,2022-02-22,2,5,999.68,399.88,False
39,2351,2022-01-08,3,5,1019.77,407.92,False
39,304,2021-11-02,3,4,344.96,138.0,False
39,1914,2021-06-01,3,5,309.95,124.0,False
39,11023,2020-12-05,1,1,89.99,36.0,False
39,699,2020-08-21,1,3,389.97,156.0,False
39,13226,2020-07-13,4,9,574.28,229.72,False
39,5854,2020-04-03,4,6,389.85,155.96,False
39,13011,2020-03-12,3,6,225.49,90.2,False
40,5438,2025-10-30,3,4,389.78,155.92,True
40,6117,2025-05-07,1,3,149.97,60.0,False
40,4433,2025-04-27,2,4,379.78,151.92,False
40,544,2025-01-20,1,3,449.7,179.88,False
40,14444,2025-01-08,1,1,149.99,60.0,False
40,5493,2024-11-24,3,7,729.75,291.92,False
40,13575,2024-07-15,4,10,819.72,327.92,False
40,8157,2024-05-22,2,2,289.89,115.96,False
40,4314,2024-05-01,2,5,659.95,264.0,False
40,5061,2022-10-11,1,2,179.8,71.92,False
40,2716,2022-08-24,3,7,1499.93,600.0,False
40,9697,2022-04-18,1,2,119.98,48.0,False
40,3347,2020-12-15,4,5,639.86,255.96,False
40,8427,2020-06-20,4,7,964.84,385.96,False
40,8047,2020-02-18,3,5,569.77,227.92,False
41,10426,2024-01-26,4,8,969.74,387.92,False
41,4952,2023-11-29,1,1,24.9,9.96,True
41,11275,2023-09-07,3,9,1109.37,443.76,False
41,6205,2023-07-11,3,6,399.85,159.96,False
41,12575,2023-03-27,2,5,749.95,300.0,False
41,6624,2022-10-29,2,2,69.89,27.96,False
41,9988,2022-07-25,3,8,459.65,183.88,False
41,2260,2022-03-23,4,8,739.56,295.84,False
41,1058,2021-10-31,1,2,39.98,16.0,False
41,6274,2021-06-13,2,4,429.96,172.0,False
41,3825,2021-04-16,2,4,429.6,171.84,False
41,9756,2021-02-16,3,6,679.85,271.96,False
41,7005,2020-12-07,2,4,369.96,148.0,False
41,12264,2020-10-03,1,2,399.8,159.92,False
42,13713,2025-12-21,4,8,594.38,237.76,False
42,6469,2025-12-01,1,1,99.9,39.96,False
42,10581,2025-08-15,1,3,479.97,192.0,False
42,14735,2025-08-09,3,6,659.85,263.96,False
42,3401,2025-08-07,1,2,299.98,120.0,True
42,12420,2025-01-30,2,4,299.96,120.0,False
42,13347,2024-11-30,1,3,119.7,47.88,False
42,12075,2024-11-25,2,2,319.98,128.0,False
42,7853,2024-10-29,3,6,889.94,356.0,False
42,1244,2024-07-14,2,6,599.67,239.88,False
42,11153,2024-06-27,4,6,689.94,276.0,False
42,12450,2024-01-18,3,5,154.86,61.96,False
42,10073,2023-09-13,3,6,384.76,153.92,False
42,6471,2023-09-01,4,4,609.87,243.96,False
42,6340,2023-03-05,2,3,289.79,115.92,False
42,1430,2023-02-08,2,3,139.97,56.0,False
42,11423,2023-01-30,3,6,539.67,215.88,False
42,8138,2022-12-24,4,8,819.83,327.96,False
42,8886,2022-09-13,3,5,379.59,151.84,False
42,2499,2022-01-08,2,2,144.8,57.92,False
42,14876,2022-01-04,3,6,559.85,223.96,True
42,1946,2021-11-12,4,8,559.92,224.0,True
42,7868,2021-11-12,3,5,739.68,295.88,False
42,11705,2020-08-03,2,4,389.96,156.0,False
42,14634,2020-07-26,3,6,259.58,103.84,False
43,878,2025-11-17,4,10,739.45,295.8,False
43,14001,2025-07-29,1,2,379.98,152.0,True
43,5714,2025-06-07,1,2,239.8,95.92,True
43,5151,2025-02-08,3,7,394.57,157.84,False
43,4028,2024-10-06,1,1,29.99,12.0,False
43,14386,2024-09-16,2,6,449.94,180.0,False
43,11677,2024-01-28,3,7,447.84,179.16,False
43,6066,2023-11-28,2,6,869.67,347.88,False
43,6103,2023-11-16,3,5,719.95,288.0,False
43,10710,2023-11-15,3,6,809.94,324.0,False
43,7009,2023-09-11,2,4,459.96,184.0,False
43,12100,2023-07-11,2,5,349.5,139.8,True
43,10315,2023-06-18,3,8,959.92,384.0,False
43,13904,2023-06-17,1,2,139.8,55.92,False
43,8694,2023-03-24,2,3,259.97,104.0,False
43,14496,2023-03-06,1,1,25.99,10.4,False
43,8220,2023-02-17,1,3,179.97,72.0,False
43,14304,2022-09-16,3,4,574.96,230.0,False
43,1896,2022-09-06,1,1,129.99,52.0,False
43,5780,2021-08-28,2,5,649.68,259.88,False
43,11013,2021-08-14,4,6,514.67,205.88,False
43,14189,2021-07-31,2,4,509.69,203.88,False
43,5567,2020-09-14,2,6,1259.67,503.88,False
43,9047,2020-08-02,1,3,389.97,156.0,False
43,11052,2020-05-18,3,6,529.94,212.0,False
44,8626,2025-07-21,2,6,749.94,300.0,True
44,11605,2025-07-05,4,8,499.56,199.84,False
44,5460,2025-06-08,3,6,759.94,304.0,False
44,10884,2025-03-14,1,1,25.99,10.4,False
44,7607,2025-01-18,1,3,239.97,96.0,False
44,4276,2025-01-11,4,9,779.73,311.92,False
44,12509,2024-07-20,3,6,519.49,207.8,False
44,5792,2024-06-14,3,7,1339.84,535.96,False
44,13411,2024-01-11,4,8,1969.65,787.88,False
44,12071,2024-01-08,4,6,679.76,271.92,False
44,8221,2023-09-05,3,9,422.64,169.08,False
44,12110,2023-01-28,2,3,299.79,119.92,False
44,11670,2022-11-02,3,5,1099.95,440.0,False
44,13409,2022-10-19,3,4,539.96,216.0,False
44,11855,2022-03-22,2,3,269.97,108.0,False
44,10936,2021-09-29,3,5,824.95,330.0,False
44,363,2021-08-06,4,7,629.57,251.84,False
44,2352,2021-05-31,3,7,759.66,303.88,False
44,7151,2021-05-30,3,7,1044.57,417.84,False
44,10988,2021-05-15,2,4,224.96,90.0,False
44,586,2021-03-28,2,3,279.88,111.96,False
44,5009,2021-03-03,3,6,549.67,219.88,True
44,8672,2020-09-18,2,6,464.67,185.88,False
44,14739,2020-02-29,2,4,209.87,83.96,False
45,7054,2025-11-25,1,1,24.99,10.0,False
45,4031,2025-09-27,1,3,569.97,228.0,False
45,2063,2025-09-25,4,9,1009.91,404.0,False
45,1764,2025-08-23,3,5,389.68,155.88,False
45,12832,2025-04-12,1,2,119.98,48.0,False
45,14821,2025-03-19,1,2,179.98,72.0,False
45,8398,2025-01-26,1,1,89.99,36.0,False
45,302,2024-05-18,3,5,839.95,336.0,False
45,703,2024-04-16,3,4,319.78,127.92,False
45,584,2023-05-29,2,3,274.79,109.92,False
45,10320,2023-03-29,4,9,1439.91,576.0,False
45,13410,2023-03-22,3,6,199.67,79.88,False
45,14714,2022-02-20,4,10,839.63,335.88,False
45,1028,2022-02-16,2,2,349.98,140.0,False
45,1929,2022-02-11,3,8,1079.65,431.88,False
45,580,2021-05-13,3,6,1499.85,599.96,False
45,3152,2021-05-06,1,2,359.98,144.0,False
45,12890,2021-02-21,2,3,259.97,104.0,False
45,2206,2021-02-09,1,3,389.97,156.0,False
45,2521,2020-07-26,1,2,139.98,56.0,False
45,3441,2020-06-06,2,4,1219.96,488.0,False
46,11649,2025-12-29,2,4,589.96,236.0,False
46,1394,2025-11-07,4,9,2249.64,899.88,False
46,8890,2025-08-21,2,4,659.87,263.96,True
46,7248,2025-06-04,4,7,719.93,288.0,False
46,14773,2025-06-01,1,3,1049.97,420.0,False
46,10578,2024-07-04,1,3,1199.97,480.0,False
46,3548,2024-04-24,2,4,579.78,231.92,False
46,5727,2024-01-24,2,3,409.97,164.0,False
46,14008,2023-09-20,3,6,1019.67,407.88,False
46,6909,2023-08-30,4,7,639.75,255.92,True
46,8333,2023-07-11,2,3,134.97,54.0,True
46,14508,2023-06-25,4,8,1279.92,512.0,False
46,5845,2022-07-26,2,5,749.77,299.92,False
46,3139,2022-07-16,3,6,819.94,328.0,False
46,10183,2022-04-29,1,1,99.9,39.96,False
46,6634,2022-02-07,1,2,119.98,48.0,False
46,9146,2021-10-03,3,5,259.68,103.88,False
46,9813,2021-07-16,3,6,729.49,291.8,False
46,3536,2020-09-05,4,10,1174.63,469.88,False
46,7093,2020-03-07,4,8,969.92,388.0,False
47,648,2025-11-24,1,2,499.98,200.0,False
47,9393,2025-09-29,4,4,299.69,119.88,False
47,13727,2024-12-20,4,7,779.84,311.96,False
47,336,2024-11-06,2,2,239.98,96.0,False
47,10935,2024-06-24,2,4,799.78,319.92,False
47,9006,2023-12-22,4,6,334.94,134.0,True
47,11166,2023-11-29,4,7,659.66,263.88,False
47,895,2023-04-28,3,7,1389.57,555.84,False
47,224,2023-04-20,2,5,1349.95,540.0,False
47,8014,2023-04-15,2,4,179.78,71.92,False
47,14707,2023-03-02,1,2,99.8,39.92,False
47,2654,2022-10-29,3,7,549.57,219.84,False
47,10512,2022-02-25,1,3,569.97,228.0,False
47,9525,2021-07-30,2,2,259.89,103.96,False
47,14581,2021-06-01,4,8,1529.74,611.92,False
47,3215,2021-01-21,1,1,199.9,79.96,False
47,10115,2020-12-20,3,7,1619.93,648.0,False
47,2669,2020-04-12,4,8,439.74,175.92,True
47,3615,2020-04-01,4,6,869.94,348.0,False
47,1283,2020-03-01,4,8,749.2,299.68,False
47,3607,2020-02-19,1,2,239.8,95.92,False
48,13274,2025-03-08,2,2,54.98,22.0,False
48,14723,2025-03-01,3,5,414.86,165.96,False
48,2976,2024-04-07,4,8,879.29,351.72,False
48,4485,2024-03-12,3,7,369.93,148.0,False
48,9281,2024-03-10,3,5,479.95,192.0,False
48,2121,2023-03-15,2,6,779.67,311.88,False
48,1062,2023-02-11,1,1,59.99,24.0,False
48,18,2023-02-08,1,3,74.7,29.88,False
48,9544,2022-08-30,1,2,299.8,119.92,False
48,3596,2022-08-28,1,2,49.98,20.0,False
48,14791,2022-08-02,1,3,299.97,120.0,False
48,2305,2021-06-01,2,5,549.95,220.0,False
48,2106,2021-05-19,4,9,909.64,363.88,True
48,13294,2021-04-17,4,9,784.91,314.0,False
48,8473,2020-12-13,2,6,659.67,263.88,False
48,1234,2020-11-25,1,2,199.8,79.92,False
48,11203,2020-09-24,1,1,49.99,20.0,False
48,13766,2020-05-06,4,9,1009.73,403.92,True
48,1857,2020-04-29,4,8,1079.74,431.92,False
49,4553,2025-06-30,2,4,209.96,84.0,False
49,11992,2025-05-30,2,5,419.77,167.92,False
49,1722,2025-05-08,2,5,334.68,133.88,True
49,11433,2025-02-08,3,5,649.86,259.96,False
49,13386,2024-11-01,1,3,389.7,155.88,False
49,3981,2024-01-08,4,8,1009.47,403.8,False
49,8039,2023-12-09,4,9,894.64,357.88,False
49,14157,2023-09-28,3,4,424.78,169.92,False
49,12015,2023-07-05,2,6,1139.94,456.0,False
49,4590,2023-06-23,4,8,899.74,359.92,False
49,6425,2023-01-21,3,5,589.95,236.0,False
49,2672,2022-11-06,1,1,149.99,60.0,False
49,9820,2022-09-28,3,6,719.76,287.92,False
49,3240,2022-05-31,1,3,389.97,156.0,False
49,14631,2022-01-24,3,7,709.93,284.0,False
49,13141,2021-02-23,3,5,289.68,115.88,False
49,5352,2020-12-28,1,3,389.7,155.88,False
49,12736,2020-11-04,1,3,239.97,96.0,False
49,14570,2020-10-09,4,10,1899.9,760.0,False
49,3037,2020-07-13,2,4,479.96,192.0,False
49,11490,2020-01-12,2,3,359.79,143.92,False
50,3684,2025-09-12,3,5,939.86,375.96,False
50,3727,2025-06-26,4,6,739.58,295.84,False
50,7966,2024-12-11,4,7,284.84,113.96,False
50,6725,2024-11-13,4,9,1709.73,683.92,False
50,14756,2024-07-02,3,8,1639.92,656.0,False
50,5648,2024-05-11,4,8,674.56,269.84,True
50,14355,2024-01-02,4,8,574.74,229.92,True
50,12690,2023-09-13,1,3,239.97,96.0,False
50,1246,2023-02-04,3,8,519.38,207.76,False
50,12240,2022-09-26,1,1,99.9,39.96,False
50,2705,2022-01-16,1,1,49.99,20.0,False
50,7895,2021-09-22,3,5,599.95,240.0,True
50,3097,2021-08-25,3,6,339.94,136.0,True
50,8289,2021-04-16,1,2,499.98,200.0,False
50,12886,2021-03-03,4,8,1524.65,609.88,False
50,11856,2020-06-19,4,6,699.94,280.0,False
50,4428,2020-06-18,4,8,339.92,136.0,False
50,6195,2020-05-14,4,8,927.83,371.16,False
51,11839,2025-09-25,2,4,594.96,238.0,False
51,4221,2025-06-23,4,9,649.91,260.0,False
51,12859,2025-05-14,4,5,1009.95,404.0,True
51,795,2023-12-17,2,5,159.68,63.88,True
51,10828,2023-07-04,1,2,599.98,240.0,False
51,14710,2023-06-04,2,4,609.87,243.96,False
51,13054,2022-11-06,2,2,249.89,99.96,False
51,5836,2022-10-30,2,3,439.97,176.0,True
51,2978,2022-05-27,3,4,214.69,85.88,True
51,11895,2022-02-26,4,8,1089.83,435.96,False
51,7899,2021-06-07,1,2,399.98,160.0,False
51,1181,2021-01-14,3,5,555.68,222.28,False
51,176,2020-12-25,2,4,669.6,267.84,False
51,14097,2020-12-04,2,6,329.94,132.0,False
51,6988,2020-11-26,1,1,89.99,36.0,False
51,450,2020-08-04,2,5,339.95,136.0,False
51,3330,2020-06-16,3,6,459.94,184.0,False
51,9929,2020-02-17,3,5,374.68,149.88,False
52,10687,2025-10-20,4,7,1285.93,514.4,False
52,6007,2025-09-29,1,3,389.97,156.0,False
52,1712,2025-05-19,2,4,219.96,88.0,False
52,4642,2025-03-09,2,3,629.97,252.0,False
52,12970,2024-07-11,4,8,1099.65,439.88,False
52,8083,2024-06-13,1,2,299.98,120.0,False
52,12739,2023-09-04,1,1,129.9,51.96,False
52,12010,2023-07-11,3,3,479.79,191.92,True
52,1982,2022-09-26,1,3,389.97,156.0,False
52,12092,2022-08-12,3,5,449.68,179.88,False
52,2289,2022-06-16,2,3,654.88,261.96,False
52,4118,2022-05-23,3,6,2099.94,840.0,False
52,5085,2022-02-06,3,5,1549.95,620.0,False
52,13662,2021-10-19,4,7,769.66,307.88,False
52,3778,2020-10-26,3,7,597.93,239.2,False
52,2819,2020-10-22,2,3,59.97,24.0,False
53,3613,2025-05-26,2,5,254.95,102.0,False
53,3189,2024-08-19,3,6,1154.85,461.96,False
53,746,2024-05-24,1,1,399.99,160.0,True
53,4865,2024-04-04,2,3,529.97,212.0,False
53,13636,2024-01-11,4,8,1259.92,504.0,False
53,3529,2023-11-13,3,9,1067.64,427.08,False
53,11174,2023-09-14,3,9,899.64,359.88,False
53,2234,2023-09-02,2,6,689.67,275.88,True
53,14955,2023-08-08,3,6,619.76,247.92,False
53,5966,2023-07-23,2,5,1379.95,552.0,False
53,4732,2023-05-02,1,2,299.8,119.92,False
53,9532,2023-03-30,2,4,939.96,376.0,False
53,3711,2023-02-26,3,5,689.77,275.92,False
53,645,2022-12-05,1,1,59.99,24.0,False
53,2308,2022-10-24,4,8,1269.65,507.88,False
53,626,2022-07-13,1,3,479.97,192.0,False
53,10377,2022-06-25,3,6,484.58,193.84,False
53,3214,2022-05-26,1,3,239.97,96.0,False
53,6037,2022-04-01,4,5,284.86,113.96,False
53,12132,2021-12-18,1,1,79.99,32.0,False
53,8033,2021-06-29,3,5,339.86,135.96,False
53,8299,2021-05-02,1,3,449.7,179.88,False
53,9761,2020-10-27,4,10,2029.54,811.84,False
53,392,2020-08-20,4,9,1259.64,503.88,True
53,7406,2020-08-11,1,1,39.9,15.96,False
53,5888,2020-03-05,1,2,599.98,240.0,False
54,4934,2025-05-25,3,6,304.85,121.96,False
54,12194,2025-03-19,2,4,409.69,163.88,False
54,11025,2024-06-04,2,6,269.67,107.88,True
54,1934,2024-03-13,4,7,684.75,273.92,False
54,264,2024-01-09,1,3,119.7,47.88,True
54,4088,2022-12-03,1,3,899.97,360.0,False
54,4991,2022-10-31,2,4,145.96,58.4,False
54,7891,2022-10-27,2,6,629.94,252.0,False
54,13414,2022-03-05,4,8,939.74,375.92,False
54,12410,2021-08-02,3,5,314.86,125.96,False
54,13860,2021-02-16,2,5,529.68,211.88,False
54,2963,2020-12-28,2,3,99.97,40.0,False
54,1335,2020-04-15,1,2,119.98,48.0,True
54,2997,2020-03-20,1,1,189.99,76.0,False
55,10044,2025-07-13,4,9,1239.64,495.88,True
55,2746,2024-10-19,4,6,809.67,323.88,True
55,7676,2024-02-24,1,1,179.99,72.0,False
55,10495,2024-01-04,4,6,424.76,169.92,False
55,3563,2023-03-18,1,3,899.97,360.0,False
55,8111,2021-12-27,3,7,769.93,308.0,False
55,4686,2021-12-05,2,4,359.78,143.92,False
55,11359,2021-11-19,3,7,1029.93,412.0,False
55,5540,2021-11-02,4,10,609.54,243.84,False
55,3327,2021-05-08,1,3,74.7,29.88,False
55,7956,2021-04-17,2,4,919.96,368.0,False
55,9395,2020-08-15,4,11,1084.08,433.64,False
55,11477,2020-01-09,4,8,879.65,351.88,True
56,2150,2025-10-23,3,4,459.87,183.96,False
56,11397,2025-07-13,1,2,199.98,80.0,False
56,14451,2025-04-13,3,5,259.77,103.92,False
56,11050,2024-09-23,4,10,1199.09,479.64,False
56,14837,2024-07-17,2,4,539.96,216.0,False
56,8219,2024-05-16,2,5,469.77,187.92,False
56,5226,2024-01-01,4,8,859.92,344.0,False
56,360,2023-09-12,4,8,1189.74,475.92,False
56,4823,2023-06-17,3,8,969.92,388.0,False
56,5668,2022-10-01,4,7,644.84,257.96,False
56,10520,2022-07-23,4,9,649.91,260.0,True
56,8142,2022-04-14,2,3,249.79,99.92,False
56,11506,2022-01-31,2,6,539.94,216.0,False
56,5007,2022-01-21,3,5,225.95,90.4,False
56,8326,2021-09-07,3,7,771.66,308.68,False
56,7902,2021-06-30,3,6,399.76,159.92,False
56,11297,2020-11-22,1,1,119.99,48.0,False
56,1038,2020-10-02,3,6,609.76,243.92,False
56,9604,2020-07-13,3,6,709.67,283.88,False
57,13402,2025-05-18,3,4,109.87,43.96,False
57,357,2025-05-06,2,3,329.7,131.88,True
57,6991,2025-04-29,1,2,499.98,200.0,False
57,5117,2025-03-10,3,3,389.88,155.96,False
57,839,2025-03-04,3,7,929.66,371.88,False
57,422,2024-11-15,4,5,671.95,268.8,False
57,2446,2024-04-26,1,3,749.97,300.0,False
57,5783,2024-04-04,3,5,564.86,225.96,False
57,1968,2024-01-29,1,3,299.7,119.88,False
57,3899,2024-01-20,1,2,239.8,95.92,False
57,9997,2023-12-25,2,4,639.96,256.0,False
57,14743,2023-08-15,1,1,159.99,64.0,False
57,6936,2023-05-09,2,4,499.96,200.0,False
57,7930,2023-04-18,4,8,1029.56,411.84,True
57,3591,2022-08-28,3,3,489.97,196.0,False
57,2442,2022-06-17,4,9,599.73,239.92,False
57,8013,2021-12-14,1,3,77.97,31.2,True
57,11040,2021-09-11,4,7,709.93,284.0,False
57,2988,2021-07-14,3,8,659.92,264.0,False
57,9665,2020-12-12,1,1,199.99,80.0,False
57,11792,2020-10-18,4,12,1079.88,432.0,True
57,6741,2020-07-03,4,6,909.94,364.0,False
57,13907,2020-04-28,3,4,699.78,279.92,True
58,9376,2025-10-12,3,5,484.68,193.88,False
58,10427,2025-09-12,1,2,49.8,19.92,True
58,3433,2024-12-10,4,7,519.75,207.92,False
58,2465,2024-12-05,4,7,669.93,268.0,False
58,14835,2024-12-04,2,4,839.96,336.0,False
58,2380,2024-10-02,4,9,1114.46,445.8,True
58,993,2024-07-15,1,3,599.97,240.0,False
58,4114,2024-05-12,3,5,629.68,251.88,False
58,1241,2024-05-10,2,4,1219.96,488.0,False
58,10600,2023-09-30,1,3,164.7,65.88,False
58,3623,2023-04-28,2,2,169.8,67.92,False
58,12617,2023-03-10,1,1,199.99,80.0,False
58,14789,2023-02-08,1,3,359.7,143.88,False
58,7951,2022-09-19,2,4,259.87,103.96,False
58,4246,2022-07-06,1,3,269.97,108.0,False
58,12221,2022-01-31,1,3,389.97,156.0,False
58,14092,2021-10-21,3,6,1004.94,402.0,False
58,1495,2021-08-29,2,2,199.89,79.96,False
58,10465,2021-07-28,2,2,329.98,132.0,False
58,6550,2021-06-08,3,6,239.85,95.96,True
58,2052,2021-05-23,3,6,449.76,179.92,False
58,6200,2021-05-16,1,2,119.98,48.0,False
58,1398,2021-04-22,2,2,379.89,151.96,False
58,11539,2021-02-07,4,9,589.55,235.84,False
58,13320,2021-01-30,4,10,977.63,391.08,True
58,13281,2020-06-23,4,9,921.46,368.6,False
58,7616,2020-06-10,1,3,239.97,96.0,False
58,12556,2020-02-09,1,1,139.99,56.0,False
59,11139,2025-05-11,4,5,554.68,221.88,False
59,2494,2025-05-02,4,8,659.74,263.92,False
59,13343,2025-04-03,3,6,849.76,339.92,False
59,8594,2024-10-19,4,6,339.94,136.0,False
59,6872,2024-08-30,1,1,349.99,140.0,False
59,10716,2024-08-10,3,5,289.95,116.0,False
59,11142,2024-05-29,2,4,239.78,95.92,False
59,12906,2024-05-20,4,11,1499.71,599.92,False
59,14966,2023-12-29,4,7,486.93,194.8,True
59,1195,2023-08-22,1,1,29.99,12.0,False
59,3758,2023-07-20,1,3,74.97,30.0,False
59,13461,2023-02-14,3,6,1009.58,403.84,False
59,1091,2021-11-28,4,10,1049.9,420.0,False
59,2300,2021-11-03,4,8,1239.74,495.92,False
59,6480,2021-06-05,3,8,1339.47,535.8,False
59,14555,2021-02-08,3,6,699.85,279.96,False
59,8140,2020-12-23,3,6,449.67,179.88,False
59,13278,2020-10-04,3,6,839.85,335.96,False
59,13326,2020-07-05,1,1,99.99,40.0,True
59,5847,2020-05-29,4,11,1064.62,425.88,False
59,10597,2020-03-09,2,4,449.96,180.0,False
60,1904,2025-12-28,1,3,539.97,216.0,False
60,9051,2025-11-01,1,2,199.8,79.92,False
60,5921,2025-05-23,3,5,349.77,139.92,False
60,12872,2024-09-28,2,2,449.98,180.0,False
60,7214,2024-08-12,1,2,159.98,64.0,False
60,4192,2024-06-05,2,4,439.69,175.88,False
60,1979,2024-03-22,2,4,294.96,118.0,False
60,1027,2023-11-27,4,10,944.54,377.84,False
60,9717,2023-10-22,2,5,549.95,220.0,True
60,14721,2023-07-07,1,1,49.9,19.96,False
60,5043,2023-03-01,1,3,119.97,48.0,False
60,5119,2022-10-28,1,2,159.98,64.0,False
60,11280,2022-09-25,2,4,389.96,156.0,False
60,3587,2022-08-04,3,7,624.66,249.88,False
60,5264,2022-06-22,2,5,539.68,215.88,False
60,11976,2022-05-12,3,7,869.93,348.0,False
60,4841,2021-10-02,2,4,899.96,360.0,False
60,9135,2021-01-30,1,2,499.98,200.0,False
60,12903,2020-11-04,2,5,459.68,183.88,False
60,12313,2020-07-08,3,4,429.96,172.0,True
60,11891,2020-04-14,4,8,1319.65,527.88,False
60,10897,2020-04-07,1,3,359.97,144.0,False
61,4155,2025-10-10,2,2,299.98,120.0,False
61,1950,2025-04-06,4,9,1304.64,521.88,False
61,13434,2024-07-02,1,3,389.7,155.88,False
61,4086,2023-12-30,1,3,239.97,96.0,False
61,7331,2023-11-24,4,8,2304.83,921.96,False
61,5380,2023-04-02,3,5,329.59,131.84,True
61,12696,2023-03-31,3,5,599.68,239.88,True
61,11507,2023-01-10,3,4,609.69,243.88,False
61,13604,2023-01-08,3,4,919.96,368.0,False
61,13778,2022-07-16,2,2,379.98,152.0,False
61,3008,2021-10-04,3,7,649.48,259.8,False
61,2155,2021-09-28,3,7,1315.93,526.4,False
61,730,2021-05-21,3,5,454.77,181.92,False
61,13276,2021-03-18,1,1,89.99,36.0,False
61,6959,2020-03-22,3,4,369.78,147.92,False
62,12601,2025-12-14,1,1,49.99,20.0,False
62,2520,2025-10-03,2,6,869.67,347.88,False
62,6951,2025-09-13,1,3,119.97,48.0,False
62,3072,2025-08-31,2,3,539.97,216.0,True
62,10862,2025-06-11,1,1,399.99,160.0,False
62,7280,2025-05-06,1,1,129.9,51.96,False
62,11122,2025-04-13,2,2,179.98,72.0,False
62,4400,2025-03-11,4,6,1059.67,423.88,True
62,11844,2025-02-21,1,3,599.97,240.0,False
62,14637,2024-05-14,2,3,179.97,72.0,False
62,1672,2023-12-09,3,4,419.6,167.84,False
62,10961,2023-11-13,3,7,679.66,271.88,False
62,13633,2023-07-07,4,6,829.67,331.88,False
62,9156,2022-11-13,2,4,799.96,320.0,False
62,2989,2022-05-09,1,2,49.98,20.0,False
62,7224,2022-03-13,3,8,659.47,263.8,False
62,4459,2022-01-31,2,6,809.67,323.88,False
62,12385,2021-11-24,2,3,499.97,200.0,False
62,14495,2021-07-27,2,4,249.96,100.0,False
62,9702,2021-01-08,4,7,541.66,216.68,False
62,294,2020-01-21,2,2,439.98,176.0,False
63,7750,2025-12-09,3,7,519.3,207.72,False
63,2183,2025-11-13,3,7,699.57,279.84,False
63,3544,2025-09-25,2,4,569.87,227.96,False
63,826,2025-04-26,3,7,759.93,304.0,False
63,1625,2025-03-07,3,5,564.95,226.0,False
63,7790,2024-11-12,2,4,349.6,139.84,False
63,14923,2024-09-27,4,9,1369.46,547.8,False
63,213,2024-07-17,2,4,409.96,164.0,False
63,2034,2024-07-11,4,5,279.86,111.96,False
63,14847,2024-03-22,1,2,49.98,20.0,False
63,8078,2023-02-14,3,6,619.76,247.92,False
63,12965,2022-11-21,2,4,459.96,184.0,False
63,13360,2022-10-14,1,1,39.9,15.96,False
63,7624,2022-10-05,2,3,249.97,100.0,False
63,2537,2021-12-20,1,2,119.98,48.0,False
63,397,2021-10-15,4,8,1014.83,405.96,False
63,9942,2021-08-04,2,3,249.79,99.92,False
63,5459,2021-06-21,3,7,869.66,347.88,False
63,5450,2021-05-06,4,8,899.92,360.0,True
63,5404,2021-03-29,2,5,489.77,195.92,False
63,4450,2021-02-17,3,7,1039.66,415.88,False
63,9076,2021-02-10,2,6,914.67,365.88,False
64,2599,2025-08-23,4,8,1589.56,635.84,False
64,444,2025-05-26,2,5,339.68,135.88,False
64,7792,2024-12-12,2,5,409.95,164.0,False
64,10318,2024-07-23,3,6,749.85,299.96,False
64,12703,2024-07-18,3,5,719.77,287.92,True
64,5084,2024-05-06,3,7,529.66,211.88,False
64,11603,2023-09-08,1,1,99.99,40.0,False
64,13453,2023-07-23,4,8,602.83,241.16,True
64,9575,2023-07-05,1,3,149.97,60.0,False
64,8048,2023-06-07,1,1,199.99,80.0,False
64,9328,2023-03-05,3,5,354.95,142.0,False
64,6002,2023-01-16,4,9,1214.64,485.88,False
64,12915,2023-01-05,4,5,639.86,255.96,False
64,4761,2022-10-14,1,2,179.98,72.0,False
64,5695,2022-06-01,3,5,469.5,187.8,False
64,2592,2022-02-14,4,8,689.47,275.8,True
64,2329,2021-10-14,2,5,569.68,227.88,False
64,11338,2021-01-01,3,3,479.7,191.88,False
64,8280,2020-12-27,4,6,1124.85,449.96,False
64,3682,2020-09-21,4,10,769.81,307.96,True
64,1482,2020-06-29,1,2,79.8,31.92,False
64,13080,2020-06-08,3,8,574.74,229.92,False
65,12159,2024-09-06,3,6,529.58,211.84,True
65,8310,2024-06-25,1,3,77.97,31.2,False
65,8951,2024-06-21,4,8,694.83,277.96,False
65,14178,2024-01-30,1,3,599.97,240.0,False
65,1199,2022-12-29,1,1,149.99,60.0,False
65,9659,2022-09-22,1,2,599.98,240.0,False
65,12464,2022-09-19,2,4,1224.96,490.0,False
65,7244,2022-01-04,3,9,899.37,359.76,False
65,5948,2021-12-31,3,5,739.86,295.96,False
65,6858,2021-10-16,4,9,844.64,337.88,False
65,6844,2021-08-14,3,7,1439.66,575.88,False
65,3246,2021-06-27,4,7,1079.84,431.96,False
65,5291,2021-04-06,4,10,949.9,380.0,False
65,12591,2020-12-29,4,7,579.75,231.92,False
65,180,2020-09-07,3,7,897.93,359.2,False
65,4746,2020-08-29,1,1,149.99,60.0,False
65,4099,2020-07-13,1,2,179.8,71.92,False
65,2250,2020-04-25,2,6,959.94,384.0,False
65,5307,2020-02-29,3,6,709.58,283.84,False
66,3184,2025-09-19,2,4,479.78,191.92,False
66,4779,2025-07-18,4,7,1299.84,519.96,False
66,719,2025-03-21,4,11,1319.44,527.8,False
66,9493,2025-03-21,1,2,99.98,40.0,False
66,5282,2023-02-15,4,10,864.36,345.76,True
66,8821,2022-10-22,4,9,1449.46,579.8,False
66,14786,2022-07-22,3,5,649.86,259.96,False
66,5707,2022-05-15,4,9,1169.46,467.8,True
66,6358,2021-12-09,1,1,399.99,160.0,False
66,7128,2021-11-24,4,5,469.5,187.8,False
66,1930,2021-11-06,3,4,579.78,231.92,True
66,14103,2020-11-15,2,5,199.95,80.0,False
66,7018,2020-09-11,1,1,89.99,36.0,False
66,5397,2020-09-09,2,4,139.69,55.88,False
66,9978,2020-04-24,1,1,139.99,56.0,False
67,1947,2025-10-03,4,7,1349.84,539.96,False
67,8268,2025-04-25,2,2,169.98,68.0,False
67,10579,2024-11-14,3,6,1119.67,447.88,False
67,12308,2024-06-25,3,7,359.93,144.0,False
67,3934,2024-05-25,2,5,1199.95,480.0,False
67,7806,2024-02-11,3,6,819.67,327.88,False
67,30,2024-01-30,2,4,124.6,49.84,True
67,6207,2023-09-10,1,1,79.99,32.0,False
67,4568,2023-02-19,3,7,314.75,125.92,True
67,3103,2022-05-24,4,8,897.83,359.16,True
67,5924,2022-01-12,1,2,399.98,160.0,False
67,14885,2021-12-15,2,3,619.97,248.0,False
67,4765,2021-11-11,3,6,839.94,336.0,False
67,10413,2021-10-24,2,3,119.79,47.92,False
67,14179,2021-08-25,2,5,334.95,134.0,False
67,6703,2021-04-07,4,9,1069.19,427.68,True
67,12370,2021-04-07,1,3,119.97,48.0,False
67,11795,2020-05-20,2,4,219.87,87.96,False
67,10565,2020-03-20,3,7,474.57,189.84,True
67,2393,2020-03-05,3,5,339.68,135.88,False
68,13560,2025-06-01,2,2,45.98,18.4,True
68,9113,2024-05-26,4,8,1389.65,555.88,False
68,12176,2023-11-21,1,1,149.99,60.0,False
68,9649,2022-09-13,2,2,169.98,68.0,False
68,14625,2022-06-20,2,6,539.67,215.88,False
68,9563,2022-02-08,3,8,879.47,351.8,False
68,13079,2021-06-02,4,7,909.93,364.0,False
68,8337,2021-01-17,3,5,1249.95,500.0,False
68,9250,2020-12-29,3,4,234.78,93.92,True
68,741,2020-08-12,2,5,529.95,212.0,True
68,3281,2020-07-19,1,1,89.99,36.0,False
68,14492,2020-07-08,1,2,299.98,120.0,False
69,14693,2025-11-27,1,1,39.9,15.96,False
69,4491,2025-11-15,2,4,229.87,91.96,False
69,1552,2025-11-12,1,3,299.7,119.88,False
69,5718,2025-06-16,4,7,761.93,304.8,False
69,5332,2025-03-15,4,8,1379.83,551.96,True
69,10509,2025-03-11,2,4,139.78,55.92,False
69,5909,2024-12-03,2,2,89.89,35.96,False
69,11667,2024-06-02,4,4,509.78,203.92,False
69,4549,2024-05-01,3,7,865.93,346.4,False
69,1072,2024-02-14,1,1,49.9,19.96,False
69,13621,2023-10-09,3,6,1059.76,423.92,False
69,6990,2023-03-09,2,6,749.94,300.0,True
69,14780,2023-01-08,3,5,239.95,96.0,False
69,13753,2022-12-14,3,5,279.95,112.0,False
69,5907,2022-08-10,3,7,559.93,224.0,True
69,13259,2022-05-21,4,7,954.66,381.88,False
69,10969,2022-03-02,2,5,439.68,175.88,False
69,10701,2022-01-12,4,6,759.94,304.0,False
69,4407,2021-08-09,3,8,874.92,350.0,False
69,6493,2021-03-18,1,3,59.97,24.0,False
69,2396,2020-11-05,3,6,669.94,268.0,False
69,9924,2020-08-26,2,4,739.96,296.0,False
69,7338,2020-06-04,2,6,1319.94,528.0,False
70,3918,2025-11-17,3,6,954.85,381.96,False
70,5927,2025-05-20,2,2,239.8,95.92,False
70,5362,2025-04-11,1,1,59.99,24.0,False
70,4766,2025-01-07,2,4,599.69,239.88,False
70,4919,2024-10-03,3,6,809.94,324.0,False
70,6328,2024-01-29,1,3,269.97,108.0,False
70,10313,2023-12-25,1,1,99.9,39.96,False
70,10963,2023-09-16,1,2,299.98,120.0,False
70,1996,2023-06-30,1,3,179.97,72.0,False
70,7479,2023-04-04,3,6,709.76,283.92,False
70,5452,2023-03-05,4,7,1539.75,615.92,False
70,13944,2022-09-07,2,4,199.96,80.0,False
70,10368,2021-11-10,4,9,649.64,259.88,True
70,9609,2021-08-26,4,9,1219.64,487.88,False
70,8481,2021-07-12,2,4,209.78,83.92,False
70,11790,2021-02-16,4,11,829.71,331.92,False
70,12863,2020-11-19,2,5,629.68,251.88,False
70,4051,2020-11-12,1,2,259.98,104.0,False
70,5770,2020-10-20,3,4,284.87,113.96,False
70,14411,2020-09-10,1,3,239.97,96.0,False
70,3482,2020-08-30,4,7,804.66,321.88,True
70,768,2020-03-22,4,7,989.66,395.88,False
70,6773,2020-02-16,1,3,89.97,36.0,False
71,9384,2025-07-11,1,3,179.97,72.0,True
71,10223,2025-03-30,1,1,49.99,20.0,False
71,9492,2025-01-25,2,5,499.68,199.88,False
71,4685,2024-06-24,3,4,335.96,134.4,True
71,14860,2024-05-29,1,2,599.98,240.0,False
71,4887,2023-12-20,4,6,1329.85,531.96,False
71,2439,2023-07-19,1,1,249.99,100.0,False
71,6455,2023-03-09,3,3,184.97,74.0,False
71,14041,2022-05-13,3,4,769.78,307.92,False
71,57,2022-03-24,2,5,299.95,120.0,False
71,4323,2022-02-03,1,2,159.98,64.0,False
71,11704,2021-03-01,4,7,839.57,335.84,False
71,7815,2020-09-02,2,4,359.96,144.0,False
71,14523,2020-06-26,3,6,479.94,192.0,False
72,14460,2025-12-10,4,7,839.39,335.76,False
72,3015,2025-08-30,2,4,559.96,224.0,False
72,371,2025-04-08,3,3,164.79,65.92,False
72,13874,2025-02-02,3,5,999.95,400.0,False
72,10296,2024-11-16,4,8,1519.83,607.96,False
72,2572,2024-08-23,4,8,1199.65,479.88,False
72,11689,2024-07-29,3,7,749.93,300.0,False
72,6503,2024-06-24,4,4,505.87,202.36,True
72,559,2024-02-28,1,2,279.98,112.0,False
72,5589,2024-02-14,4,7,699.57,279.84,True
72,4232,2023-09-18,1,2,79.98,32.0,False
72,11177,2023-07-16,3,6,539.67,215.88,False
72,14611,2023-04-26,3,6,639.94,256.0,False
72,5126,2023-01-08,3,5,539.77,215.92,False
72,599,2022-11-15,2,4,204.87,81.96,False
72,1970,2022-11-09,4,8,381.74,152.72,False
72,9085,2022-09-24,1,3,1049.97,420.0,False
72,7017,2022-09-15,3,3,414.88,165.96,False
72,2417,2022-08-11,3,7,549.93,220.0,True
72,9059,2022-06-12,3,7,409.93,164.0,False
72,10666,2022-04-28,4,8,1159.83,463.96,False
72,13314,2022-04-07,4,7,519.66,207.88,True
72,8416,2022-02-06,2,6,434.4,173.76,False
72,5609,2021-08-07,2,2,429.98,172.0,False
72,14659,2021-01-22,1,2,259.8,103.92,False
72,3030,2020-04-22,2,6,509.4,203.76,False
72,4411,2020-03-09,2,3,159.79,63.92,False
72,6260,2020-03-06,1,3,359.7,143.88,True
72,5737,2020-02-11,2,4,409.69,163.88,False
73,2273,2025-09-04,3,6,951.94,380.8,False
73,11128,2025-04-23,1,3,749.97,300.0,False
73,10390,2024-10-05,3,6,899.94,360.0,False
73,11880,2024-09-26,2,3,179.7,71.88,False
73,9074,2024-08-22,2,5,194.95,78.0,False
73,8325,2024-07-08,3,6,509.67,203.88,False
73,11032,2023-06-24,1,1,49.99,20.0,False
73,258,2023-05-23,2,4,359.78,143.92,False
73,7187,2023-05-09,3,6,839.67,335.88,False
73,8527,2022-06-20,1,3,599.97,240.0,False
73,13851,2021-04-22,2,4,689.69,275.88,False
73,11675,2021-03-13,2,4,999.96,400.0,False
73,8806,2020-11-26,2,4,729.96,292.0,False
73,1150,2020-11-18,4,4,384.87,153.96,False
73,6994,2020-11-14,3,9,1199.91,480.0,False
73,8176,2020-10-07,2,4,234.6,93.84,False
73,8796,2020-04-02,2,3,479.97,192.0,False
74,13869,2025-10-15,4,5,709.86,283.96,True
74,6138,2025-09-06,1,3,119.7,47.88,False
74,11545,2025-05-19,1,3,389.97,156.0,False
74,7944,2025-04-29,4,7,859.57,343.84,False
74,14617,2024-04-14,4,9,719.82,287.96,False
74,8707,2024-03-04,1,1,89.99,36.0,False
74,7107,2023-06-09,4,7,1039.93,416.0,True
74,5402,2022-09-26,4,10,949.9,380.0,False
74,2464,2022-08-23,2,3,525.97,210.4,False
74,778,2021-04-24,3,5,289.77,115.92,False
74,710,2020-02-22,4,11,2609.71,1043.92,False
75,10614,2025-08-09,1,3,599.7,239.88,False
75,8785,2025-06-12,2,3,119.97,48.0,False
75,9114,2025-01-25,4,10,1709.45,683.8,False
75,13940,2024-11-19,3,7,319.66,127.88,False
75,14744,2023-12-09,1,2,199.8,79.92,False
75,2713,2023-02-27,4,7,1189.93,476.0,False
75,2919,2023-01-12,3,4,799.78,319.92,False
75,14678,2022-07-05,2,2,119.98,48.0,False
75,982,2021-11-25,4,7,604.75,241.92,True
75,13847,2021-11-01,2,3,339.97,136.0,False
75,2435,2021-07-04,4,9,656.28,262.52,False
75,7206,2021-04-10,2,5,439.77,175.92,False
75,10599,2021-03-08,3,7,339.93,136.0,False
75,6869,2021-01-07,4,9,955.64,382.28,True
75,7034,2020-07-05,4,9,1659.91,664.0,True
75,8330,2020-05-10,1,3,539.97,216.0,True
75,9722,2020-03-21,2,3,105.97,42.4,False
76,5778,2025-08-10,4,8,739.74,295.92,False
76,3082,2025-04-07,4,10,637.72,255.12,False
76,14519,2024-10-17,3,7,429.75,171.92,False
76,12581,2024-01-28,3,6,579.67,231.88,False
76,174,2023-09-29,3,7,434.48,173.8,False
76,7503,2023-03-23,4,6,879.58,351.84,False
76,6964,2023-01-06,1,1,149.99,60.0,False
76,4665,2022-12-31,4,6,719.85,287.96,True
76,818,2022-12-11,2,5,879.77,351.92,False
76,2303,2021-12-23,4,9,929.64,371.88,False
76,1286,2021-12-13,3,6,589.94,236.0,False
76,219,2021-10-03,4,7,1099.75,439.92,False
76,3962,2021-01-27,1,2,399.98,160.0,False
76,9948,2021-01-08,4,6,499.76,199.92,False
76,13936,2020-12-26,3,7,1214.57,485.84,True
76,1453,2020-11-11,4,7,949.66,379.88,False
76,4864,2020-03-18,2,5,859.95,344.0,False
77,14823,2025-11-25,3,7,429.39,171.76,True
77,7601,2024-12-18,3,4,144.87,57.96,False
77,1858,2024-12-02,3,4,479.87,191.96,False
77,3745,2024-11-04,1,1,249.99,100.0,False
77,13375,2024-09-19,3,6,839.58,335.84,False
77,9797,2024-09-18,4,5,569.86,227.96,True
77,1345,2024-07-14,3,8,989.74,395.92,False
77,9381,2024-02-19,3,7,879.84,351.96,False
77,11320,2023-09-29,2,4,319.96,128.0,False
77,1516,2022-12-19,2,5,509.68,203.88,False
77,13500,2022-10-20,1,2,59.98,24.0,False
77,9710,2022-01-12,1,2,39.98,16.0,False
77,12904,2021-05-01,2,2,169.89,67.96,False
77,9844,2020-08-24,3,5,379.86,151.96,False
77,6574,2020-02-24,4,11,799.17,319.68,False
78,3565,2025-09-04,1,3,539.97,216.0,False
78,2750,2025-02-04,3,5,559.95,224.0,False
78,673,2024-09-19,1,1,49.99,20.0,False
78,6997,2024-07-13,1,1,119.9,47.96,False
78,10694,2024-05-17,3,5,589.59,235.84,False
78,8384,2024-04-18,4,6,1139.94,456.0,True
78,2338,2023-09-12,1,2,179.98,72.0,False
78,548,2023-03-19,4,5,309.68,123.88,True
78,6280,2021-08-26,2,3,329.79,131.92,False
78,10947,2020-05-20,1,2,51.98,20.8,False
78,10180,2020-04-24,4,11,2629.89,1052.0,False
78,3283,2020-03-13,2,4,1149.96,460.0,False
78,11328,2020-03-13,2,3,529.79,211.92,False
78,4955,2020-02-27,1,2,159.98,64.0,False
78,13527,2020-02-23,2,5,289.68,115.88,False
79,11803,2025-12-05,4,7,1029.84,411.96,False
79,13247,2025-07-08,3,6,829.94,332.0,True
79,4317,2025-02-24,1,2,599.98,240.0,False
79,2039,2025-01-23,4,6,585.94,234.4,False
79,13603,2023-09-06,1,2,79.8,31.92,False
79,6784,2023-01-07,4,9,779.64,311.88,False
79,11900,2022-12-25,3,6,707.94,283.2,False
79,8021,2022-12-17,2,5,659.77,263.92,False
79,8216,2022-11-19,3,7,589.75,235.92,False
79,10236,2022-09-05,1,1,159.99,64.0,False
79,14729,2022-06-21,1,2,299.98,120.0,False
79,12721,2022-05-25,2,4,549.87,219.96,False
79,3019,2021-08-28,1,2,199.98,80.0,False
79,97,2021-06-09,1,3,119.97,48.0,True
79,2138,2021-05-11,1,1,49.9,19.96,False
79,1768,2020-03-02,1,3,299.7,119.88,False
80,1092,2025-12-29,1,3,59.97,24.0,False
80,3402,2025-08-07,1,1,129.9,51.96,False
80,8049,2025-06-25,4,6,1329.94,532.0,False
80,3843,2024-12-26,4,5,209.77,83.92,False
80,3378,2024-10-28,3,4,194.78,77.92,True
80,6601,2024-08-31,4,9,469.37,187.76,False
80,11521,2024-08-01,4,8,774.83,309.96,False
80,14563,2024-03-07,2,4,339.6,135.84,True
80,9964,2024-01-08,4,9,459.73,183.92,False
80,12609,2023-12-26,2,4,254.87,101.96,False
80,4012,2023-08-23,1,2,49.98,20.0,False
80,8276,2023-06-22,4,8,1359.74,543.92,False
80,10209,2022-09-05,4,11,749.35,299.76,True
80,6523,2022-04-18,2,3,99.97,40.0,False
80,11662,2022-03-06,1,1,349.99,140.0,False
80,1703,2021-10-27,2,3,829.97,332.0,False
80,12165,2021-07-13,3,7,1059.93,424.0,False
80,8171,2020-11-01,2,4,499.78,199.92,False
80,7231,2020-06-26,1,2,79.8,31.92,False
80,3247,2020-06-04,2,6,779.94,312.0,False
81,6121,2025-12-07,4,10,2449.63,979.88,False
81,11756,2025-10-14,2,4,389.69,155.88,False
81,9427,2025-03-01,2,2,319.89,127.96,False
81,14483,2025-01-31,3,6,729.76,291.92,False
81,3470,2024-12-20,4,7,689.75,275.92,False
81,1172,2024-10-25,1,2,499.98,200.0,False
81,14401,2024-10-03,2,3,76.88,30.76,False
81,234,2024-09-19,3,6,329.94,132.0,False
81,7121,2024-05-31,2,4,799.78,319.92,False
81,14840,2023-09-23,3,6,1039.76,415.92,False
81,1608,2023-08-14,1,3,239.97,96.0,False
81,2035,2022-11-08,2,5,349.77,139.92,False
81,7537,2022-09-11,4,7,449.93,180.0,False
81,13803,2022-07-20,2,5,589.68,235.88,False
81,11911,2022-06-24,3,4,429.87,171.96,False
81,5020,2021-04-15,4,4,294.96,118.0,False
81,4601,2021-01-17,1,1,39.9,15.96,False
81,4596,2020-09-14,1,1,189.99,76.0,False
81,9237,2020-07-09,4,9,224.82,89.96,False
81,10863,2020-04-25,2,3,559.97,224.0,True
81,13233,2020-01-12,2,3,1049.97,420.0,False
82,14472,2025-01-05,4,8,739.47,295.8,False
82,2033,2024-11-19,3,6,849.94,340.0,False
82,825,2024-10-28,1,2,119.98,48.0,False
82,406,2024-06-11,1,2,59.98,24.0,False
82,3235,2024-05-09,1,3,119.7,47.88,False
82,3835,2024-04-08,3,7,859.93,344.0,False
82,2862,2023-12-10,3,6,614.67,245.88,False
82,11659,2022-12-06,3,8,739.47,295.8,False
82,14058,2022-03-26,3,9,989.64,395.88,True
82,10830,2022-01-12,4,5,699.95,280.0,False
82,14932,2021-11-23,2,3,334.79,133.92,False
82,659,2021-08-11,2,2,219.98,88.0,False
82,2986,2021-06-16,1,3,299.7,119.88,True
82,10086,2021-05-25,2,3,539.79,215.92,False
82,13670,2021-04-04,4,9,529.91,212.0,True
82,13422,2021-03-28,4,9,669.55,267.84,False
82,8736,2021-02-08,2,3,699.97,280.0,False
82,9977,2021-01-30,4,11,979.44,391.8,False
82,5732,2020-12-17,3,6,704.67,281.88,False
82,9514,2020-11-17,1,2,99.98,40.0,False
82,11200,2020-09-20,1,1,24.99,10.0,True
82,5590,2020-08-19,2,5,314.77,125.92,False
82,6186,2020-02-29,2,5,649.68,259.88,False
83,724,2025-11-09,4,9,1009.91,404.0,False
83,7943,2025-05-30,3,8,449.65,179.88,False
83,4528,2025-05-18,3,5,1039.95,416.0,False
83,8646,2025-03-03,2,5,499.77,199.92,False
83,11946,2025-02-08,1,2,179.98,72.0,False
83,5465,2025-01-23,2,4,269.69,107.88,False
83,5076,2024-11-20,2,2,115.98,46.4,True
83,14565,2024-04-10,1,1,129.99,52.0,False
83,8273,2024-01-21,3,7,1359.93,544.0,True
83,4853,2023-09-14,4,7,369.75,147.92,True
83,1279,2023-07-01,2,3,419.79,167.92,False
83,10772,2022-08-27,4,9,1859.82,743.96,False
83,2536,2022-03-05,4,7,959.75,383.92,False
83,7948,2022-01-22,4,10,1059.63,423.88,False
83,11432,2021-08-04,4,8,719.65,287.88,False
83,3637,2021-07-14,1,2,259.98,104.0,False
83,9610,2021-06-05,4,9,1049.73,419.92,False
83,8870,2021-05-26,1,3,389.97,156.0,False
83,9834,2021-04-02,2,5,349.77,139.92,False
83,11579,2021-02-21,4,7,1524.84,609.96,False
83,7555,2021-02-18,1,2,179.98,72.0,False
83,4161,2020-06-21,2,4,504.87,201.96,False
83,542,2020-04-15,4,10,1289.9,516.0,True
83,2864,2020-03-05,4,7,1089.84,435.96,False
84,12404,2025-11-14,1,2,299.98,120.0,False
84,6928,2025-11-09,3,6,1379.76,551.92,False
84,553,2025-08-10,4,10,1029.63,411.88,False
84,4907,2025-07-20,3,7,719.93,288.0,True
84,11421,2025-06-19,3,6,1149.85,459.96,False
84,1891,2025-01-16,1,2,69.98,28.0,False
84,12395,2024-11-24,2,5,1309.95,524.0,False
84,2966,2024-01-14,4,7,459.66,183.88,True
84,12572,2024-01-02,3,7,639.57,255.84,False
84,14156,2023-08-20,1,1,99.9,39.96,False
84,14032,2023-04-13,1,1,129.9,51.96,False
84,6750,2023-02-27,2,4,189.6,75.84,False
84,8698,2022-11-12,3,6,569.67,227.88,True
84,7843,2022-10-26,1,3,269.7,107.88,False
84,5422,2022-03-03,4,11,2277.71,911.12,False
84,3864,2022-02-03,1,1,29.99,12.0,False
84,12014,2021-11-06,4,9,2029.82,811.96,False
84,2858,2021-08-15,3,6,219.94,88.0,False
84,4731,2021-01-28,4,9,1049.55,419.84,False
84,10168,2020-12-15,3,6,829.76,331.92,True
84,11664,2020-08-18,1,1,59.99,24.0,False
84,11009,2020-04-12,3,7,619.66,247.88,False
84,13004,2020-04-09,1,3,149.7,59.88,False
84,4633,2020-04-03,2,6,1169.94,468.0,False
84,4257,2020-01-27,4,10,699.45,279.8,False
85,8364,2025-07-03,3,5,999.77,399.92,False
85,3446,2024-11-29,2,4,239.78,95.92,False
85,11734,2024-10-20,3,3,599.97,240.0,True
85,6802,2024-05-13,3,5,319.95,128.0,False
85,1299,2024-04-25,3,6,334.94,134.0,False
85,12381,2024-01-04,3,9,1199.91,480.0,False
85,13023,2023-08-06,3,6,979.85,391.96,False
85,12790,2023-04-21,2,3,779.97,312.0,False
85,5328,2023-04-07,3,5,599.77,239.92,False
85,10749,2023-02-12,2,6,989.94,396.0,True
85,9906,2022-10-11,3,8,1139.65,455.88,False
85,11904,2022-09-25,1,1,59.99,24.0,False
85,6643,2022-09-09,1,1,99.9,39.96,False
85,5419,2022-05-28,3,6,819.94,328.0,False
85,4107,2021-12-19,4,8,759.83,303.96,False
85,27,2021-11-02,1,3,899.97,360.0,False
85,423,2021-04-12,1,1,34.99,14.0,False
85,13172,2021-03-09,1,1,149.99,60.0,False
85,13643,2020-11-25,4,9,1014.64,405.88,False
85,11409,2020-11-08,1,1,99.9,39.96,False
85,2232,2020-07-13,1,3,599.7,239.88,False
85,9951,2020-06-29,3,6,499.67,199.88,True
85,2270,2020-06-17,3,6,919.94,368.0,False
85,12276,2020-01-17,1,1,39.99,16.0,False
86,8747,2025-11-05,1,3,899.97,360.0,False
86,9633,2025-09-04,4,9,959.55,383.84,False
86,1783,2025-08-04,3,6,869.94,348.0,False
86,10155,2025-04-07,3,6,705.76,282.32,True
86,11168,2024-07-09,3,4,529.78,211.92,False
86,10731,2024-07-04,1,1,24.99,10.0,False
86,10070,2024-03-15,3,7,689.75,275.92,False
86,2220,2024-01-09,1,3,1049.97,420.0,False
86,13115,2023-05-15,3,8,1629.92,652.0,False
86,8911,2023-04-10,3,7,1019.66,407.88,False
86,12830,2022-12-23,3,5,539.95,216.0,False
86,2561,2022-07-22,3,6,234.85,93.96,False
86,13996,2022-04-22,4,9,659.28,263.72,False
86,1713,2022-04-11,4,10,1879.9,752.0,False
86,8211,2021-04-03,2,5,829.95,332.0,True
86,4950,2020-12-17,2,2,219.98,88.0,False
87,14048,2025-09-06,2,2,229.8,91.92,False
87,8811,2025-08-16,2,4,319.78,127.92,False
87,11118,2025-04-10,1,2,359.98,144.0,False
87,8064,2025-04-08,3,5,569.95,228.0,False
87,5024,2024-09-14,4,5,909.77,363.92,False
87,5736,2024-04-21,2,5,319.77,127.92,False
87,14201,2024-04-07,2,3,599.88,239.96,False
87,740,2024-02-28,3,8,954.65,381.88,False
87,5585,2024-01-07,2,6,617.94,247.2,False
87,8179,2023-07-14,1,3,299.7,119.88,False
87,125,2022-11-19,1,2,599.98,240.0,False
87,2200,2022-06-25,1,2,159.98,64.0,False
87,13848,2022-06-03,3,6,549.76,219.92,False
87,14591,2021-07-15,1,1,24.99,10.0,False
87,5205,2021-06-30,3,7,1309.93,524.0,False
87,6003,2021-01-21,1,3,209.7,83.88,False
87,744,2020-08-08,1,2,49.98,20.0,False
88,9225,2025-12-08,3,6,419.76,167.92,False
88,11103,2025-11-09,3,6,669.76,267.92,False
88,4612,2025-06-09,2,4,399.96,160.0,False
88,5092,2024-12-04,4,8,389.74,155.92,False
88,1738,2022-11-26,1,1,299.99,120.0,False
88,3231,2022-11-04,4,7,639.84,255.96,False
88,5630,2022-10-06,4,6,424.76,169.92,False
88,7812,2022-08-05,4,9,739.28,295.72,False
88,13674,2022-08-02,1,2,259.8,103.92,False
88,4040,2022-05-07,3,6,654.94,262.0,False
88,3746,2022-04-23,1,2,199.8,79.92,True
88,295,2022-02-28,3,5,1129.86,451.96,False
88,11966,2022-02-17,4,9,1494.91,598.0,True
88,12731,2021-11-09,1,1,49.9,19.96,False
88,1852,2021-03-18,3,7,524.93,210.0,True
88,1925,2021-03-17,2,3,439.97,176.0,True
88,3192,2020-10-27,1,3,209.97,84.0,False
88,937,2020-09-07,4,10,739.72,295.92,False
88,4875,2020-05-20,4,7,329.66,131.88,False
88,4520,2020-03-15,1,3,299.7,119.88,False
89,3820,2025-11-01,2,3,239.97,96.0,False
89,10621,2025-08-27,4,10,1449.45,579.8,False
89,8423,2025-08-06,3,7,564.84,225.96,False
89,5912,2025-03-30,1,2,69.98,28.0,False
89,8862,2024-10-23,4,10,1659.81,663.96,False
89,5822,2024-10-17,1,3,269.97,108.0,False
89,9972,2024-10-01,2,4,649.6,259.84,False
89,6767,2023-11-09,2,4,819.96,328.0,False
89,7457,2023-08-10,2,4,199.96,80.0,False
89,11196,2023-02-20,3,9,857.91,343.2,False
89,3116,2023-01-10,4,11,899.89,360.0,False
89,8593,2022-11-10,3,6,225.76,90.32,False
89,4922,2022-05-25,4,7,809.93,324.0,False
89,3507,2022-03-19,3,5,1409.95,564.0,False
89,1681,2022-03-13,2,3,219.97,88.0,False
89,3497,2022-02-07,3,3,289.97,116.0,False
89,14142,2021-06-23,3,6,909.85,363.96,False
89,9441,2020-11-12,3,7,419.66,167.88,True
90,12921,2025-11-16,3,5,609.77,243.92,False
90,1313,2025-09-23,3,6,1469.94,588.0,False
90,2397,2025-05-31,4,11,1382.62,553.08,False
90,8017,2025-04-03,4,8,1099.83,439.96,False
90,12119,2025-04-02,2,2,389.98,156.0,False
90,3626,2025-01-01,3,5,779.77,311.92,False
90,8509,2024-12-13,2,4,659.96,264.0,False
90,8937,2024-05-28,2,3,639.88,255.96,False
90,12861,2024-03-26,4,9,919.73,367.92,True
90,8720,2023-12-26,2,4,549.69,219.88,False
90,11479,2023-11-17,4,7,1729.84,691.96,False
90,128,2023-05-10,4,6,519.76,207.92,False
90,2740,2023-02-14,3,7,949.93,380.0,False
90,12492,2023-01-07,1,1,159.99,64.0,False
90,8073,2022-04-24,4,9,809.55,323.84,False
90,4035,2022-02-17,4,5,749.86,299.96,True
90,7851,2021-12-10,1,3,119.7,47.88,False
90,11000,2021-05-18,4,10,1354.9,542.0,False
90,488,2021-01-22,1,2,299.8,119.92,False
90,14370,2020-06-29,4,5,839.95,336.0,False
91,735,2025-10-31,4,8,759.56,303.84,True
91,173,2025-09-24,1,3,179.97,72.0,False
91,14618,2025-08-29,1,1,39.9,15.96,False
91,4352,2025-06-10,2,5,279.95,112.0,False
91,6697,2024-12-17,1,1,59.99,24.0,False
91,9854,2024-11-27,2,6,389.67,155.88,False
91,13885,2022-06-30,4,7,569.66,227.88,False
91,5815,2022-06-27,4,11,1519.44,607.8,False
91,7978,2022-05-11,1,2,299.98,120.0,False
91,14339,2022-01-15,4,9,2279.91,912.0,False
91,9453,2021-07-29,2,5,314.68,125.88,False
91,13076,2021-05-27,4,11,1589.62,635.88,False
91,10844,2021-02-03,2,5,169.95,68.0,False
91,8569,2020-12-25,2,4,269.96,108.0,False
91,13779,2020-05-29,1,3,77.97,31.2,False
91,2226,2020-05-23,3,6,397.94,159.2,False
91,2487,2020-05-17,1,1,159.99,64.0,False
92,984,2025-12-08,3,7,809.93,324.0,False
92,11591,2025-09-25,2,5,1649.95,660.0,True
92,3391,2025-07-08,1,2,299.8,119.92,False
92,3131,2025-03-08,3,6,319.76,127.92,True
92,4490,2024-01-07,2,3,499.79,199.92,False
92,622,2023-09-02,2,6,1049.67,419.88,False
92,10876,2023-08-13,1,2,259.8,103.92,False
92,4810,2023-07-14,3,7,1509.66,603.88,False
92,6010,2023-05-25,3,6,559.76,223.92,False
92,9295,2023-04-30,1,1,49.9,19.96,False
92,8836,2022-12-30,1,3,209.7,83.88,False
92,1384,2022-08-17,3,5,759.95,304.0,False
92,796,2022-04-11,2,4,169.69,67.88,False
92,8949,2021-09-28,2,3,339.79,135.92,False
92,8069,2021-07-05,2,4,239.78,95.92,False
92,7888,2021-06-10,3,8,1714.65,685.88,False
92,9729,2021-02-02,3,4,519.69,207.88,False
92,8149,2020-07-09,3,3,219.97,88.0,False
92,7519,2020-02-02,2,4,339.78,135.92,False
93,8008,2025-09-17,3,8,1339.65,535.88,True
93,8498,2025-08-31,2,3,499.88,199.96,False
93,11961,2025-04-09,1,1,299.99,120.0,False
93,14436,2025-02-20,4,9,624.55,249.84,False
93,8386,2024-08-24,4,6,559.94,224.0,False
93,7803,2024-02-29,4,9,1089.82,435.96,False
93,3604,2024-01-06,2,5,359.95,144.0,False
93,14911,2023-10-27,3,7,739.93,296.0,False
93,3957,2023-07-17,3,9,1199.64,479.88,False
93,4175,2023-01-05,2,4,799.78,319.92,False
93,13459,2022-12-07,1,1,199.9,79.96,False
93,11681,2022-09-13,4,8,454.92,182.0,False
93,10097,2022-08-31,2,4,219.6,87.84,False
93,13463,2022-01-30,4,7,1319.75,527.92,False
93,4486,2021-12-01,1,3,269.97,108.0,False
93,1210,2021-09-03,2,3,279.97,112.0,False
93,958,2021-07-30,3,5,449.68,179.88,False
93,11532,2021-07-29,3,6,984.94,394.0,False
93,10312,2020-09-16,3,8,559.65,223.88,False
93,14099,2020-06-09,2,4,559.78,223.92,True
93,9857,2020-04-10,4,8,819.47,327.8,False
93,788,2020-03-27,1,1,79.99,32.0,False
94,7879,2024-08-26,2,4,659.96,264.0,True
94,6835,2024-07-20,1,2,139.8,55.92,True
94,6208,2024-07-16,2,3,339.97,136.0,False
94,13756,2024-06-26,2,4,559.6,223.84,False
94,10116,2024-03-25,3,6,554.67,221.88,False
94,146,2024-03-03,4,11,1774.62,709.88,False
94,12938,2023-07-11,1,1,129.99,52.0,False
94,10048,2022-12-31,4,10,1114.36,445.76,True
94,1761,2022-09-20,4,5,379.77,151.92,False
94,955,2022-07-27,2,3,359.97,144.0,False
94,7245,2022-06-24,1,3,479.97,192.0,True
94,12388,2021-10-19,3,7,534.57,213.84,False
94,4870,2021-08-28,3,7,594.48,237.8,False
94,11411,2021-07-30,3,5,659.95,264.0,False
94,8474,2021-07-13,4,8,929.74,371.92,False
94,3526,2021-03-28,3,6,609.67,243.88,False
94,11189,2021-03-10,1,3,749.97,300.0,False
94,2460,2021-02-15,3,7,684.66,273.88,False
94,13542,2021-01-22,4,9,1179.91,472.0,False
94,4026,2020-12-10,1,3,239.97,96.0,False
94,1032,2020-11-26,1,3,269.7,107.88,False
94,14527,2020-10-28,1,1,249.99,100.0,False
95,8117,2025-12-13,3,7,334.66,133.88,False
95,14742,2025-10-21,1,2,39.98,16.0,False
95,10126,2025-08-30,2,4,509.6,203.84,False
95,6277,2025-05-28,2,5,599.77,239.92,False
95,10642,2025-05-10,1,2,199.8,79.92,False
95,4269,2025-04-18,2,4,1149.96,460.0,False
95,2208,2025-04-16,1,3,179.97,72.0,False
95,13136,2024-07-11,1,2,319.98,128.0,False
95,2935,2024-04-25,3,5,549.86,219.96,True
95,8290,2024-03-05,2,4,169.78,67.92,False
95,5497,2024-02-21,2,2,94.89,37.96,False
95,13113,2024-02-03,4,5,749.95,300.0,False
95,5138,2023-02-26,1,3,1199.97,480.0,False
95,11097,2023-02-22,1,3,539.97,216.0,False
95,430,2023-01-31,1,2,79.8,31.92,False
95,14070,2022-12-06,1,2,119.98,48.0,False
95,5124,2022-10-23,2,6,224.67,89.88,False
95,2547,2022-09-25,1,1,199.9,79.96,False
95,4577,2022-04-24,3,6,309.76,123.92,False
95,7604,2022-02-07,1,2,279.98,112.0,False
95,3302,2021-03-09,3,5,1059.86,423.96,False
95,6,2021-01-24,4,7,549.75,219.92,False
95,1691,2020-07-09,4,8,494.47,197.8,False
95,1985,2020-06-07,1,2,199.98,80.0,False
95,2659,2020-01-03,1,3,899.97,360.0,False
96,4704,2025-02-19,4,9,602.91,241.2,False
96,14342,2025-01-15,3,6,249.94,100.0,False
96,6266,2024-11-17,3,4,231.96,92.8,False
96,12037,2024-10-09,4,10,1384.63,553.88,False
96,12127,2024-06-07,2,4,414.87,165.96,False
96,4281,2024-03-08,3,5,659.95,264.0,False
96,11152,2024-03-06,1,3,239.97,96.0,False
96,11215,2023-07-19,3,5,359.95,144.0,False
96,1733,2023-06-11,3,7,1239.93,496.0,True
96,7227,2023-04-07,1,1,89.99,36.0,False
96,1026,2023-03-06,4,6,414.67,165.88,False
96,9678,2023-02-28,4,7,729.93,292.0,False
96,3584,2023-02-04,2,4,579.78,231.92,False
96,6293,2023-01-13,3,5,839.77,335.92,True
96,11713,2022-07-09,2,2,399.98,160.0,False
96,7217,2022-05-03,2,6,374.94,150.0,False
96,7433,2022-03-19,2,6,569.67,227.88,False
96,14465,2022-01-07,2,3,219.97,88.0,False
96,13631,2021-11-01,3,5,659.95,264.0,True
96,14116,2021-08-30,4,6,439.76,175.92,False
96,7384,2021-03-15,2,6,599.94,240.0,False
96,6426,2020-12-30,3,5,399.77,159.92,False
96,6641,2020-09-11,1,1,19.99,8.0,False
96,4637,2020-07-31,4,10,1199.9,480.0,False
96,6352,2020-07-23,1,2,59.98,24.0,False
96,1214,2020-02-10,1,2,199.98,80.0,False
97,7737,2025-11-08,4,8,1259.65,503.88,False
97,2271,2025-09-10,2,3,259.79,103.92,False
97,10510,2025-07-28,2,6,929.67,371.88,False
97,12371,2025-05-29,3,7,759.66,303.88,False
97,8981,2025-01-14,1,1,299.99,120.0,False
97,6420,2024-12-16,4,10,1664.63,665.88,False
97,4509,2024-08-19,2,6,1289.94,516.0,True
97,1656,2024-07-19,2,6,1499.67,599.88,False
97,13644,2024-07-10,3,4,579.87,231.96,False
97,1727,2024-04-26,3,5,509.77,203.92,False
97,6786,2023-03-21,1,3,74.97,30.0,False
97,13223,2022-05-05,4,9,1389.28,555.72,True
97,2517,2022-02-15,2,5,379.5,151.8,False
97,13164,2021-10-03,1,3,389.7,155.88,False
97,7572,2021-09-18,3,7,1379.93,552.0,False
97,6232,2021-03-04,4,7,1031.93,412.8,False
97,4293,2020-10-22,2,4,899.96,360.0,False
97,3263,2020-08-05,1,3,299.7,119.88,False
97,4109,2020-04-23,2,5,749.95,300.0,False
97,2261,2020-03-14,3,5,539.77,215.92,False
97,1305,2020-02-16,4,7,699.75,279.92,True
98,2450,2025-12-18,4,7,794.66,317.88,False
98,7394,2025-11-14,4,7,779.84,311.96,False
98,10230,2025-07-26,2,3,359.97,144.0,True
98,7027,2025-07-14,3,5,489.86,195.96,False
98,8192,2025-06-07,2,4,719.96,288.0,False
98,10472,2025-05-23,4,7,969.75,387.92,True
98,13622,2025-05-09,2,4,194.87,77.96,False
98,8962,2025-04-07,4,11,1191.62,476.68,False
98,3360,2025-03-08,1,2,69.98,28.0,False
98,6977,2024-04-22,2,3,609.79,243.92,False
98,14580,2024-03-14,4,6,534.49,213.8,False
98,6901,2024-03-09,2,4,439.69,175.88,False
98,50,2024-02-02,3,7,519.66,207.88,False
98,5266,2023-12-23,3,4,479.96,192.0,False
98,7936,2023-08-22,4,9,519.46,207.8,False
98,10142,2023-06-25,2,6,899.94,360.0,False
98,12888,2023-02-19,4,11,2339.89,936.0,True
98,11156,2023-01-02,3,5,351.95,140.8,False
98,393,2022-12-20,3,3,429.88,171.96,False
98,1617,2022-06-22,4,8,789.65,315.88,True
98,869,2022-05-23,4,11,1354.44,541.8,False
98,6131,2022-01-19,4,7,359.75,143.92,True
98,9922,2021-10-10,2,4,439.96,176.0,False
98,14471,2021-07-24,1,3,77.97,31.2,False
98,11887,2020-10-06,3,6,979.94,392.0,False
98,7630,2020-05-19,2,2,139.89,55.96,False
98,9379,2020-03-28,1,1,299.99,120.0,False
99,7132,2025-03-30,2,6,1199.94,480.0,False
99,3865,2024-10-20,1,2,179.8,71.92,True
99,1749,2024-10-16,3,5,449.68,179.88,False
99,1227,2024-09-12,3,6,919.85,367.96,True
99,11611,2024-06-20,2,4,869.96,348.0,False
99,6359,2024-05-30,1,3,164.7,65.88,False
99,14642,2024-01-23,2,4,459.96,184.0,False
99,1346,2023-12-23,4,9,1279.91,512.0,False
99,4500,2023-12-03,1,3,209.97,84.0,False
99,2221,2023-06-24,2,5,309.95,124.0,False
99,10092,2023-06-23,2,3,189.97,76.0,False
99,6501,2023-02-14,3,7,1249.84,499.96,False
99,5964,2022-12-25,2,5,849.95,340.0,False
99,6363,2022-02-02,4,6,749.94,300.0,False
99,12431,2021-12-09,3,5,929.86,371.96,False
99,6229,2021-06-24,2,4,379.69,151.88,False
100,4510,2024-10-25,2,2,219.89,87.96,False
100,11099,2024-10-05,1,2,79.98,32.0,False
100,829,2024-09-08,1,2,109.8,43.92,False
100,9257,2024-07-15,2,3,99.97,40.0,True
100,8668,2023-11-29,2,4,759.69,303.88,True
100,2461,2023-11-20,2,4,274.96,110.0,False
100,8974,2023-10-14,3,5,829.86,331.96,False
100,1041,2022-12-30,4,7,759.48,303.8,True
100,1570,2022-10-04,1,1,19.99,8.0,False
100,5782,2022-07-04,2,4,239.78,95.92,False
100,13356,2022-06-10,4,9,804.82,321.96,False
100,12506,2022-06-06,3,3,349.88,139.96,False
100,535,2022-04-17,2,3,234.7,93.88,False
100,1890,2021-11-05,3,8,589.74,235.92,True
100,7325,2021-09-07,4,12,2339.61,935.88,False
100,14473,2021-08-26,3,5,232.86,93.16,True
100,7733,2021-06-02,1,3,359.97,144.0,False
100,6272,2021-05-02,4,7,879.93,352.0,False
100,8733,2021-03-30,4,7,379.66,151.88,False
100,297,2020-03-28,2,5,659.68,263.88,False
101,2688,2025-12-20,3,6,759.49,303.8,False
101,1467,2025-06-12,2,2,159.98,64.0,False
101,12598,2025-06-05,3,7,444.93,178.0,False
101,5612,2025-05-23,2,4,1079.96,432.0,False
101,10647,2025-04-09,1,3,179.97,72.0,False
101,5988,2024-12-04,4,6,679.94,272.0,False
101,8936,2024-09-08,1,3,749.97,300.0,False
101,7279,2024-04-28,1,3,449.97,180.0,True
101,13700,2024-02-26,4,8,579.74,231.92,False
101,10019,2023-05-13,3,8,789.65,315.88,False
101,1881,2022-08-23,2,5,459.68,183.88,False
101,8701,2022-04-17,1,2,49.8,19.92,False
101,2817,2021-08-09,2,3,239.79,95.92,False
101,2113,2021-01-09,4,5,489.86,195.96,False
101,1909,2021-01-08,1,2,139.8,55.92,False
101,1856,2020-12-31,4,8,735.74,294.32,False
101,12887,2020-02-26,2,3,289.97,116.0,False
102,11441,2025-11-24,4,10,789.63,315.88,False
102,9556,2025-11-16,3,6,749.94,300.0,False
102,14049,2025-09-12,1,1,159.99,64.0,False
102,14535,2025-08-05,4,7,599.84,239.96,False
102,10134,2025-03-07,1,3,479.97,192.0,False
102,1894,2025-01-31,2,4,349.69,139.88,False
102,6437,2024-11-23,2,5,1059.95,424.0,True
102,3671,2024-10-17,1,2,179.8,71.92,False
102,3443,2024-07-30,3,7,253.93,101.6,False
102,8571,2024-07-17,1,2,109.8,43.92,False
102,13781,2024-07-10,2,2,114.89,45.96,True
102,3553,2024-04-28,1,3,269.7,107.88,False
102,6009,2024-03-12,2,4,349.69,139.88,False
102,14942,2024-01-14,2,6,1109.67,443.88,False
102,10049,2023-12-23,2,4,144.96,58.0,False
102,9724,2022-04-07,1,3,479.97,192.0,False
102,7528,2021-09-26,2,3,84.97,34.0,False
102,14783,2021-06-25,4,6,759.76,303.92,False
102,5500,2021-04-15,4,8,1379.74,551.92,False
102,7270,2021-02-16,4,6,564.67,225.88,False
102,5046,2020-10-02,3,9,989.64,395.88,False
102,9799,2020-09-20,2,6,779.94,312.0,False
102,11250,2020-06-02,4,7,1179.57,471.84,False
102,8242,2020-02-26,4,11,1432.62,573.08,False
103,5250,2025-11-15,2,5,1299.95,520.0,False
103,6921,2025-05-20,2,6,149.94,60.0,False
103,14229,2025-04-19,1,3,119.7,47.88,False
103,9601,2024-12-01,4,5,509.86,203.96,False
103,14479,2024-10-11,3,6,494.49,197.8,True
103,1217,2024-04-27,4,12,2039.61,815.88,False
103,1821,2023-10-04,2,2,94.98,38.0,False
103,4881,2023-08-17,4,9,1249.73,499.92,False
103,13114,2023-02-10,3,4,359.87,143.96,False
103,3203,2022-08-29,3,6,1649.94,660.0,False
103,12752,2022-06-18,3,8,619.74,247.92,False
103,9408,2021-12-06,2,4,439.78,175.92,False
103,14475,2021-05-08,3,7,489.57,195.84,False
103,3693,2021-01-15,3,5,374.95,150.0,False
103,3523,2020-05-30,4,8,1029.56,411.84,False
103,11204,2020-03-25,4,9,1149.64,459.88,False
103,15,2020-02-17,2,3,299.97,120.0,False
103,3165,2020-01-29,1,1,249.99,100.0,False
104,5299,2025-04-30,2,4,659.96,264.0,False
104,9133,2025-03-31,2,4,899.96,360.0,False
104,6774,2024-12-09,1,3,74.7,29.88,False
104,3459,2024-12-06,3,4,899.96,360.0,False
104,9720,2024-03-22,1,2,39.98,16.0,False
104,8301,2023-11-05,1,1,129.99,52.0,False
104,4260,2023-09-08,1,2,239.8,95.92,False
104,9823,2023-08-23,1,2,279.98,112.0,False
104,9728,2023-07-12,2,4,539.69,215.88,False
104,7437,2022-11-17,3,6,139.85,55.96,False
104,7190,2022-11-12,4,9,1169.46,467.8,False
104,14724,2022-03-14,4,8,719.92,288.0,False
104,2455,2021-08-26,1,3,239.97,96.0,False
104,403,2021-03-03,2,4,169.69,67.88,False
104,13482,2021-03-03,3,5,941.95,376.8,False
104,1183,2020-07-02,4,10,1769.63,707.88,False
104,7092,2020-02-14,4,9,474.46,189.8,False
104,3923,2020-02-05,2,4,789.87,315.96,False
105,11590,2025-06-17,3,7,1009.93,404.0,False
105,6276,2025-04-02,1,3,899.97,360.0,False
105,7534,2024-12-06,3,7,844.93,338.0,False
105,7839,2024-11-28,1,2,499.98,200.0,False
105,13163,2024-07-25,4,7,739.84,295.96,False
105,4102,2024-04-04,4,9,1089.64,435.88,False
105,12383,2024-03-21,2,4,359.96,144.0,False
105,10217,2023-11-18,1,1,149.9,59.96,False
105,4719,2023-10-26,3,4,194.96,78.0,False
105,3766,2023-04-24,2,4,749.6,299.84,False
105,11965,2023-03-17,1,1,59.99,24.0,False
105,1535,2023-02-26,3,8,444.47,177.8,False
105,9280,2022-12-04,1,1,49.99,20.0,True
105,13975,2022-07-14,3,7,334.66,133.88,False
105,1245,2021-09-28,4,10,1169.9,468.0,False
105,2762,2021-06-19,3,7,1009.75,403.92,False
105,14044,2021-04-13,1,2,119.98,48.0,False
105,11905,2021-02-21,2,4,739.78,295.92,False
105,3996,2020-11-05,4,8,1159.47,463.8,False
105,12406,2020-10-21,3,4,119.96,48.0,False
105,14671,2020-08-06,3,5,319.95,128.0,False
105,6582,2020-04-23,3,9,407.91,163.2,False
105,14243,2020-04-16,4,9,421.55,168.64,False
106,8391,2025-12-09,2,6,1079.67,431.88,True
106,6410,2025-11-15,2,4,219.96,88.0,False
106,13415,2025-09-24,4,8,1339.65,535.88,False
106,14918,2025-08-16,2,3,419.79,167.92,False
106,13487,2024-11-12,4,7,944.57,377.84,False
106,8088,2024-10-22,3,7,619.66,247.88,False
106,7221,2024-10-13,3,8,1019.92,408.0,False
106,8573,2024-07-05,4,7,739.75,295.92,False
106,9465,2024-03-03,3,8,574.47,229.8,False
106,4061,2023-01-07,1,1,59.99,24.0,False
106,5188,2022-11-24,1,2,49.98,20.0,False
106,13195,2022-11-17,4,7,889.57,355.84,True
106,1350,2022-09-15,4,12,1319.88,528.0,False
106,10875,2022-06-24,1,2,69.98,28.0,False
106,102,2022-01-10,3,3,379.79,151.92,True
106,7585,2021-12-13,3,4,409.96,164.0,False
106,5104,2020-10-03,2,3,459.79,183.92,False
106,8901,2020-09-17,4,9,1709.82,683.96,False
107,5517,2025-02-23,3,7,569.48,227.8,False
107,14587,2024-08-28,3,7,649.75,259.92,False
107,7340,2024-01-22,2,3,279.97,112.0,False
107,5632,2024-01-18,1,1,249.99,100.0,False
107,1685,2023-05-10,3,4,849.96,340.0,False
107,8184,2023-04-28,2,5,219.5,87.8,False
107,10043,2022-10-07,3,3,164.88,65.96,False
107,5292,2022-07-18,1,1,199.99,80.0,False
107,7304,2022-07-13,2,3,549.7,219.88,False
107,1112,2021-12-30,4,9,1829.64,731.88,True
107,5767,2021-12-16,4,6,1099.94,440.0,False
107,266,2021-05-08,3,7,949.66,379.88,False
107,1815,2021-01-31,4,12,1379.61,551.88,True
107,2891,2020-12-16,1,2,199.8,79.92,False
107,1820,2020-11-24,3,9,1769.91,708.0,False
107,2818,2020-11-07,4,4,419.87,167.96,False
107,6312,2020-03-17,3,5,499.86,199.96,False
107,8182,2020-01-31,3,4,559.96,224.0,False
108,13876,2025-12-09,2,2,279.89,111.96,False
108,10673,2025-10-06,1,2,49.98,20.0,False
108,9982,2025-07-28,4,6,919.76,367.92,False
108,9784,2025-04-30,2,4,509.96,204.0,False
108,10728,2024-08-19,3,4,399.96,160.0,False
108,7590,2024-06-17,4,6,509.76,203.92,False
108,8520,2024-05-22,4,7,789.57,315.84,False
108,8776,2023-12-07,4,8,1349.92,540.0,True
108,9658,2023-06-21,2,4,279.78,111.92,False
108,8080,2023-05-05,2,4,349.96,140.0,False
108,10003,2022-11-29,1,1,119.9,47.96,False
108,5309,2022-10-13,2,6,344.94,138.0,False
108,1819,2022-07-03,3,6,1099.67,439.88,False
108,12937,2021-12-25,1,1,39.9,15.96,False
108,10114,2021-08-11,2,3,379.97,152.0,False
108,1592,2021-06-23,2,2,149.89,59.96,True
108,6315,2021-04-26,4,8,255.92,102.4,False
108,5705,2021-02-08,2,6,239.94,96.0,False
108,1971,2021-01-04,1,1,29.99,12.0,False
108,1835,2020-06-16,1,1,99.9,39.96,False
108,6330,2020-05-19,2,5,189.68,75.88,False
108,1549,2020-01-07,4,9,1279.82,511.96,False
109,6856,2025-06-27,2,5,779.95,312.0,False
109,13891,2024-09-26,2,5,184.77,73.92,False
109,7078,2024-09-08,3,5,459.68,183.88,False
109,8828,2024-09-03,1,3,209.97,84.0,False
109,4305,2024-09-01,2,2,39.98,16.0,False
109,8917,2024-08-07,1,3,209.97,84.0,False
109,10458,2024-06-07,1,3,389.97,156.0,False
109,3785,2024-04-30,2,5,519.95,208.0,False
109,8058,2024-02-23,1,1,129.99,52.0,False
109,9845,2023-12-12,4,8,1199.83,479.96,False
109,7271,2023-06-05,4,5,459.95,184.0,False
109,186,2023-03-08,1,1,199.99,80.0,False
109,7942,2022-10-31,1,3,59.97,24.0,False
109,7654,2022-09-11,3,7,839.66,335.88,False
109,9536,2022-07-16,3,5,174.95,70.0,False
109,4275,2022-04-15,3,8,569.65,227.88,True
109,12481,2022-03-08,4,5,529.59,211.84,False
109,9232,2022-02-21,3,4,849.78,339.92,False
109,14129,2022-02-05,2,5,459.95,184.0,False
109,7633,2022-01-16,3,7,939.84,375.96,False
109,8753,2021-09-19,1,2,319.98,128.0,False
109,4108,2021-08-23,4,6,669.94,268.0,False
109,5102,2021-06-11,4,5,584.77,233.92,False
109,2157,2021-01-03,2,4,359.69,143.88,False
109,11098,2020-09-15,1,2,599.98,240.0,False
109,6993,2020-09-03,2,3,339.97,136.0,False
109,13055,2020-06-15,1,3,149.97,60.0,False
110,2020,2025-11-14,1,2,239.98,96.0,False
110,5679,2025-09-11,1,1,49.9,19.96,False
110,5697,2025-05-07,1,3,149.97,60.0,False
110,6633,2025-03-14,4,9,482.82,193.16,False
110,13135,2025-03-01,2,4,159.96,64.0,False
110,9322,2025-02-19,1,2,39.98,16.0,False
110,8834,2024-08-10,1,3,164.7,65.88,False
110,8320,2024-06-05,2,6,449.94,180.0,False
110,1740,2024-04-08,4,9,1719.64,687.88,True
110,5862,2023-09-03,2,4,999.96,400.0,False
110,14343,2023-08-30,1,3,299.97,120.0,False
110,12809,2023-02-26,2,3,179.7,71.88,False
110,1486,2023-02-18,1,2,299.98,120.0,False
110,4903,2022-11-11,4,6,829.85,331.96,False
110,10755,2022-10-03,2,6,299.67,119.88,False
110,4162,2022-09-06,3,6,1039.58,415.84,False
110,4825,2022-07-16,3,5,979.68,391.88,False
110,2511,2022-06-16,1,1,249.99,100.0,False
110,2186,2022-06-01,4,7,709.93,284.0,False
110,13053,2021-12-14,4,8,1019.92,408.0,False
110,6351,2021-09-25,1,3,389.97,156.0,False
110,10659,2021-08-02,3,7,389.75,155.92,False
110,10473,2021-06-01,3,8,1009.65,403.88,False
110,11621,2021-03-21,1,1,159.99,64.0,False
110,9634,2021-03-20,1,3,74.97,30.0,False
110,6566,2020-11-08,1,1,399.99,160.0,False
110,4303,2020-07-24,1,3,59.97,24.0,True
110,10608,2020-05-20,3,5,429.95,172.0,False
110,7272,2020-01-20,1,3,389.7,155.88,False
111,10992,2025-09-03,3,5,509.77,203.92,False
111,9247,2025-07-02,3,5,439.77,175.92,False
111,6584,2025-02-20,2,5,1009.95,404.0,False
111,10822,2024-10-21,3,7,739.66,295.88,False
111,7125,2024-10-10,4,8,859.83,343.96,False
111,3726,2024-08-26,4,4,499.96,200.0,False
111,2457,2024-06-23,1,3,74.97,30.0,False
111,903,2024-06-22,4,7,959.84,383.96,False
111,12584,2024-04-07,3,7,859.48,343.8,False
111,815,2023-10-31,2,4,499.69,199.88,False
111,2570,2023-07-13,4,7,1319.75,527.92,True
111,14972,2023-05-07,1,1,99.99,40.0,False
111,10547,2023-05-01,1,1,34.99,14.0,False
111,7322,2023-02-16,1,2,259.8,103.92,False
111,5444,2023-01-18,2,3,129.97,52.0,False
111,3808,2022-08-31,2,4,489.87,195.96,False
111,980,2022-06-10,3,6,319.85,127.96,False
111,5746,2022-03-24,2,4,789.69,315.88,True
111,7336,2021-12-14,4,7,559.93,224.0,False
111,4628,2021-04-21,3,3,214.97,86.0,False
111,2528,2021-03-19,3,6,434.85,173.96,True
111,2196,2020-10-21,2,3,229.7,91.88,False
111,11482,2020-07-18,3,4,369.87,147.96,False
112,7658,2025-08-16,3,8,929.65,371.88,True
112,1119,2024-10-02,2,5,889.95,356.0,False
112,11827,2024-08-25,3,8,534.92,214.0,False
112,12873,2024-08-25,4,7,779.93,312.0,False
112,5991,2024-08-19,2,2,224.98,90.0,False
112,4058,2024-07-31,2,5,439.5,175.8,False
112,5360,2024-05-26,1,2,49.98,20.0,False
112,14480,2024-04-17,2,4,809.96,324.0,False
112,13075,2024-01-03,1,3,269.97,108.0,False
112,8235,2023-10-15,4,5,919.95,368.0,True
112,3350,2023-08-05,2,5,1649.95,660.0,False
112,8825,2022-11-23,2,3,539.88,215.96,False
112,8978,2022-09-12,3,5,329.5,131.8,True
112,2153,2022-05-12,1,2,79.8,31.92,False
112,9711,2022-03-19,1,3,269.7,107.88,False
112,12929,2022-02-18,4,10,1449.72,579.92,False
112,13993,2021-11-10,2,4,429.69,171.88,False
112,5848,2021-09-28,3,6,594.85,237.96,False
112,11466,2021-08-25,2,5,304.68,121.88,False
112,4563,2021-05-21,4,10,1659.81,663.96,False
112,2307,2020-10-28,4,6,629.85,251.96,False
112,4227,2020-09-07,1,1,249.99,100.0,False
112,7830,2020-04-18,2,4,539.96,216.0,False
112,833,2020-02-25,2,4,299.96,120.0,True
113,7619,2025-12-10,4,11,2259.71,903.92,False
113,10197,2025-07-27,2,2,274.98,110.0,False
113,12083,2024-12-01,4,10,2379.63,951.88,True
113,2008,2024-11-17,2,3,799.97,320.0,False
113,9646,2024-11-16,3,3,474.97,190.0,False
113,8921,2024-09-08,4,7,414.66,165.88,False
113,13680,2024-08-31,1,3,239.97,96.0,False
113,13030,2024-03-02,3,8,1099.47,439.8,False
113,1116,2023-12-25,2,4,329.96,132.0,False
113,8208,2022-11-06,1,3,749.97,300.0,False
113,7873,2022-03-11,4,10,1344.9,538.0,False
113,4472,2022-02-10,1,2,51.98,20.8,False
113,14606,2021-12-06,2,4,679.78,271.92,False
113,11942,2020-09-01,1,1,249.99,100.0,False
113,1076,2020-05-13,3,6,509.58,203.84,False
113,5838,2020-03-16,1,2,99.98,40.0,False
113,7220,2020-01-17,2,4,419.96,168.0,False
114,2081,2025-07-24,3,6,939.94,376.0,False
114,12016,2025-01-01,4,8,969.92,388.0,True
114,13985,2024-12-10,2,2,104.89,41.96,False
114,10611,2024-08-22,1,3,164.7,65.88,False
114,14073,2024-07-18,1,1,49.99,20.0,False
114,187,2024-06-21,3,8,899.47,359.8,False
114,3616,2024-03-20,1,3,899.97,360.0,False
114,10450,2023-12-04,3,7,1159.75,463.92,True
114,13701,2023-06-16,3,6,704.94,282.0,False
114,11699,2023-03-29,3,9,809.91,324.0,False
114,4302,2022-10-16,3,4,609.96,244.0,False
114,11206,2022-07-16,3,7,1299.93,520.0,False
114,12533,2022-06-02,1,1,89.99,36.0,False
114,7212,2021-04-13,1,2,599.98,240.0,False
114,9523,2020-12-17,3,4,439.96,176.0,False
114,2149,2020-09-06,1,3,269.97,108.0,False
114,9265,2020-06-01,2,4,619.96,248.0,False
114,14240,2020-04-09,2,4,139.96,56.0,False
114,11283,2020-01-12,3,7,819.84,327.96,False
115,10011,2024-06-19,2,5,529.95,212.0,False
115,10437,2024-02-19,3,5,489.68,195.88,False
115,3594,2023-10-29,4,8,1299.92,520.0,True
115,7826,2023-05-31,3,6,669.49,267.8,False
115,6974,2023-02-03,1,2,179.98,72.0,False
115,1213,2022-12-19,3,5,489.95,196.0,True
115,7825,2022-10-17,4,7,1729.93,692.0,True
115,10350,2022-07-08,4,8,784.38,313.76,False
115,8846,2021-10-10,4,10,1339.36,535.76,False
115,2821,2021-07-13,4,11,1859.35,743.76,True
115,13551,2021-05-05,2,3,659.97,264.0,False
115,10481,2021-02-08,3,7,579.48,231.8,False
115,6561,2020-09-20,1,3,299.97,120.0,False
115,7627,2020-05-11,4,5,859.86,343.96,False
115,9001,2020-01-11,1,2,379.98,152.0,False
116,13723,2025-10-21,1,3,74.7,29.88,False
116,11852,2025-08-22,4,8,1072.74,429.12,False
116,607,2025-06-05,3,4,309.78,123.92,False
116,12487,2025-05-08,3,7,334.39,133.76,False
116,11410,2024-09-17,2,4,319.96,128.0,True
116,12956,2024-09-01,3,5,429.68,171.88,False
116,9223,2024-07-28,3,4,364.78,145.92,False
116,10791,2024-05-07,4,9,979.46,391.8,False
116,3448,2024-03-20,2,5,1279.95,512.0,False
116,2613,2024-01-30,1,1,19.99,8.0,False
116,8548,2023-10-19,1,3,1049.97,420.0,False
116,10412,2023-09-29,3,6,669.67,267.88,False
116,3754,2023-08-13,1,2,319.98,128.0,False
116,6804,2023-06-04,3,5,305.68,122.28,False
116,10329,2023-02-21,3,9,1169.37,467.76,False
116,8771,2023-01-06,4,11,1099.62,439.88,True
116,13350,2022-10-19,1,2,79.98,32.0,False
116,4205,2022-06-03,1,2,119.98,48.0,False
116,956,2021-12-30,1,3,239.97,96.0,False
116,857,2021-09-19,3,4,659.6,263.84,False
116,12642,2020-09-08,2,2,239.98,96.0,False
117,12779,2025-10-10,4,8,574.74,229.92,False
117,8633,2025-06-08,3,6,1299.76,519.92,False
117,4008,2025-05-20,2,4,779.78,311.92,False
117,4958,2025-05-19,3,7,1529.93,612.0,False
117,92,2025-05-16,1,1,34.99,14.0,False
117,6806,2025-05-09,2,3,294.97,118.0,False
117,8385,2025-04-14,1,2,299.98,120.0,False
117,6956,2025-04-06,1,2,199.8,79.92,False
117,7379,2024-11-19,1,1,39.99,16.0,False
117,7470,2024-05-22,1,2,139.8,55.92,False
117,8414,2024-04-25,1,1,99.9,39.96,False
117,9915,2024-02-05,1,2,159.98,64.0,False
117,14852,2024-01-26,4,8,989.74,395.92,True
117,1498,2024-01-24,3,5,339.95,136.0,True
117,5869,2024-01-11,2,3,509.79,203.92,False
117,693,2023-10-30,4,8,1279.56,511.84,True
117,5970,2023-05-14,4,9,884.37,353.76,False
117,11742,2023-03-23,4,9,789.46,315.8,False
117,4868,2022-12-28,2,4,199.96,80.0,False
117,14872,2022-06-01,4,6,1079.94,432.0,False
117,3239,2021-07-15,4,9,899.64,359.88,False
117,11326,2021-07-10,4,8,819.65,327.88,True
117,10743,2021-05-30,3,7,1129.93,452.0,False
117,6734,2020-04-22,2,5,719.77,287.92,False
117,14410,2020-03-01,2,3,139.97,56.0,False
117,10464,2020-02-21,1,3,77.97,31.2,False
118,5899,2025-11-08,3,6,484.49,193.8,False
118,9892,2025-05-25,3,8,879.65,351.88,False
118,431,2025-05-24,4,8,1259.74,503.92,True
118,8616,2025-03-16,1,1,99.9,39.96,False
118,1595,2024-08-11,2,6,599.67,239.88,False
118,7952,2024-06-23,4,8,964.92,386.0,False
118,11366,2024-05-17,1,2,49.98,20.0,False
118,9770,2023-08-31,2,5,389.5,155.8,False
118,11183,2023-04-09,2,2,209.89,83.96,True
118,198,2022-11-10,4,8,879.65,351.88,True
118,6110,2022-08-17,1,1,89.9,35.96,True
118,4751,2022-06-15,4,9,1029.82,411.96,False
118,3970,2022-01-01,2,4,729.87,291.96,False
118,6704,2021-08-05,2,4,419.78,167.92,False
118,4484,2021-07-10,2,5,819.95,328.0,False
118,11016,2021-06-05,2,4,159.6,63.84,False
118,14294,2021-05-30,2,4,129.96,52.0,False
118,8675,2021-01-08,3,5,330.95,132.4,False
118,3772,2020-11-03,4,6,1039.76,415.92,True
118,13285,2020-10-20,4,6,769.67,307.88,False
118,12878,2020-09-26,1,1,79.99,32.0,False
118,9945,2020-08-07,3,7,519.75,207.92,False
118,4404,2020-05-03,3,6,419.94,168.0,False
118,459,2020-03-23,3,6,739.67,295.88,False
119,10598,2025-12-08,1,1,39.9,15.96,False
119,4752,2025-01-11,4,10,1569.45,627.8,False
119,5371,2024-09-27,2,5,559.77,223.92,True
119,4572,2024-03-11,2,3,249.79,99.92,False
119,10513,2023-08-16,1,2,319.98,128.0,False
119,7713,2023-08-13,3,7,509.75,203.92,False
119,6219,2023-07-11,1,1,34.99,14.0,False
119,467,2022-12-04,3,6,1029.76,411.92,False
119,6517,2022-09-19,1,2,239.8,95.92,False
119,9773,2022-06-05,2,4,184.69,73.88,False
119,442,2022-04-07,2,3,89.88,35.96,True
119,7351,2022-01-13,1,1,299.99,120.0,False
119,9417,2021-08-03,2,3,599.79,239.92,False
119,915,2021-05-15,1,1,89.99,36.0,False
119,14746,2020-06-06,4,7,1254.84,501.96,False
119,2629,2020-01-19,1,1,24.99,10.0,False
120,14464,2024-10-25,2,5,759.68,303.88,True
120,7368,2024-04-24,2,3,65.97,26.4,False
120,4744,2023-12-18,1,3,299.7,119.88,False
120,5483,2023-11-09,1,3,89.97,36.0,False
120,6918,2022-01-07,2,2,179.89,71.96,True
120,5545,2021-11-28,4,9,819.82,327.96,True
120,14174,2021-11-19,4,6,579.85,231.96,False
120,5901,2021-04-02,1,3,269.97,108.0,False
120,11491,2020-08-11,2,4,1199.96,480.0,False
120,7232,2020-04-03,4,10,674.36,269.76,True
120,8931,2020-03-18,1,2,39.98,16.0,False
120,3982,2020-02-04,1,3,599.7,239.88,False
121,3614,2025-12-07,3,7,1329.66,531.88,False
121,14397,2025-10-06,3,7,1719.93,688.0,False
121,6841,2025-08-13,1,1,19.99,8.0,False
121,7796,2025-07-22,4,11,969.62,387.88,False
121,75,2025-05-11,4,8,1129.74,451.92,False
121,7871,2024-09-10,3,7,799.84,319.96,False
121,1627,2024-06-28,3,4,199.96,80.0,False
121,13856,2023-12-03,3,7,639.57,255.84,False
121,2795,2023-10-28,4,9,1259.64,503.88,False
121,12068,2023-08-23,1,2,119.98,48.0,False
121,9897,2023-02-20,3,6,499.94,200.0,False
121,12614,2022-03-15,4,5,755.68,302.28,False
121,8808,2022-03-04,2,5,789.95,316.0,False
121,7754,2021-09-21,2,5,369.68,147.88,False
121,8038,2021-08-24,3,5,579.59,231.84,False
121,1647,2021-06-22,4,5,539.77,215.92,True
121,2230,2021-02-15,3,6,889.67,355.88,False
121,3997,2021-01-29,2,3,169.79,67.92,False
121,11130,2020-10-10,1,2,179.8,71.92,False
121,6057,2020-07-02,3,7,417.93,167.2,False
121,6720,2020-06-11,2,3,149.97,60.0,False
121,6780,2020-03-13,3,7,1509.75,603.92,False
122,2545,2025-09-03,1,3,179.97,72.0,False
122,2304,2025-04-28,3,5,389.86,155.96,True
122,8417,2025-02-24,4,7,1069.93,428.0,False
122,3198,2024-06-15,3,6,519.76,207.92,True
122,13345,2024-05-14,4,11,979.62,391.88,False
122,5064,2024-04-24,4,10,1179.63,471.88,False
122,7349,2024-03-22,4,8,1549.47,619.8,False
122,8972,2024-02-21,1,3,299.97,120.0,False
122,12331,2023-04-25,1,2,319.98,128.0,False
122,8604,2022-03-07,1,2,199.8,79.92,False
122,3335,2021-08-15,4,10,1467.72,587.12,False
122,583,2021-05-22,1,3,59.97,24.0,False
122,10187,2021-04-03,4,6,559.49,223.8,False
122,13810,2020-11-21,2,5,469.95,188.0,False
122,3691,2020-09-29,3,7,559.66,223.88,False
122,10151,2020-09-11,1,1,119.9,47.96,False
122,7396,2020-07-09,4,6,1039.85,415.96,False
122,5191,2020-05-09,3,3,219.97,88.0,False
123,12000,2025-08-27,3,4,509.87,203.96,False
123,5274,2025-08-12,2,3,419.97,168.0,False
123,2627,2025-07-26,4,6,419.94,168.0,False
123,12825,2025-07-21,2,4,167.96,67.2,False
123,6375,2025-03-20,1,3,179.97,72.0,False
123,7502,2024-12-23,2,3,469.97,188.0,False
123,6871,2024-11-28,4,10,2149.9,860.0,False
123,5624,2024-11-15,4,8,879.47,351.8,False
123,10804,2024-08-25,1,2,99.98,40.0,False
123,8847,2024-07-12,2,3,159.79,63.92,False
123,8347,2024-03-03,3,3,279.88,111.96,False
123,2607,2023-08-02,3,6,319.94,128.0,False
123,7632,2023-05-18,3,4,254.6,101.84,True
123,5255,2023-03-25,1,3,1199.97,480.0,False
123,6172,2022-08-28,4,8,1899.92,760.0,True
123,11358,2022-06-29,2,5,437.95,175.2,False
123,13517,2022-06-29,2,2,339.89,135.96,True
123,2201,2022-01-22,1,1,149.99,60.0,False
123,10387,2022-01-18,1,2,799.98,320.0,False
123,952,2021-12-05,1,3,359.7,143.88,False
123,10289,2021-07-28,1,1,129.99,52.0,False
123,13381,2020-08-29,1,2,499.98,200.0,False
123,8598,2020-04-25,1,2,259.98,104.0,False
123,14262,2020-02-18,4,9,1559.64,623.88,False
124,6490,2025-07-27,3,5,609.59,243.84,False
124,684,2025-07-26,4,6,484.85,193.96,False
124,10722,2025-01-31,3,4,714.96,286.0,False
124,5153,2024-05-18,4,8,1074.38,429.76,False
124,10085,2024-03-10,2,2,84.98,34.0,False
124,8189,2023-09-22,4,6,477.85,191.16,False
124,4914,2023-07-26,3,5,349.95,140.0,False
124,7783,2022-04-05,1,1,129.99,52.0,True
124,5894,2021-12-13,3,7,949.66,379.88,False
124,12837,2021-11-23,3,7,312.84,125.16,False
124,13098,2021-10-06,4,5,689.95,276.0,False
124,2242,2020-12-09,2,3,329.79,131.92,False
124,9737,2020-04-17,2,3,629.88,251.96,False
124,7504,2020-02-04,4,9,1639.73,655.92,True
124,12281,2020-01-10,3,8,859.65,343.88,False
125,14509,2025-12-21,4,8,684.65,273.88,False
125,10790,2025-12-04,4,11,1579.44,631.8,True
125,2269,2025-10-25,4,8,389.56,155.84,False
125,14582,2024-12-31,4,7,499.75,199.92,True
125,2344,2024-11-27,2,4,239.96,96.0,False
125,1175,2024-07-12,4,8,859.65,343.88,False
125,4669,2024-06-18,4,8,569.92,228.0,False
125,8584,2024-06-16,1,2,99.98,40.0,False
125,13535,2024-05-30,2,5,409.95,164.0,True
125,9035,2024-02-11,4,8,664.83,265.96,True
125,12261,2024-01-12,4,5,429.86,171.96,False
125,810,2023-09-04,3,8,504.38,201.76,False
125,2145,2023-05-03,1,2,79.98,32.0,False
125,5109,2023-05-03,1,1,79.99,32.0,False
125,2291,2022-07-06,4,6,709.85,283.96,False
125,13675,2022-06-28,3,6,539.67,215.88,False
125,275,2022-06-02,1,2,59.98,24.0,False
125,4444,2022-01-20,1,1,89.9,35.96,False
125,13521,2021-10-08,2,5,569.95,228.0,True
125,3200,2021-04-05,1,3,389.97,156.0,False
125,7734,2021-03-26,2,6,494.94,198.0,False
125,8558,2020-10-18,3,6,579.94,232.0,False
125,8607,2020-03-29,1,3,59.97,24.0,False
125,9275,2020-03-13,1,2,51.98,20.8,False
126,10932,2025-11-03,3,5,694.95,278.0,False
126,7861,2025-09-22,3,8,664.47,265.8,False
126,11751,2025-07-13,1,3,359.97,144.0,False
126,11836,2025-04-02,2,5,649.68,259.88,False
126,11863,2024-12-09,3,4,669.78,267.92,False
126,2831,2024-12-07,4,10,669.72,267.92,False
126,12377,2023-10-16,1,1,79.99,32.0,False
126,2894,2023-09-07,4,6,1329.76,531.92,False
126,3879,2023-05-22,3,6,1489.67,595.88,False
126,13925,2022-10-26,2,2,289.89,115.96,False
126,9014,2022-05-05,4,10,1159.36,463.76,False
126,5720,2022-03-17,3,6,319.94,128.0,False
126,7872,2022-01-09,1,2,79.8,31.92,False
126,13911,2021-03-21,2,4,399.78,159.92,False
126,3266,2020-08-15,2,3,139.88,55.96,False
126,9889,2020-02-20,3,5,729.77,291.92,False
126,7836,2020-01-06,1,3,899.97,360.0,False
127,9147,2025-10-28,3,5,439.95,176.0,False
127,8695,2025-10-27,2,2,144.8,57.92,False
127,14187,2025-08-25,1,2,499.98,200.0,False
127,7294,2025-05-14,1,1,19.99,8.0,False
127,3995,2024-12-16,2,6,689.94,276.0,False
127,3938,2024-09-30,3,6,589.94,236.0,False
127,8534,2024-01-19,4,8,904.92,362.0,False
127,13797,2023-10-16,3,4,431.96,172.8,False
127,5639,2023-05-09,3,7,739.93,296.0,True
127,181,2023-02-17,4,7,679.66,271.88,False
127,44,2023-01-13,1,2,499.98,200.0,False
127,7570,2022-09-05,2,5,1399.95,560.0,False
127,9877,2021-12-18,1,2,399.8,159.92,False
127,12358,2021-08-11,2,3,559.79,223.92,False
127,12248,2021-01-14,3,6,705.67,282.28,False
127,5325,2020-10-03,3,7,1429.93,572.0,False
127,6686,2020-09-18,3,7,819.66,327.88,False
128,12686,2025-10-18,1,2,259.98,104.0,True
128,14022,2025-07-05,3,4,159.96,64.0,False
128,7990,2025-05-13,1,3,149.97,60.0,False
128,10826,2024-07-30,2,4,659.6,263.84,False
128,2718,2024-05-12,2,6,509.67,203.88,True
128,10467,2024-01-13,4,6,789.76,315.92,False
128,5876,2023-08-08,4,9,1039.73,415.92,False
128,11801,2023-07-26,3,7,1749.93,700.0,False
128,67,2023-01-27,2,5,1189.77,475.92,False
128,5602,2022-10-30,1,3,89.97,36.0,False
128,12668,2022-03-13,3,8,424.74,169.92,False
128,9635,2021-09-23,4,6,394.58,157.84,False
128,3589,2021-09-08,2,3,419.97,168.0,True
128,7290,2021-04-23,4,9,649.64,259.88,False
128,2218,2021-04-20,4,8,789.92,316.0,False
128,2563,2021-04-17,4,6,589.76,235.92,False
128,4253,2021-02-15,4,8,799.92,320.0,False
128,13684,2020-09-30,2,3,239.97,96.0,False
128,14155,2020-07-19,3,5,379.86,151.96,False
128,7662,2020-05-01,4,9,654.28,261.72,False
128,5563,2020-02-10,1,1,39.9,15.96,False
129,1502,2025-10-27,3,6,649.94,260.0,False
129,6618,2025-09-30,4,8,419.65,167.88,False
129,4392,2025-07-23,3,9,989.64,395.88,False
129,14613,2024-06-17,4,8,549.83,219.96,True
129,4360,2024-06-13,4,7,1409.93,564.0,True
129,6854,2024-04-21,2,2,169.98,68.0,False
129,4996,2024-01-10,2,5,699.68,279.88,False
129,2163,2023-12-23,1,3,179.97,72.0,False
129,7203,2023-06-03,2,5,769.95,308.0,False
129,1071,2022-09-19,4,9,999.64,399.88,False
129,4237,2021-11-16,3,7,729.39,291.76,False
129,9509,2021-05-24,3,6,909.85,363.96,False
129,10905,2020-10-26,4,8,399.56,159.84,False
129,3442,2020-07-09,2,6,539.94,216.0,False
129,2096,2020-06-14,2,5,289.77,115.92,False
129,8758,2020-05-31,2,2,299.89,119.96,False
130,7030,2025-12-30,3,5,779.77,311.92,False
130,8418,2025-09-29,1,3,269.7,107.88,False
130,13236,2025-09-19,4,9,579.55,231.84,False
130,3316,2025-01-21,1,2,599.98,240.0,False
130,1383,2024-08-29,2,5,829.77,331.92,True
130,10170,2024-08-03,1,2,259.98,104.0,False
130,2618,2024-05-24,3,5,669.68,267.88,False
130,1646,2024-04-16,3,5,839.59,335.84,False
130,10762,2023-12-16,4,9,1509.46,603.8,True
130,6218,2023-11-21,3,6,411.94,164.8,False
130,497,2023-11-12,3,5,755.68,302.28,False
130,3493,2023-04-25,1,2,109.8,43.92,False
130,8191,2023-02-01,3,4,349.96,140.0,False
130,10622,2023-01-14,3,7,649.93,260.0,False
130,4319,2022-11-25,3,5,869.95,348.0,False
130,12284,2021-08-30,3,7,584.93,234.0,False
130,5576,2021-08-06,4,7,719.93,288.0,False
130,10409,2021-01-01,3,6,729.94,292.0,False
130,8518,2020-04-04,1,1,79.99,32.0,False
130,12939,2020-03-22,2,4,459.87,183.96,False
131,1224,2025-10-16,4,9,1167.73,467.12,False
131,2828,2025-10-14,3,8,1129.65,451.88,False
131,4569,2025-01-13,4,9,859.37,343.76,True
131,11679,2024-01-21,2,5,1099.77,439.92,False
131,2245,2024-01-19,1,1,19.99,8.0,False
131,3312,2024-01-13,4,7,1059.93,424.0,False
131,7077,2023-12-11,1,2,359.98,144.0,False
131,1579,2023-11-12,4,11,1514.62,605.88,False
131,13063,2022-12-21,3,5,749.95,300.0,False
131,14869,2022-11-19,2,4,474.87,189.96,False
131,2371,2022-09-23,2,5,339.68,135.88,False
131,7199,2022-03-23,1,2,299.98,120.0,False
131,6192,2022-02-01,2,3,254.88,101.96,False
131,14609,2021-08-24,1,2,259.8,103.92,False
131,14880,2021-06-13,2,5,909.95,364.0,False
131,5062,2021-05-12,1,3,899.97,360.0,False
131,7454,2021-04-19,1,1,69.99,28.0,False
131,11266,2020-05-13,1,3,164.7,65.88,False
132,11400,2025-11-10,2,4,179.78,71.92,False
132,9497,2025-09-13,1,3,389.97,156.0,False
132,8324,2025-09-02,4,9,1279.82,511.96,False
132,3025,2025-06-09,3,5,589.59,235.84,False
132,4739,2025-03-09,4,6,1339.76,535.92,False
132,8942,2024-12-30,1,3,419.97,168.0,False
132,3046,2024-12-07,1,3,1049.97,420.0,False
132,7680,2024-06-27,3,6,969.67,387.88,False
132,2807,2024-03-16,2,4,749.6,299.84,False
132,12491,2024-01-21,2,6,989.67,395.88,False
132,12192,2022-06-26,4,12,1469.61,587.88,False
132,6598,2022-06-21,1,2,379.98,152.0,False
132,828,2022-06-05,3,8,569.65,227.88,False
132,11224,2022-03-14,4,8,669.83,267.96,False
132,6919,2021-06-29,4,10,749.72,299.92,False
132,14300,2021-01-19,1,1,159.99,64.0,False
132,13372,2020-09-22,2,3,879.97,352.0,False
133,9763,2025-10-28,4,8,609.65,243.88,False
133,14282,2025-08-20,2,5,549.68,219.88,False
133,11607,2025-07-06,3,6,799.4,319.76,False
133,2961,2025-02-23,4,8,1494.92,598.0,False
133,994,2025-02-15,3,5,499.59,199.84,False
133,3579,2025-01-28,1,3,479.97,192.0,False
133,14306,2025-01-20,2,5,489.5,195.8,False
133,13254,2024-08-10,3,4,279.96,112.0,False
133,29,2024-02-29,2,4,439.96,176.0,False
133,14490,2024-02-18,3,6,421.94,168.8,False
133,115,2023-11-07,4,9,1019.64,407.88,False
133,1705,2023-09-02,3,5,1309.95,524.0,False
133,831,2023-02-20,1,2,59.98,24.0,False
133,6673,2022-12-05,1,2,159.98,64.0,False
133,13785,2022-07-19,3,7,779.93,312.0,False
133,1334,2020-10-03,3,6,544.58,217.84,False
133,8503,2020-05-02,2,3,299.79,119.92,False
133,2041,2020-03-31,3,6,739.94,296.0,True
133,5217,2020-03-24,2,5,364.95,146.0,False
133,13184,2020-03-24,1,1,299.99,120.0,False
134,11528,2025-10-16,3,6,449.76,179.92,False
134,6838,2025-08-16,3,5,799.86,319.96,False
134,455,2025-06-19,1,1,54.9,21.96,False
134,1944,2025-04-30,3,7,1369.57,547.84,False
134,13313,2025-04-26,2,6,599.94,240.0,False
134,161,2025-03-31,1,1,249.99,100.0,False
134,10523,2025-03-05,3,7,1619.84,647.96,False
134,12608,2024-09-08,2,3,239.88,95.96,False
134,3071,2024-08-23,2,6,284.67,113.88,False
134,6317,2024-07-12,4,7,1389.84,555.96,True
134,11557,2024-05-09,4,8,1119.74,447.92,True
134,13532,2024-02-29,1,3,59.97,24.0,False
134,5925,2024-02-24,3,5,389.59,155.84,False
134,7035,2023-09-14,2,4,149.96,60.0,False
134,14534,2023-04-05,3,6,519.85,207.96,False
134,4234,2022-11-25,2,2,424.89,169.96,False
134,1069,2022-09-19,1,3,899.97,360.0,False
134,9230,2022-06-05,2,3,219.79,87.92,False
134,13431,2022-03-15,3,4,269.96,108.0,False
134,3241,2022-03-06,1,1,39.99,16.0,False
134,13962,2022-02-25,2,4,519.96,208.0,False
134,13028,2022-02-24,4,6,901.94,360.8,False
134,6714,2021-03-16,4,8,509.56,203.84,False
134,13056,2020-08-26,2,3,539.97,216.0,True
134,13913,2020-08-02,1,3,164.7,65.88,False
134,3844,2020-04-30,1,3,179.97,72.0,False
134,6708,2020-04-26,1,3,449.97,180.0,False
135,14577,2025-08-04,2,6,134.94,54.0,False
135,10309,2025-04-22,4,9,1259.64,503.88,False
135,7548,2025-04-07,4,11,1369.17,547.68,False
135,1052,2025-03-02,3,8,914.92,366.0,True
135,2886,2024-10-16,1,2,179.98,72.0,False
135,2624,2024-07-21,3,5,789.95,316.0,True
135,414,2022-12-13,2,2,229.8,91.92,False
135,7553,2022-10-18,2,2,199.98,80.0,False
135,6012,2022-05-27,3,7,634.93,254.0,False
135,2342,2022-05-05,3,8,719.65,287.88,False
135,14694,2022-04-27,4,7,839.84,335.96,False
135,9327,2022-03-05,1,3,77.97,31.2,False
135,8297,2022-01-13,2,4,654.6,261.84,False
135,2926,2020-12-26,4,7,299.66,119.88,False
135,8693,2020-12-15,3,5,269.95,108.0,False
135,5218,2020-11-19,1,2,79.8,31.92,False
135,12245,2020-05-31,4,8,1074.47,429.8,False
136,1480,2025-07-07,1,2,179.98,72.0,False
136,3710,2025-04-11,1,3,389.97,156.0,False
136,4674,2025-04-09,4,9,1049.73,419.92,False
136,11178,2024-12-07,3,6,1239.67,495.88,False
136,11869,2024-03-13,3,4,539.78,215.92,True
136,8100,2024-02-03,1,3,479.97,192.0,False
136,2424,2023-06-25,3,4,299.78,119.92,False
136,13880,2023-06-05,3,4,239.78,95.92,False
136,4711,2023-05-31,2,4,189.96,76.0,False
136,12746,2023-03-30,2,3,419.97,168.0,False
136,5335,2023-03-01,4,7,1239.93,496.0,False
136,5496,2023-01-18,2,3,489.88,195.96,False
136,7639,2022-11-17,3,9,1169.64,467.88,True
136,328,2022-05-02,4,11,937.62,375.08,False
136,12277,2022-03-02,4,8,809.92,324.0,True
136,11063,2021-12-28,1,3,749.97,300.0,False
136,3716,2021-12-17,3,6,489.94,196.0,False
136,12840,2021-02-28,4,6,629.67,251.88,True
136,2775,2021-01-28,4,8,399.47,159.8,False
136,9192,2020-12-30,1,3,539.97,216.0,False
136,2790,2020-11-06,2,4,309.96,124.0,False
137,13071,2025-12-20,4,6,809.67,323.88,True
137,587,2025-10-28,2,4,379.69,151.88,False
137,13657,2025-06-14,4,10,1349.9,540.0,False
137,4068,2024-08-29,3,5,489.95,196.0,False
137,12104,2024-08-19,3,8,1549.92,620.0,False
137,6776,2024-08-04,4,8,1199.74,479.92,False
137,13237,2024-06-29,1,2,239.98,96.0,False
137,12831,2024-04-09,1,3,1049.97,420.0,False
137,13772,2024-03-05,1,3,179.97,72.0,False
137,3498,2024-02-29,1,2,49.98,20.0,False
137,8022,2023-09-02,3,3,349.88,139.96,False
137,9899,2023-05-28,3,6,359.49,143.8,False
137,9043,2023-03-13,4,10,2009.63,803.88,False
137,2564,2022-08-29,1,2,499.98,200.0,False
137,11582,2022-07-28,2,5,659.95,264.0,False
137,10234,2022-04-15,4,9,1439.73,575.92,False
137,6710,2022-03-20,2,4,169.96,68.0,False
137,14476,2022-02-28,3,5,469.95,188.0,False
137,7745,2022-02-07,2,3,309.97,124.0,False
137,14392,2021-11-18,4,9,919.37,367.76,False
137,11159,2021-11-12,3,6,729.58,291.84,False
137,9860,2021-06-24,3,8,509.92,204.0,False
137,1294,2021-04-12,2,4,259.69,103.88,False
137,7941,2021-02-24,1,1,25.99,10.4,False
137,1257,2020-12-26,2,2,144.89,57.96,False
137,4670,2020-07-07,4,10,487.9,195.2,False
138,4263,2025-12-08,3,7,1479.75,591.92,False
138,5744,2024-11-15,4,7,859.93,344.0,False
138,11413,2024-05-20,3,7,1399.75,559.92,False
138,14645,2024-03-17,2,5,1279.95,512.0,False
138,7397,2023-11-23,3,6,839.94,336.0,False
138,11954,2023-09-17,4,9,1579.64,631.88,False
138,618,2023-08-24,3,7,1599.93,640.0,False
138,4494,2023-08-03,2,4,1029.87,411.96,False
138,10255,2023-07-31,4,7,859.57,343.84,False
138,8003,2023-06-27,2,5,549.95,220.0,False
138,11404,2023-05-17,1,1,129.99,52.0,False
138,4581,2023-01-26,1,2,599.98,240.0,False
138,7921,2022-12-05,3,7,529.57,211.84,False
138,9142,2021-11-02,1,2,299.8,119.92,False
138,7967,2021-09-02,2,2,339.89,135.96,False
138,4781,2021-07-28,1,1,89.9,35.96,False
138,14602,2020-12-19,1,3,749.97,300.0,False
138,8531,2020-12-11,1,1,189.99,76.0,False
138,1758,2020-09-11,1,3,899.97,360.0,False
138,10972,2020-08-14,1,2,179.98,72.0,False
138,3336,2020-06-04,3,4,149.96,60.0,False
138,563,2020-01-08,2,2,199.89,79.96,False
139,6162,2025-12-23,4,8,436.38,174.56,False
139,9015,2025-07-13,4,5,399.95,160.0,True
139,11634,2025-07-07,1,2,179.98,72.0,False
139,13089,2025-06-13,2,2,225.89,90.36,False
139,2754,2025-05-18,4,7,544.57,217.84,False
139,5918,2025-01-28,3,6,649.4,259.76,False
139,440,2024-08-01,2,5,829.95,332.0,False
139,3494,2023-06-30,2,4,419.96,168.0,True
139,8350,2023-05-24,1,3,899.97,360.0,False
139,925,2022-11-04,3,5,304.95,122.0,False
139,3870,2022-09-03,2,5,564.68,225.88,False
139,11385,2021-12-31,2,5,1249.77,499.92,False
139,579,2021-08-10,4,7,484.66,193.88,False
139,12870,2021-05-23,1,1,299.99,120.0,False
139,9026,2021-03-14,1,3,119.97,48.0,False
139,14834,2020-09-29,4,8,699.74,279.92,False
140,1571,2025-07-14,4,9,549.64,219.88,True
140,5968,2025-01-09,4,6,739.76,295.92,False
140,1466,2024-08-03,1,2,109.8,43.92,False
140,2958,2024-07-21,4,8,1099.92,440.0,False
140,14711,2024-06-15,4,7,1079.75,431.92,False
140,6098,2024-05-19,3,5,419.77,167.92,False
140,9296,2024-03-02,1,1,199.99,80.0,False
140,12351,2024-02-10,4,10,1999.9,800.0,False
140,5077,2023-12-23,3,4,364.96,146.0,False
140,2760,2023-10-21,2,6,659.94,264.0,True
140,11698,2023-09-11,3,5,259.95,104.0,False
140,7582,2023-09-06,4,9,1569.64,627.88,False
140,5339,2023-08-05,2,5,117.95,47.2,False
140,8648,2023-03-20,4,8,1159.74,463.92,False
140,2576,2023-02-22,2,4,919.96,368.0,False
140,14961,2023-01-17,2,3,205.97,82.4,False
140,8835,2022-10-05,4,9,719.64,287.88,False
140,13468,2022-09-20,4,6,1159.67,463.88,False
140,3123,2022-09-17,3,3,339.88,135.96,False
140,1143,2022-05-03,1,3,239.97,96.0,False
140,3873,2022-04-16,4,11,1094.35,437.76,False
140,3140,2021-10-19,2,6,1139.94,456.0,False
140,3535,2021-02-27,2,4,139.96,56.0,False
140,14599,2021-02-27,4,7,1034.75,413.92,False
140,1344,2021-01-01,2,5,1379.95,552.0,False
140,1578,2020-11-30,3,8,829.65,331.88,False
140,3084,2020-08-23,4,8,644.56,257.84,False
140,11728,2020-04-04,3,8,1249.65,499.88,True
141,1780,2025-11-23,2,4,199.78,79.92,False
141,9624,2025-08-20,1,3,149.7,59.88,False
141,13158,2025-07-28,2,3,309.79,123.92,False
141,8908,2025-06-12,2,6,1109.94,444.0,False
141,7111,2025-03-01,2,4,619.96,248.0,False
141,9018,2024-11-02,1,1,159.99,64.0,False
141,7218,2024-10-06,1,1,199.99,80.0,False
141,495,2024-07-28,2,3,499.79,199.92,False
141,6393,2024-07-19,3,6,309.85,123.96,False
141,5280,2024-07-03,1,2,179.98,72.0,False
141,14072,2024-06-19,3,6,1209.67,483.88,False
141,7929,2024-03-20,4,9,1149.46,459.8,False
141,3575,2024-01-12,3,4,361.96,144.8,False
141,10474,2023-12-31,1,1,139.99,56.0,False
141,11919,2023-11-15,4,10,1189.81,475.96,False
141,9246,2023-09-19,4,9,1239.37,495.76,False
141,12761,2023-07-13,3,5,329.5,131.8,False
141,9214,2023-03-29,2,4,459.96,184.0,True
141,2312,2023-01-08,4,7,1049.93,420.0,False
141,4255,2022-08-20,1,2,379.98,152.0,False
141,6143,2022-04-05,2,2,219.89,87.96,False
141,8859,2022-02-13,3,7,334.48,133.8,False
141,6867,2022-02-03,3,8,919.2,367.68,False
141,257,2021-11-22,1,3,239.97,96.0,False
141,4550,2021-10-30,4,8,1179.92,472.0,False
141,11309,2021-06-07,2,5,429.95,172.0,False
141,1180,2021-05-01,4,9,589.91,236.0,False
141,849,2021-04-11,3,5,329.77,131.92,False
142,5180,2025-09-28,3,7,1359.93,544.0,False
142,4163,2025-07-03,4,6,579.76,231.92,False
142,2299,2025-07-02,1,2,99.98,40.0,False
142,9680,2025-05-02,4,10,1509.9,604.0,False
142,6817,2025-04-05,3,5,309.95,124.0,False
142,9812,2025-01-09,4,9,879.91,352.0,True
142,6524,2024-10-12,3,4,354.6,141.84,True
142,5485,2024-09-01,4,8,1959.74,783.92,True
142,3463,2024-01-24,2,3,399.88,159.96,False
142,10984,2023-06-30,2,6,1049.94,420.0,True
142,353,2023-04-23,2,4,359.96,144.0,False
142,314,2023-02-09,1,3,299.7,119.88,False
142,8884,2022-11-05,4,6,384.85,153.96,False
142,12663,2022-08-22,2,2,99.98,40.0,False
142,13449,2022-05-08,2,3,209.97,84.0,False
142,10942,2022-01-25,1,1,129.99,52.0,False
142,14725,2021-12-10,1,1,39.9,15.96,False
142,1941,2021-11-20,3,8,1489.47,595.8,False
142,14689,2021-05-25,3,5,429.77,171.92,False
142,3318,2021-05-16,1,1,249.99,100.0,False
142,11609,2021-02-22,2,5,369.5,147.8,False
143,13013,2025-09-06,1,3,599.7,239.88,False
143,4045,2025-07-13,4,8,549.83,219.96,False
143,3648,2025-05-01,4,10,654.72,261.92,False
143,11363,2025-04-09,1,2,399.8,159.92,False
143,2591,2024-12-07,1,1,179.99,72.0,False
143,7417,2024-04-10,1,2,159.98,64.0,False
143,1631,2024-03-03,2,4,489.87,195.96,False
143,8774,2023-11-21,1,2,399.8,159.92,False
143,2584,2023-07-26,4,6,1059.76,423.92,False
143,3032,2022-06-03,4,7,549.66,219.88,False
143,8214,2021-10-17,1,1,79.99,32.0,False
143,4180,2021-10-14,4,9,719.73,287.92,True
143,2101,2021-02-26,1,2,59.98,24.0,False
143,2798,2020-12-27,3,4,364.87,145.96,False
143,9019,2020-09-08,2,6,1169.67,467.88,False
143,201,2020-06-22,1,3,269.7,107.88,False
143,1372,2020-05-07,2,6,1019.94,408.0,False
143,12046,2020-02-26,2,3,319.97,128.0,False
143,8254,2020-01-02,2,4,919.96,368.0,False
144,8947,2025-07-31,4,10,1084.36,433.76,False
144,401,2025-04-24,4,9,1039.64,415.88,False
144,12574,2025-03-22,4,6,364.85,145.96,False
144,2890,2024-12-17,1,1,89.99,36.0,False
144,1742,2024-12-13,4,9,1139.46,455.8,False
144,14547,2024-10-07,3,4,249.78,99.92,False
144,11403,2024-09-19,3,5,639.86,255.96,False
144,4975,2024-06-03,4,10,939.54,375.84,False
144,2408,2024-01-26,1,3,104.97,42.0,False
144,4054,2022-08-26,4,6,749.67,299.88,True
144,850,2021-06-25,4,9,1659.73,663.92,True
144,1648,2021-03-11,1,1,249.99,100.0,False
144,14377,2020-06-18,1,2,99.98,40.0,True
144,545,2020-03-29,1,3,59.97,24.0,False
144,6178,2020-02-11,4,6,949.94,380.0,False
145,6482,2025-06-07,4,7,459.93,184.0,False
145,2749,2025-06-06,4,9,564.46,225.8,False
145,11405,2024-12-19,2,4,374.69,149.88,True
145,554,2024-06-19,3,5,499.95,200.0,False
145,6612,2024-03-19,2,5,1339.95,536.0,False
145,11837,2024-02-18,2,4,299.96,120.0,False
145,4420,2023-11-08,2,4,539.96,216.0,False
145,14286,2023-05-09,4,8,784.83,313.96,False
145,4090,2022-10-12,1,1,149.99,60.0,False
145,5877,2021-12-02,1,3,119.7,47.88,False
145,11575,2021-06-10,4,6,269.76,107.92,False
145,1501,2020-09-20,3,7,524.66,209.88,False
145,6985,2020-09-15,2,2,339.89,135.96,False
145,8596,2020-03-14,1,2,69.98,28.0,True
145,2917,2020-02-27,4,8,1019.92,408.0,False
145,6163,2020-01-01,1,1,149.99,60.0,False
146,757,2025-09-03,4,8,2129.74,851.92,False
146,7285,2025-03-31,1,1,199.99,80.0,False
146,10434,2025-02-07,2,4,579.87,231.96,True
146,11736,2025-01-03,3,8,1199.38,479.76,False
146,2301,2024-11-22,3,7,449.66,179.88,False
146,2577,2024-06-16,2,4,659.87,263.96,False
146,14125,2024-01-13,1,2,399.98,160.0,False
146,10071,2023-10-10,1,1,25.99,10.4,False
146,8441,2023-06-13,3,8,1611.92,644.8,False
146,12997,2023-06-09,3,5,699.86,279.96,True
146,12558,2023-04-17,4,6,559.85,223.96,True
146,13025,2023-03-17,2,4,249.87,99.96,True
146,13910,2022-09-22,1,3,89.97,36.0,False
146,12028,2022-09-01,2,3,299.79,119.92,False
146,10227,2022-03-17,2,3,434.79,173.92,False
146,13566,2022-01-07,3,7,609.66,243.88,False
146,9996,2021-10-31,3,4,679.96,272.0,True
146,2044,2021-06-29,3,6,829.94,332.0,False
146,5572,2021-04-29,2,3,224.97,90.0,False
146,7979,2020-12-28,1,1,39.9,15.96,False
146,14346,2020-12-15,2,2,259.98,104.0,False
146,12944,2020-09-15,1,3,74.7,29.88,False
146,7727,2020-03-27,1,1,199.9,79.96,False
146,5361,2020-01-14,4,10,579.54,231.84,False
147,2170,2025-10-02,2,5,239.68,95.88,False
147,1567,2025-03-24,3,3,479.88,191.96,False
147,12743,2024-12-24,1,1,39.9,15.96,False
147,1499,2024-07-21,4,9,839.64,335.88,False
147,1805,2024-05-31,4,7,919.75,367.92,False
147,11660,2024-04-30,3,5,1109.77,443.92,False
147,5554,2024-04-21,4,6,1245.94,498.4,False
147,1824,2024-03-26,2,5,229.77,91.92,False
147,9566,2024-03-18,4,10,804.27,321.72,False
147,1493,2023-05-28,3,6,749.94,300.0,False
147,9957,2023-03-13,1,3,449.97,180.0,True
147,4587,2023-02-17,4,9,439.46,175.8,False
147,8523,2022-11-05,1,2,159.98,64.0,False
147,7845,2022-02-10,2,4,639.96,256.0,False
147,80,2021-11-20,3,5,534.95,214.0,True
147,1698,2021-06-17,1,3,59.97,24.0,False
147,6628,2021-06-09,1,1,299.99,120.0,False
147,106,2020-12-02,1,1,99.99,40.0,True
147,4199,2020-07-05,4,9,939.82,375.96,True
147,11220,2020-06-23,2,4,359.96,144.0,False
147,12091,2020-06-06,2,5,799.68,319.88,False
148,10156,2025-05-19,4,9,1399.73,559.92,False
148,8676,2024-09-12,4,10,1214.63,485.88,False
148,11132,2024-05-18,3,7,809.66,323.88,False
148,14977,2024-05-07,1,2,599.98,240.0,False
148,6568,2024-02-28,1,1,59.99,24.0,False
148,359,2023-12-05,3,6,509.94,204.0,False
148,8849,2023-08-16,3,8,539.92,216.0,False
148,5389,2023-06-20,1,2,79.98,32.0,False
148,1457,2023-03-21,4,8,1039.65,415.88,False
148,12555,2023-02-20,4,10,1029.54,411.84,False
148,9418,2023-01-28,2,2,379.98,152.0,False
148,6973,2022-08-01,2,5,639.95,256.0,False
148,11815,2022-07-21,1,2,179.8,71.92,False
148,11938,2022-06-24,3,4,339.96,136.0,False
148,13868,2022-03-31,2,6,677.67,271.08,False
148,6954,2022-02-03,4,5,579.95,232.0,False
148,8964,2021-10-01,1,1,69.99,28.0,False
148,9272,2021-09-21,2,2,209.89,83.96,True
148,13373,2021-06-27,2,2,269.89,107.96,False
148,13264,2021-03-26,3,6,689.67,275.88,False
148,13564,2021-01-03,2,5,389.77,155.92,False
148,10923,2020-12-01,1,3,164.7,65.88,False
148,1251,2020-09-14,4,9,739.46,295.8,False
148,7767,2020-09-03,2,3,289.79,115.92,False
148,2478,2020-08-29,3,7,449.66,179.88,False
148,9931,2020-08-19,1,2,699.98,280.0,False
148,5401,2020-05-09,3,6,689.94,276.0,False
148,1633,2020-04-26,1,1,39.9,15.96,False
148,4620,2020-03-11,4,10,1474.9,590.0,False
148,4935,2020-01-26,2,2,319.98,128.0,False
149,932,2025-11-18,1,1,99.9,39.96,False
149,9025,2025-11-08,2,4,144.69,57.88,False
149,36,2025-10-11,4,11,1089.62,435.88,False
149,11184,2025-07-03,3,4,129.87,51.96,False
149,1449,2025-02-11,1,3,179.97,72.0,False
149,4713,2025-01-06,3,6,689.58,275.84,False
149,9689,2024-11-10,2,2,409.98,164.0,False
149,7683,2024-07-14,4,8,949.92,380.0,False
149,7303,2024-02-27,4,8,544.2,217.68,True
149,11875,2023-04-01,3,6,749.49,299.8,False
149,3944,2023-03-18,4,11,789.62,315.88,False
149,1365,2022-12-16,3,6,429.67,171.88,False
149,5466,2022-11-05,3,8,1549.47,619.8,False
149,9138,2022-10-28,2,4,439.6,175.84,False
149,14181,2022-09-18,1,2,179.98,72.0,False
149,303,2021-11-18,1,2,159.98,64.0,False
149,4296,2021-09-24,3,7,809.66,323.88,False
149,4022,2021-07-17,4,10,1499.9,600.0,False
149,681,2021-04-05,2,3,679.97,272.0,True
149,10240,2021-03-02,3,7,989.57,395.84,True
149,5129,2021-01-18,4,7,1009.93,404.0,False
149,1135,2020-09-09,1,2,599.98,240.0,False
149,3687,2020-08-20,1,1,129.9,51.96,True
149,12453,2020-03-22,3,7,379.66,151.88,False
149,11316,2020-02-16,1,3,389.7,155.88,False
150,12729,2024-11-16,3,6,729.85,291.96,False
150,4694,2024-10-27,1,1,249.99,100.0,False
150,11791,2024-10-10,4,6,829.58,331.84,False
150,2458,2024-08-16,2,4,479.69,191.88,False
150,8612,2024-03-25,2,3,659.97,264.0,False
150,11488,2023-08-05,1,2,51.98,20.8,False
150,1569,2022-12-24,4,7,453.84,181.56,True
150,5841,2022-04-06,3,7,469.93,188.0,True
150,14959,2022-02-24,1,1,69.9,27.96,False
150,12060,2021-11-18,3,4,484.69,193.88,False
150,13440,2021-08-24,2,6,539.94,216.0,False
150,2993,2021-04-18,2,5,249.95,100.0,False
150,2235,2021-02-25,2,4,147.96,59.2,False
150,9234,2020-09-04,1,1,199.99,80.0,False
150,1981,2020-04-02,1,2,299.8,119.92,False
150,5033,2020-01-19,1,2,119.98,48.0,False
151,11584,2024-12-10,2,5,229.77,91.92,False
151,5366,2024-09-18,1,1,129.99,52.0,False
151,9937,2024-08-24,3,7,679.66,271.88,True
151,5685,2024-02-28,1,1,19.99,8.0,False
151,5237,2023-11-19,2,4,949.69,379.88,False
151,8851,2023-07-09,1,3,899.97,360.0,False
151,10612,2023-05-18,2,5,334.5,133.8,False
151,905,2022-11-21,1,1,129.99,52.0,False
151,6360,2022-10-27,3,7,574.39,229.76,False
151,12278,2021-11-22,4,9,1449.55,579.84,False
151,14620,2021-03-20,1,3,209.7,83.88,False
151,6180,2020-12-14,1,1,199.99,80.0,False
151,13369,2020-05-23,2,3,739.97,296.0,False
152,11719,2025-10-21,3,3,464.88,185.96,True
152,3663,2025-08-27,2,3,729.97,292.0,False
152,13202,2025-08-18,3,7,1079.93,432.0,False
152,13831,2025-08-16,2,3,299.7,119.88,True
152,12519,2025-07-28,1,1,89.99,36.0,False
152,2744,2025-07-22,3,7,1349.93,540.0,False
152,5038,2025-07-07,4,6,1519.85,607.96,False
152,641,2024-05-14,4,9,881.73,352.72,False
152,11117,2024-05-12,2,3,179.97,72.0,False
152,2942,2024-05-11,2,3,649.97,260.0,False
152,12425,2023-11-30,2,2,209.89,83.96,False
152,8602,2023-11-21,4,8,659.56,263.84,False
152,9898,2023-05-18,1,3,299.97,120.0,False
152,5730,2023-05-13,3,6,289.76,115.92,False
152,12220,2023-04-21,3,6,539.67,215.88,False
152,14324,2022-04-16,2,2,219.89,87.96,False
152,14417,2021-11-15,2,5,359.68,143.88,False
152,12500,2021-05-18,1,1,49.99,20.0,False
152,14,2021-01-31,1,3,1199.97,480.0,False
152,11949,2020-10-03,4,7,869.93,348.0,False
152,14371,2020-08-23,4,7,539.66,215.88,False
152,14372,2020-05-31,4,10,744.72,297.92,False
152,3278,2020-03-28,2,4,204.96,82.0,False
152,2933,2020-01-17,2,6,749.94,300.0,False
153,2507,2025-05-03,4,8,1029.92,412.0,True
153,5427,2024-12-22,3,6,759.67,303.88,False
153,6538,2024-11-26,3,9,827.64,331.08,False
153,2223,2024-05-09,4,9,554.37,221.76,False
153,14890,2023-11-27,2,6,809.94,324.0,False
153,7431,2023-04-30,2,3,274.79,109.92,False
153,14332,2023-04-10,1,1,39.99,16.0,False
153,14071,2022-11-17,4,8,1279.74,511.92,True
153,14194,2022-11-01,4,10,637.72,255.12,False
153,4522,2022-10-15,1,2,299.98,120.0,False
153,9643,2022-07-12,2,3,289.97,116.0,False
153,12991,2022-05-04,4,9,629.64,251.88,False
153,1209,2021-12-23,3,4,369.87,147.96,False
153,13798,2021-11-13,4,6,709.94,284.0,False
153,1161,2021-05-14,3,6,859.67,343.88,False
153,11301,2021-05-10,1,1,69.9,27.96,True
153,5010,2021-02-22,3,5,1039.68,415.88,False
153,8459,2020-12-08,3,5,449.86,179.96,False
153,11984,2020-06-27,1,3,599.7,239.88,False
153,9568,2020-05-27,1,1,39.99,16.0,False
154,6807,2025-05-27,3,5,399.95,160.0,False
154,12330,2025-05-11,4,10,1039.18,415.68,True
154,913,2024-11-30,4,10,974.27,389.72,True
154,7600,2024-11-25,2,3,251.97,100.8,False
154,9976,2024-03-12,1,3,239.97,96.0,False
154,2721,2024-02-22,3,6,579.67,231.88,False
154,13937,2024-01-24,4,10,1049.9,420.0,False
154,118,2023-09-26,3,6,989.94,396.0,False
154,7987,2023-08-24,2,3,399.88,159.96,False
154,96,2022-12-21,1,2,299.98,120.0,False
154,4619,2022-10-05,2,4,519.78,207.92,False
154,5359,2022-02-20,1,1,69.9,27.96,False
154,10812,2022-01-20,2,2,279.89,111.96,False
154,5472,2021-10-12,3,7,839.93,336.0,True
154,8601,2021-07-16,2,5,759.68,303.88,False
154,9893,2021-07-04,3,5,739.95,296.0,False
154,5640,2020-11-05,2,4,359.96,144.0,False
154,1160,2020-05-26,2,4,257.96,103.2,False
155,4832,2025-12-02,1,2,239.98,96.0,False
155,13793,2025-08-14,4,9,964.55,385.84,False
155,12600,2025-07-31,2,3,139.97,56.0,False
155,1269,2024-08-05,1,2,279.98,112.0,False
155,7291,2024-07-09,2,5,499.5,199.8,True
155,6399,2024-06-03,2,5,499.95,200.0,False
155,8028,2024-04-04,1,3,539.97,216.0,False
155,5114,2024-02-29,1,3,74.97,30.0,False
155,6724,2023-07-29,4,10,1189.9,476.0,False
155,3406,2023-04-26,1,2,99.8,39.92,False
155,10006,2023-02-18,2,4,474.87,189.96,False
155,6587,2022-07-17,1,3,164.7,65.88,False
155,10287,2022-06-22,1,1,99.9,39.96,False
155,9334,2022-04-15,4,8,1309.74,523.92,False
155,12207,2021-12-30,3,7,537.75,215.12,False
155,640,2021-03-14,4,6,689.67,275.88,False
155,3532,2021-03-13,1,1,249.99,100.0,False
155,3829,2021-02-28,1,1,34.99,14.0,False
155,2112,2021-02-05,1,1,79.99,32.0,False
155,6658,2020-06-05,1,3,1049.97,420.0,False
155,2549,2020-04-11,4,9,434.91,174.0,False
155,2780,2020-03-08,3,7,487.93,195.2,True
156,11941,2025-12-15,3,5,509.77,203.92,False
156,6805,2025-11-30,2,6,434.4,173.76,False
156,969,2025-11-05,2,5,147.95,59.2,False
156,4622,2025-07-29,4,9,2009.91,804.0,False
156,7150,2025-07-23,1,1,49.9,19.96,False
156,11319,2025-07-05,1,2,79.8,31.92,False
156,1289,2025-05-09,2,3,899.88,359.96,False
156,10250,2024-11-16,4,9,1099.91,440.0,False
156,4153,2024-09-20,4,12,1094.34,437.76,False
156,5772,2024-09-19,2,4,659.96,264.0,False
156,11574,2024-08-25,3,5,439.86,175.96,False
156,14376,2023-12-21,1,2,179.98,72.0,False
156,7169,2023-11-26,4,8,979.65,391.88,False
156,2214,2023-09-25,3,7,1119.66,447.88,False
156,3744,2022-07-26,2,2,379.98,152.0,True
156,2485,2022-03-28,3,6,1119.76,447.92,False
156,8530,2022-03-20,2,3,309.97,124.0,False
156,3434,2021-11-04,3,4,699.78,279.92,False
156,9480,2021-10-06,2,5,459.95,184.0,False
156,8023,2021-07-22,3,7,599.75,239.92,False
156,11780,2020-10-26,3,5,204.68,81.88,False
156,5070,2020-04-07,2,3,659.97,264.0,False
156,7010,2020-03-10,2,4,649.87,259.96,False
157,365,2025-10-02,1,2,179.8,71.92,False
157,1146,2025-06-24,2,5,309.95,124.0,False
157,6123,2024-12-14,3,6,359.94,144.0,True
157,7420,2024-11-08,4,9,1249.55,499.84,False
157,14572,2024-04-10,4,7,1004.66,401.88,False
157,8227,2024-03-21,2,3,249.97,100.0,False
157,3675,2024-03-07,2,2,249.98,100.0,False
157,14352,2023-11-18,1,3,209.7,83.88,False
157,9836,2023-10-27,1,2,359.98,144.0,False
157,2823,2023-06-02,2,4,97.96,39.2,False
157,1138,2023-01-13,4,7,1019.66,407.88,False
157,6583,2022-11-26,1,2,79.8,31.92,True
157,7095,2022-04-03,4,8,1209.47,483.8,False
157,3187,2021-12-18,1,3,749.97,300.0,False
157,11777,2021-11-05,4,9,469.73,187.92,True
157,12876,2021-11-04,1,1,349.99,140.0,False
157,13710,2021-10-17,3,7,1149.75,459.92,False
157,11146,2021-09-01,3,7,879.84,351.96,False
157,153,2021-08-20,3,7,519.75,207.92,False
157,7913,2021-03-24,1,3,299.97,120.0,False
157,14719,2021-01-08,2,5,359.77,143.92,False
157,6878,2020-07-06,1,3,1049.97,420.0,False
158,4647,2025-11-18,2,5,1369.95,548.0,False
158,13578,2025-09-24,3,5,424.77,169.92,False
158,13593,2025-05-26,3,6,819.94,328.0,True
158,1361,2025-03-31,4,10,879.72,351.92,False
158,6777,2025-02-12,3,7,314.75,125.92,True
158,6957,2024-07-23,3,6,149.85,59.96,True
158,13971,2024-06-20,2,3,629.97,252.0,False
158,13424,2024-04-02,4,8,619.92,248.0,False
158,233,2023-08-01,3,5,119.86,47.96,True
158,1593,2023-07-02,2,4,909.96,364.0,False
158,8456,2023-05-22,1,2,99.98,40.0,False
158,5289,2023-03-19,1,1,49.9,19.96,False
158,2601,2022-12-20,3,7,429.3,171.72,True
158,592,2022-10-03,4,9,1399.73,559.92,False
158,14716,2022-07-16,4,8,679.92,272.0,False
158,3790,2022-05-04,1,2,319.98,128.0,False
158,5977,2021-12-25,1,2,39.98,16.0,False
158,3729,2021-12-09,1,2,179.98,72.0,False
158,10365,2021-11-08,1,1,129.99,52.0,False
158,507,2021-09-02,4,6,619.67,247.88,False
158,4398,2021-04-20,2,3,149.97,60.0,False
158,7813,2021-04-07,2,3,379.79,151.92,False
158,14785,2020-10-20,1,1,299.99,120.0,False
158,12051,2020-04-15,4,5,1159.86,463.96,False
159,11494,2025-06-28,2,6,869.94,348.0,False
159,2241,2025-06-25,4,9,589.64,235.88,False
159,11741,2025-05-26,1,1,99.9,39.96,False
159,2224,2025-03-29,2,6,749.94,300.0,False
159,11353,2025-03-22,2,3,259.79,103.92,False
159,5210,2024-11-23,3,6,529.94,212.0,False
159,2987,2024-06-01,1,3,149.97,60.0,False
159,13173,2023-06-13,1,2,299.8,119.92,False
159,1033,2023-06-03,2,6,1349.94,540.0,False
159,2111,2023-05-12,1,2,319.98,128.0,False
159,11085,2023-04-16,1,2,159.98,64.0,False
159,14896,2022-10-22,4,7,769.66,307.88,True
159,1788,2022-06-22,4,10,1069.45,427.8,False
159,11017,2022-03-21,3,5,419.95,168.0,False
159,1420,2021-06-10,1,2,159.98,64.0,False
159,6676,2020-10-20,4,9,1189.73,475.92,False
159,3138,2020-10-17,2,4,289.96,116.0,False
159,11489,2020-03-03,3,7,1069.75,427.92,True
160,3935,2025-04-11,1,3,389.7,155.88,False
160,6580,2024-08-20,3,6,487.94,195.2,False
160,4926,2023-10-01,2,5,254.95,102.0,True
160,3,2023-09-23,1,2,359.98,144.0,False
160,685,2023-08-19,1,2,49.98,20.0,False
160,12382,2022-11-16,2,2,129.98,52.0,False
160,13883,2022-08-09,1,1,79.99,32.0,False
160,2136,2022-07-26,2,3,459.79,183.92,False
160,4862,2022-06-18,3,9,269.64,107.88,True
160,14922,2022-03-12,4,5,849.86,339.96,False
160,11182,2022-01-16,2,3,409.97,164.0,False
160,13253,2021-12-29,3,7,529.66,211.88,False
160,10652,2021-07-13,1,1,399.99,160.0,False
160,1046,2021-02-06,3,7,509.57,203.84,False
160,7032,2020-06-13,4,7,499.84,199.96,False
160,9027,2020-06-11,3,8,909.38,363.76,False
160,9505,2020-02-24,4,7,674.75,269.92,False
161,3088,2025-08-24,3,8,769.92,308.0,False
161,2792,2025-05-11,1,3,149.97,60.0,False
161,12419,2025-03-14,4,8,589.74,235.92,False
161,7710,2025-02-22,1,3,299.97,120.0,False
161,5661,2024-06-20,4,7,564.57,225.84,False
161,3377,2024-02-04,1,2,119.98,48.0,False
161,4882,2023-10-04,3,8,711.65,284.68,False
161,7339,2023-03-30,4,7,1099.57,439.84,False
161,2474,2022-12-22,2,4,269.69,107.88,False
161,3388,2022-09-27,1,1,39.9,15.96,True
161,7265,2022-03-08,3,7,1989.93,796.0,False
161,737,2022-01-23,3,3,629.88,251.96,False
161,8478,2022-01-15,2,3,259.97,104.0,False
161,3143,2021-12-12,1,2,239.98,96.0,False
161,1395,2021-09-01,4,8,909.92,364.0,False
161,11522,2021-01-28,3,4,1059.96,424.0,False
161,3543,2020-08-21,3,6,484.85,193.96,False
161,11787,2020-07-24,1,1,129.99,52.0,False
161,1789,2020-05-06,4,7,854.75,341.92,False
161,9401,2020-01-13,3,6,334.76,133.92,False
161,6247,2020-01-12,3,6,589.4,235.76,False
162,14042,2025-11-22,2,4,459.96,184.0,True
162,14264,2025-09-13,2,4,489.69,195.88,False
162,11091,2024-10-19,4,7,989.84,395.96,True
162,2874,2024-09-19,1,2,159.98,64.0,False
162,6067,2024-08-18,1,1,29.99,12.0,False
162,8439,2024-02-20,3,5,519.95,208.0,False
162,3735,2023-11-09,3,4,179.87,71.96,True
162,9333,2023-10-27,4,7,994.84,397.96,False
162,2471,2023-08-04,1,3,389.7,155.88,False
162,5594,2023-08-01,1,3,359.97,144.0,False
162,4707,2023-05-19,4,6,554.94,222.0,False
162,6483,2023-05-07,2,4,205.96,82.4,False
162,12169,2023-04-09,3,6,429.94,172.0,False
162,11876,2022-05-24,3,7,959.93,384.0,False
162,13605,2022-05-21,4,5,1099.86,439.96,False
162,6927,2022-05-01,3,6,859.76,343.92,False
162,7957,2021-10-27,2,4,199.78,79.92,True
162,9583,2021-08-27,1,3,899.97,360.0,False
162,8582,2021-07-06,2,4,469.69,187.88,False
162,11455,2021-04-19,2,4,269.96,108.0,False
162,6225,2020-04-11,4,4,489.96,196.0,False
162,5194,2020-03-28,1,2,259.98,104.0,False
162,14842,2020-02-15,4,8,1149.47,459.8,True
162,8318,2020-01-05,4,8,789.65,315.88,False
163,8820,2025-11-25,3,5,1109.95,444.0,True
163,3408,2025-10-04,2,4,299.96,120.0,False
163,14249,2025-09-26,4,9,1129.73,451.92,False
163,8938,2025-04-06,3,8,1169.92,468.0,True
163,3967,2024-12-27,3,4,259.78,103.92,False
163,5400,2024-08-31,2,5,199.77,79.92,True
163,5645,2023-12-05,3,4,345.96,138.4,False
163,6920,2023-11-08,4,6,734.58,293.84,False
163,5156,2023-11-03,1,1,49.99,20.0,False
163,3228,2023-03-10,2,3,359.88,143.96,False
163,7123,2023-02-08,4,7,859.57,343.84,False
163,3182,2022-12-12,4,7,534.3,213.72,False
163,5297,2022-10-18,4,9,1089.91,436.0,False
163,4497,2022-10-14,1,2,379.98,152.0,False
163,11019,2022-10-03,2,4,439.96,176.0,False
163,4521,2022-09-27,2,5,899.95,360.0,False
163,7174,2022-09-24,2,4,1149.96,460.0,False
163,13744,2022-09-06,3,9,839.64,335.88,False
163,4284,2022-08-07,3,4,314.78,125.92,False
163,2275,2022-07-15,3,5,559.77,223.92,False
163,12305,2022-07-08,2,5,599.95,240.0,False
163,7400,2022-05-13,1,3,599.7,239.88,False
163,8610,2022-04-04,2,4,1199.87,479.96,False
163,12153,2021-09-16,3,3,209.88,83.96,False
163,11735,2021-08-09,4,5,569.68,227.88,False
163,14013,2021-07-15,1,1,49.99,20.0,False
163,8885,2021-05-19,1,3,149.7,59.88,False
163,6202,2021-03-09,3,8,884.65,353.88,False
163,6691,2020-07-16,2,3,114.79,45.92,False
163,12712,2020-04-29,3,8,1129.92,452.0,False
163,12183,2020-03-26,2,3,121.88,48.76,False
164,11628,2025-09-20,2,4,449.69,179.88,False
164,1364,2025-09-04,2,4,569.96,228.0,False
164,4915,2025-07-15,1,3,119.97,48.0,False
164,1629,2025-03-28,4,9,849.46,339.8,False
164,14375,2025-03-04,2,2,189.8,75.92,False
164,3310,2025-01-08,2,4,689.96,276.0,False
164,2276,2025-01-07,4,11,1219.17,487.68,False
164,14298,2024-05-13,1,2,49.8,19.92,False
164,7204,2023-02-22,4,8,699.92,280.0,False
164,14184,2022-10-07,4,7,999.75,399.92,False
164,4753,2022-08-08,1,3,149.97,60.0,False
164,5026,2022-05-02,3,6,829.94,332.0,True
164,13377,2022-02-23,3,5,215.59,86.24,False
164,4164,2021-09-03,4,8,1129.65,451.88,False
164,238,2021-07-03,4,10,1894.63,757.88,True
164,10582,2020-12-16,2,4,319.96,128.0,False
164,11417,2020-08-06,2,5,249.95,100.0,False
164,10149,2020-07-29,4,10,1679.9,672.0,True
164,12925,2020-06-11,2,5,409.68,163.88,False
165,351,2025-12-15,2,5,369.95,148.0,False
165,428,2025-06-23,3,9,749.64,299.88,False
165,13179,2024-10-04,2,3,749.97,300.0,False
165,1775,2024-04-19,2,2,419.98,168.0,False
165,4680,2024-02-10,4,8,819.74,327.92,False
165,11428,2023-11-16,3,5,315.95,126.4,False
165,9220,2023-05-22,3,5,254.59,101.84,False
165,7656,2023-01-26,4,10,919.36,367.76,False
165,10838,2022-12-25,2,3,279.97,112.0,True
165,2979,2022-07-11,1,1,99.9,39.96,False
165,4927,2022-06-01,4,9,1109.91,444.0,False
165,194,2022-04-17,1,3,179.97,72.0,False
165,11989,2022-02-12,3,4,819.78,327.92,False
165,3022,2021-10-10,4,11,1589.35,635.76,False
165,3695,2021-03-22,3,6,1331.94,532.8,False
165,4465,2020-11-16,4,7,1249.66,499.88,False
165,13688,2020-08-19,4,8,1529.92,612.0,False
165,8794,2020-06-01,4,9,634.64,253.88,False
165,3461,2020-05-16,2,3,179.97,72.0,False
166,8824,2025-12-04,1,3,479.97,192.0,False
166,945,2025-09-11,1,1,39.99,16.0,False
166,14936,2025-08-30,1,3,179.97,72.0,False
166,2871,2025-08-25,1,2,299.98,120.0,False
166,14135,2025-08-12,3,6,649.67,259.88,False
166,9577,2025-01-20,1,3,74.97,30.0,False
166,9023,2024-12-28,2,3,259.79,103.92,False
166,4452,2024-12-16,3,6,659.76,263.92,True
166,9838,2024-05-09,3,6,654.94,262.0,False
166,2675,2024-02-02,4,7,1509.93,604.0,False
166,13203,2023-12-16,3,7,999.93,400.0,True
166,4173,2023-03-30,3,6,689.67,275.88,False
166,182,2023-02-26,3,8,479.65,191.88,False
166,7242,2023-02-25,1,3,179.97,72.0,False
166,6096,2022-12-18,4,7,1329.93,532.0,False
166,13567,2022-10-19,2,5,439.77,175.92,False
166,11271,2022-05-12,1,3,239.97,96.0,False
166,12150,2022-03-25,2,4,419.69,167.88,False
166,13561,2022-03-25,4,6,929.94,372.0,False
166,6264,2022-03-04,2,6,629.94,252.0,False
166,13096,2022-01-09,1,1,189.99,76.0,False
166,13728,2021-10-07,2,4,239.96,96.0,False
166,806,2021-09-21,4,7,604.57,241.84,False
166,6177,2021-07-14,1,1,59.99,24.0,False
166,14708,2020-12-17,2,4,659.6,263.84,False
166,8650,2020-08-09,3,5,303.95,121.6,False
166,2416,2020-01-19,4,8,749.74,299.92,False
167,11873,2025-01-06,3,4,669.78,267.92,True
167,1754,2024-04-15,2,5,499.5,199.8,False
167,10428,2024-04-13,2,5,279.95,112.0,True
167,9243,2024-02-14,1,2,79.8,31.92,False
167,14356,2024-02-04,4,7,714.39,285.76,True
167,6194,2023-07-28,2,3,849.97,340.0,False
167,3700,2023-04-08,3,7,1179.57,471.84,True
167,5837,2022-09-12,3,5,584.95,234.0,False
167,7749,2022-07-14,3,8,757.92,303.2,False
167,9521,2022-03-10,2,5,789.95,316.0,False
167,6722,2021-06-18,2,4,371.96,148.8,True
167,7580,2021-01-30,1,2,259.8,103.92,True
167,8406,2021-01-24,4,7,1469.75,587.92,False
167,4621,2020-11-30,2,2,199.98,80.0,False
167,12467,2020-09-22,1,1,39.9,15.96,False
167,4290,2020-03-24,2,5,659.68,263.88,False
167,326,2020-01-06,2,3,269.97,108.0,False
168,12649,2025-12-23,3,5,739.77,295.92,True
168,6004,2025-02-25,1,3,449.97,180.0,False
168,13072,2025-02-01,1,3,59.97,24.0,False
168,14348,2024-10-16,4,9,1759.28,703.72,False
168,6006,2024-06-25,2,5,679.77,271.92,False
168,5834,2024-06-22,2,5,951.95,380.8,False
168,7999,2024-04-06,2,2,89.89,35.96,True
168,10478,2024-03-11,1,2,59.98,24.0,False
168,13266,2023-10-13,2,5,789.5,315.8,True
168,4714,2023-08-07,4,9,874.19,349.68,True
168,3155,2023-03-05,4,5,374.77,149.92,False
168,6081,2023-03-03,3,6,739.94,296.0,False
168,6859,2022-12-24,2,3,409.97,164.0,False
168,13909,2022-12-17,3,3,419.88,167.96,True
168,11534,2022-05-30,1,3,899.97,360.0,False
168,1255,2021-11-20,4,7,1039.75,415.92,False
168,13686,2021-08-05,3,4,369.96,148.0,False
168,5176,2021-03-09,2,2,289.98,116.0,False
168,10305,2020-09-12,3,4,639.78,255.92,False
168,11226,2020-08-19,1,3,104.97,42.0,False
168,11243,2020-08-19,3,7,1239.93,496.0,True
168,7880,2020-06-12,2,4,274.96,110.0,False
168,11158,2020-06-04,2,4,579.87,231.96,False
168,5494,2020-03-11,3,6,559.67,223.88,False
168,7635,2020-03-09,1,1,89.99,36.0,False
168,10366,2020-01-27,1,3,479.97,192.0,False
169,4820,2025-05-22,2,2,199.98,80.0,False
169,2167,2025-02-03,4,9,1289.73,515.92,False
169,2046,2024-08-14,1,2,239.98,96.0,True
169,261,2023-08-30,4,6,469.67,187.88,False
169,2162,2023-06-06,4,8,1189.56,475.84,False
169,13502,2023-04-03,1,2,259.8,103.92,False
169,8635,2023-04-02,1,3,449.97,180.0,False
169,8133,2023-04-01,2,3,284.7,113.88,False
169,11217,2021-12-19,1,1,159.99,64.0,True
169,4315,2021-05-10,3,5,379.95,152.0,False
169,2940,2020-10-04,3,5,459.95,184.0,False
169,5796,2020-09-19,1,2,319.98,128.0,False
170,13058,2025-12-29,3,5,854.86,341.96,False
170,5676,2025-01-01,1,1,129.99,52.0,False
170,11625,2024-12-31,4,8,1449.92,580.0,False
170,1187,2024-01-21,1,3,299.97,120.0,False
170,4867,2023-10-15,1,1,59.99,24.0,False
170,1936,2023-04-16,3,8,1669.65,667.88,False
170,9030,2022-09-12,3,7,1319.93,528.0,False
170,5136,2021-07-23,3,8,1359.65,543.88,False
170,11722,2021-03-17,2,4,204.6,81.84,False
170,5152,2021-01-29,1,1,49.99,20.0,False
170,11907,2021-01-11,4,7,749.48,299.8,True
170,496,2020-12-27,4,8,739.74,295.92,False
171,7059,2025-10-16,3,6,455.94,182.4,False
171,14849,2025-10-02,2,5,439.68,175.88,False
171,2571,2025-08-19,1,3,389.97,156.0,False
171,7167,2025-06-13,1,2,239.98,96.0,False
171,2493,2025-05-29,2,5,1399.95,560.0,False
171,8662,2025-01-16,2,5,349.5,139.8,False
171,8505,2024-09-19,1,3,269.97,108.0,False
171,4560,2024-07-03,4,7,1329.66,531.88,False
171,14569,2023-12-10,3,7,774.75,309.92,False
171,3643,2023-08-29,2,4,131.96,52.8,False
171,6137,2023-06-28,3,7,569.93,228.0,False
171,2175,2022-05-12,3,7,669.3,267.72,False
171,4365,2022-01-20,2,6,569.4,227.76,True
171,3728,2021-10-04,4,8,1179.92,472.0,True
171,2076,2021-08-16,3,5,349.5,139.8,False
171,8369,2021-07-09,2,5,349.77,139.92,False
171,841,2021-05-28,2,6,374.67,149.88,False
171,11101,2021-05-15,3,6,439.67,175.88,False
171,10391,2021-05-09,4,8,769.56,307.84,False
171,10550,2021-02-17,2,2,509.98,204.0,False
171,4769,2021-01-12,4,10,544.63,217.88,False
171,2782,2020-12-05,4,7,1039.75,415.92,False
171,14400,2020-10-01,2,5,569.77,227.92,False
171,7597,2020-08-17,3,7,1609.66,643.88,False
171,13454,2020-07-26,1,1,39.9,15.96,False
171,5758,2020-05-30,3,8,729.65,291.88,False
172,14309,2025-08-02,3,8,1094.92,438.0,False
172,1451,2025-05-02,4,5,384.86,153.96,False
172,11360,2024-11-04,4,8,799.83,319.96,False
172,1799,2024-06-12,4,7,759.93,304.0,False
172,12447,2024-03-04,3,7,1369.93,548.0,False
172,9818,2024-02-22,2,6,809.94,324.0,False
172,1470,2023-03-04,1,3,299.97,120.0,True
172,11592,2022-08-12,3,6,429.49,171.8,False
172,11770,2022-04-20,4,12,704.34,281.76,True
172,6008,2021-12-08,1,1,89.99,36.0,False
172,9777,2021-11-11,2,3,129.97,52.0,False
172,10734,2020-12-05,2,2,189.89,75.96,False
173,3003,2025-08-20,1,1,59.99,24.0,False
173,12136,2025-05-03,3,7,619.66,247.88,False
173,9567,2025-04-30,3,6,1399.85,559.96,False
173,2707,2024-12-28,2,4,369.6,147.84,False
173,7275,2024-12-06,1,2,69.98,28.0,False
173,5207,2024-08-20,1,1,149.99,60.0,False
173,4413,2024-07-30,3,7,374.93,150.0,False
173,3667,2024-05-04,4,6,699.94,280.0,False
173,4223,2024-03-02,3,6,1419.76,567.92,True
173,188,2023-10-07,4,6,509.94,204.0,False
173,8907,2023-10-03,1,2,279.98,112.0,False
173,6343,2023-04-10,3,6,1659.76,663.92,False
173,7182,2023-04-06,2,6,539.94,216.0,False
173,2053,2022-10-31,2,5,469.95,188.0,False
173,1766,2022-10-26,4,7,549.93,220.0,False
173,13522,2022-02-13,1,1,39.9,15.96,False
173,8627,2021-05-07,1,3,209.97,84.0,False
173,3324,2021-03-17,3,8,719.65,287.88,True
173,3624,2021-03-05,4,11,1999.62,799.88,False
173,2188,2021-01-21,2,4,679.96,272.0,False
174,1843,2025-10-05,1,1,299.99,120.0,True
174,14459,2025-08-18,2,6,899.67,359.88,False
174,11859,2025-07-19,2,5,719.95,288.0,False
174,2348,2024-12-02,2,4,779.96,312.0,True
174,2438,2024-09-04,2,5,319.77,127.92,False
174,8532,2024-04-19,4,8,769.65,307.88,True
174,10225,2023-09-12,2,4,114.87,45.96,False
174,13974,2023-06-14,4,9,684.64,273.88,False
174,2025,2023-05-08,3,7,649.93,260.0,False
174,3585,2022-12-12,2,5,529.95,212.0,False
174,6104,2022-08-27,3,5,709.77,283.92,False
174,7671,2022-06-04,4,8,639.56,255.84,False
174,6630,2021-12-08,3,5,181.86,72.76,True
174,11365,2021-11-22,3,7,1119.66,447.88,False
174,13676,2021-07-10,3,5,654.86,261.96,False
174,4079,2021-06-27,1,3,569.97,228.0,False
174,4917,2020-12-12,3,4,289.69,115.88,False
174,1804,2020-09-13,2,4,619.78,247.92,False
174,451,2020-08-15,1,2,99.98,40.0,False
175,11198,2025-09-28,2,6,569.94,228.0,False
175,5317,2025-09-23,4,7,1229.66,491.88,False
175,14843,2025-08-26,4,5,469.95,188.0,False
175,5395,2025-06-21,3,6,519.94,208.0,False
175,600,2025-04-25,1,1,39.9,15.96,False
175,3572,2024-12-06,4,7,879.93,352.0,False
175,3812,2024-03-21,4,10,639.9,256.0,False
175,34,2024-02-23,3,5,499.77,199.92,False
175,13510,2023-11-13,2,2,119.98,48.0,False
175,8461,2023-10-19,2,4,399.87,159.96,False
175,12881,2023-04-24,4,8,1664.56,665.84,False
175,3942,2023-01-14,1,1,149.99,60.0,False
175,9372,2022-10-07,2,4,219.96,88.0,False
175,9725,2022-09-30,1,1,119.99,48.0,False
175,10954,2022-09-28,4,7,399.66,159.88,False
175,745,2022-09-11,3,8,569.65,227.88,False
175,1529,2022-07-15,1,1,59.99,24.0,False
175,4002,2022-07-05,3,7,1849.84,739.96,False
175,3577,2021-12-12,4,8,524.56,209.84,False
175,410,2021-07-25,3,7,1439.93,576.0,False
175,2433,2021-07-21,3,7,1351.75,540.72,False
175,11383,2021-07-04,1,2,199.98,80.0,False
175,4254,2021-06-29,1,2,259.98,104.0,False
175,10379,2020-10-20,2,5,609.95,244.0,False
175,14478,2020-07-01,1,1,159.99,64.0,False
175,6579,2020-04-13,2,3,309.97,124.0,False
175,1296,2020-04-03,3,7,779.66,311.88,False
175,12801,2020-04-03,3,4,369.96,148.0,False
176,3787,2025-08-12,3,7,819.66,327.88,False
176,1316,2025-06-20,2,4,719.6,287.84,False
176,7323,2025-04-29,1,3,179.97,72.0,False
176,4699,2024-12-14,3,6,369.94,148.0,False
176,8360,2024-08-11,1,3,599.7,239.88,False
176,14415,2023-12-17,4,5,479.77,191.92,False
176,2916,2023-07-11,4,6,839.49,335.8,False
176,14104,2023-01-09,1,1,249.99,100.0,False
176,3525,2022-08-30,1,3,119.97,48.0,False
176,3850,2022-07-02,2,5,874.95,350.0,False
176,10259,2021-08-11,2,5,289.95,116.0,False
176,8104,2021-08-07,1,2,159.98,64.0,False
176,9398,2021-05-14,4,8,1349.92,540.0,False
176,64,2020-05-13,3,5,769.95,308.0,False
176,5003,2020-03-16,2,6,749.94,300.0,False
176,1068,2020-02-03,4,9,1719.73,687.92,False
176,1250,2020-01-13,4,10,1074.9,430.0,False
177,7629,2025-09-01,2,5,259.77,103.92,False
177,3669,2024-09-01,2,2,69.98,28.0,False
177,2399,2024-03-28,4,6,859.85,343.96,False
177,6764,2024-02-09,4,7,1469.84,587.96,False
177,3646,2023-10-21,2,5,1399.95,560.0,False
177,12626,2023-06-29,3,7,439.75,175.92,True
177,11075,2023-06-13,1,1,49.99,20.0,False
177,5941,2022-11-03,1,3,149.97,60.0,False
177,10385,2022-09-07,4,8,919.29,367.72,False
177,7905,2022-06-15,4,7,1209.84,483.96,False
177,11587,2022-04-14,2,4,679.78,271.92,False
177,12069,2022-03-27,4,8,941.92,376.8,False
177,7500,2022-02-10,3,5,204.59,81.84,False
177,732,2022-01-17,4,6,429.67,171.88,False
177,5811,2021-09-16,3,7,594.75,237.92,False
177,9662,2021-07-05,3,8,869.47,347.8,False
177,6756,2021-02-24,2,4,469.69,187.88,False
177,8180,2021-02-10,1,3,149.97,60.0,False
177,6304,2021-01-22,4,9,769.37,307.76,True
177,722,2020-12-31,1,1,79.99,32.0,False
177,13573,2020-08-09,3,7,1079.93,432.0,False
177,3411,2020-04-05,3,5,1239.95,496.0,False
178,3530,2025-07-13,3,5,679.95,272.0,False
178,3490,2025-04-01,3,8,1309.74,523.92,False
178,3694,2024-08-04,1,1,79.99,32.0,False
178,475,2024-01-18,2,4,1109.96,444.0,True
178,7717,2023-05-24,2,4,1084.96,434.0,False
178,10052,2023-04-03,1,1,129.9,51.96,False
178,11129,2023-02-25,1,2,379.98,152.0,False
178,466,2023-01-29,4,7,469.66,187.88,False
178,890,2023-01-24,3,6,1249.67,499.88,False
178,4087,2022-12-09,2,6,1199.94,480.0,False
178,10721,2021-03-20,4,8,699.65,279.88,False
178,8745,2021-03-09,4,9,1329.91,532.0,False
178,8609,2021-02-16,3,7,669.66,267.88,True
178,13338,2020-12-29,3,5,579.86,231.96,True
178,6960,2020-10-13,2,2,209.98,84.0,False
178,4912,2020-07-11,2,5,359.95,144.0,False
178,6585,2020-05-04,3,5,619.68,247.88,False
178,1051,2020-02-08,3,8,734.74,293.92,False
179,2491,2025-11-20,3,5,739.95,296.0,False
179,2932,2025-07-17,3,7,334.93,134.0,False
179,119,2025-06-20,4,6,349.94,140.0,False
179,2788,2025-04-23,4,12,1229.88,492.0,False
179,3094,2024-07-04,1,3,104.97,42.0,False
179,14148,2024-03-23,3,7,839.93,336.0,False
179,13511,2024-02-10,4,8,869.74,347.92,False
179,1809,2023-04-20,1,1,49.99,20.0,False
179,7422,2023-02-10,4,8,1399.92,560.0,False
179,4101,2022-12-02,1,3,419.97,168.0,False
179,9869,2022-06-02,1,3,269.7,107.88,False
179,931,2022-04-13,2,2,60.98,24.4,True
179,4185,2021-05-30,2,5,649.5,259.8,False
179,14768,2021-05-16,2,4,264.87,105.96,False
179,6190,2021-05-10,4,6,659.67,263.88,False
179,10354,2020-03-19,4,8,599.74,239.92,True
180,9810,2025-12-21,1,1,299.99,120.0,False
180,8683,2025-11-26,1,3,389.97,156.0,False
180,644,2025-09-23,2,3,349.88,139.96,False
180,8750,2025-05-12,2,4,139.96,56.0,False
180,8742,2025-02-28,3,7,1039.75,415.92,False
180,3390,2025-02-16,2,4,439.96,176.0,False
180,14987,2025-02-01,3,4,469.87,187.96,False
180,1577,2024-10-04,1,2,199.8,79.92,False
180,263,2024-06-03,4,11,749.44,299.8,False
180,5930,2024-03-27,4,10,619.27,247.72,False
180,5367,2023-10-04,2,3,189.97,76.0,False
180,4937,2022-12-31,1,3,389.97,156.0,False
180,7594,2022-08-14,2,3,439.7,175.88,False
180,1716,2022-06-13,4,6,1234.94,494.0,False
180,4279,2022-04-16,1,2,59.98,24.0,False
180,1053,2022-04-03,4,6,729.85,291.96,False
180,1323,2022-02-11,1,3,269.7,107.88,False
180,14741,2022-01-17,2,5,529.68,211.88,False
180,6248,2022-01-10,3,8,709.74,283.92,False
180,12869,2021-09-16,3,3,279.88,111.96,True
180,277,2020-09-26,3,7,1099.93,440.0,False
181,9675,2025-10-14,3,6,429.85,171.96,False
181,10823,2025-09-20,4,6,659.85,263.96,True
181,14222,2024-09-08,2,3,269.79,107.92,False
181,6297,2024-08-03,3,7,669.48,267.8,True
181,6484,2024-06-14,3,5,819.68,327.88,False
181,5330,2023-09-15,4,7,1259.93,504.0,True
181,2632,2023-06-24,2,4,959.96,384.0,False
181,9979,2023-06-23,1,2,39.98,16.0,False
181,14176,2023-01-17,4,7,384.57,153.84,False
181,8113,2022-12-30,3,5,1069.77,427.92,True
181,7732,2022-09-28,3,4,709.87,283.96,False
181,9188,2022-02-13,4,7,659.75,263.92,False
181,3884,2021-11-22,2,3,149.97,60.0,False
181,13711,2021-07-30,2,3,289.97,116.0,False
181,1332,2021-06-26,2,6,749.67,299.88,False
181,11002,2021-04-29,4,8,1069.74,427.92,False
181,2640,2021-03-12,1,1,149.9,59.96,False
181,6378,2020-10-25,2,4,539.96,216.0,False
181,6578,2020-10-13,2,3,181.88,72.76,True
181,4003,2020-07-18,2,4,249.87,99.96,False
181,8205,2020-05-28,4,12,1034.34,413.76,False
181,6667,2020-02-13,4,10,979.72,391.92,False
181,12531,2020-02-07,3,6,719.49,287.8,False
182,862,2025-11-22,1,2,299.8,119.92,False
182,3917,2025-10-01,4,9,709.73,283.92,False
182,10332,2025-05-21,1,2,259.98,104.0,False
182,3582,2025-03-17,2,5,349.5,139.8,False
182,10525,2025-02-07,1,1,89.99,36.0,False
182,8125,2025-01-19,4,6,404.85,161.96,False
182,4037,2024-08-04,3,7,459.66,183.88,False
182,10534,2023-12-27,3,6,951.76,380.72,False
182,13420,2023-12-23,4,10,694.36,277.76,False
182,14297,2023-11-13,1,1,349.99,140.0,False
182,5832,2023-02-16,4,8,639.92,256.0,False
182,2953,2021-12-22,2,4,179.78,71.92,False
182,8645,2021-09-16,2,3,309.79,123.92,False
182,9808,2021-08-26,4,11,919.44,367.8,False
182,10418,2021-04-23,4,7,619.93,248.0,False
182,5518,2021-03-25,4,4,534.87,213.96,False
182,9561,2020-12-17,1,2,99.98,40.0,True
182,4763,2020-11-04,4,10,794.18,317.68,False
182,11653,2020-11-02,3,5,729.86,291.96,False
182,2674,2020-09-21,3,6,269.94,108.0,False
182,6472,2020-09-03,4,8,1429.92,572.0,False
182,8448,2020-04-28,3,5,459.86,183.96,False
182,8362,2020-04-23,3,9,1019.91,408.0,False
182,11707,2020-02-01,4,7,2174.84,869.96,True
183,8963,2025-10-18,4,8,739.92,296.0,False
183,10328,2025-10-06,2,6,1679.94,672.0,False
183,1238,2025-10-05,2,5,729.95,292.0,False
183,9574,2025-05-27,3,6,434.94,174.0,False
183,9163,2025-05-22,1,3,1049.97,420.0,False
183,381,2025-05-08,1,2,139.98,56.0,False
183,3771,2025-03-09,2,4,234.96,94.0,False
183,2727,2025-02-11,4,8,1894.92,758.0,True
183,6253,2024-11-16,4,7,504.48,201.8,False
183,5652,2024-10-14,1,3,269.7,107.88,False
183,255,2024-10-03,3,6,1189.85,475.96,False
183,14979,2024-08-23,4,7,819.75,327.92,False
183,9947,2024-07-31,4,10,1519.72,607.92,False
183,8809,2024-07-04,4,7,644.93,258.0,False
183,11663,2024-06-18,3,6,539.67,215.88,False
183,6797,2024-05-27,1,3,269.97,108.0,False
183,3724,2024-02-27,4,9,869.46,347.8,True
183,6912,2023-11-13,4,6,1539.85,615.96,False
183,1993,2023-10-05,4,8,574.92,230.0,False
183,7521,2023-09-21,2,4,659.6,263.84,False
183,4974,2023-08-16,3,6,344.85,137.96,False
183,8405,2023-04-01,3,8,529.47,211.8,False
183,11459,2022-07-08,3,5,439.77,175.92,False
183,6089,2022-03-09,4,9,1529.73,611.92,False
183,121,2022-03-03,2,4,359.87,143.96,False
183,8382,2022-02-28,4,6,489.76,195.92,True
183,1400,2021-06-04,3,7,639.93,256.0,False
183,1439,2021-05-06,2,6,257.94,103.2,False
183,9306,2020-12-05,3,4,819.87,327.96,True
183,13580,2020-11-23,4,5,459.86,183.96,False
183,4473,2020-09-16,4,8,1704.83,681.96,False
183,7786,2020-03-03,4,8,949.65,379.88,False
183,6233,2020-01-05,1,1,89.99,36.0,False
184,11570,2025-05-23,3,7,1159.93,464.0,False
184,9740,2025-04-25,3,6,689.85,275.96,False
184,8059,2024-09-24,1,3,449.7,179.88,False
184,2590,2024-09-16,4,11,1129.62,451.88,False
184,14551,2024-01-30,2,3,509.97,204.0,False
184,7634,2023-10-01,4,6,421.76,168.72,False
184,4381,2023-09-29,1,1,129.9,51.96,False
184,12432,2023-02-11,2,5,709.68,283.88,False
184,13432,2022-11-22,3,5,369.59,147.84,False
184,1121,2022-09-20,1,1,49.9,19.96,False
184,1024,2022-08-11,2,2,354.89,141.96,False
184,4460,2022-03-30,2,3,349.7,139.88,False
184,11058,2022-02-23,4,10,839.9,336.0,False
184,12052,2021-11-26,2,3,179.97,72.0,False
184,860,2021-09-29,2,4,639.96,256.0,False
184,3826,2021-07-22,1,3,209.7,83.88,False
184,11121,2021-06-05,1,3,269.7,107.88,False
184,4834,2021-05-05,2,3,169.79,67.92,False
184,2623,2021-01-26,4,7,491.84,196.76,False
184,1049,2020-08-08,2,5,629.95,252.0,False
184,13306,2020-07-08,1,2,499.98,200.0,False
185,8883,2025-07-21,3,7,769.66,307.88,False
185,672,2025-07-05,2,4,419.96,168.0,False
185,8413,2025-06-20,3,8,1159.92,464.0,False
185,6337,2025-03-29,2,3,104.7,41.88,False
185,2199,2024-10-28,3,8,889.47,355.8,True
185,8852,2024-01-12,4,10,739.45,295.8,False
185,212,2023-12-30,2,3,189.97,76.0,True
185,2859,2022-11-20,3,6,749.49,299.8,False
185,3108,2021-08-23,2,4,649.96,260.0,False
185,9888,2021-03-11,1,3,119.7,47.88,False
185,8426,2020-11-21,2,2,429.89,171.96,False
186,1658,2025-08-18,1,2,199.8,79.92,False
186,5747,2025-08-11,2,3,309.97,124.0,False
186,11767,2025-05-29,3,5,749.77,299.92,False
186,8190,2025-03-03,3,5,1009.77,403.92,False
186,3303,2024-07-28,4,6,399.85,159.96,False
186,5365,2024-04-24,2,4,219.87,87.96,True
186,2040,2023-12-23,1,1,199.99,80.0,False
186,7209,2023-07-28,4,9,824.55,329.84,False
186,3731,2023-02-07,2,6,764.4,305.76,False
186,8238,2023-01-31,2,4,479.69,191.88,False
186,12590,2022-07-02,1,3,479.97,192.0,False
186,1841,2022-02-03,4,9,1519.91,608.0,False
186,8294,2021-11-11,2,4,469.87,187.96,False
186,4145,2021-10-02,3,6,719.49,287.8,True
186,3153,2021-07-10,1,2,39.98,16.0,False
186,3878,2020-11-25,2,3,649.97,260.0,False
186,10962,2020-08-04,1,3,59.97,24.0,False
186,1651,2020-01-19,4,7,629.75,251.92,False
187,7705,2025-06-06,3,9,1049.37,419.76,False
187,12724,2024-11-14,4,8,1269.65,507.88,False
187,3383,2024-10-14,4,7,469.84,187.96,True
187,3065,2024-05-25,1,1,19.99,8.0,False
187,12403,2024-03-29,3,4,719.87,287.96,False
187,14340,2024-03-10,4,9,1429.82,571.96,False
187,2678,2024-02-06,4,5,669.95,268.0,False
187,10879,2024-02-04,3,6,529.85,211.96,False
187,6268,2023-11-19,1,2,139.8,55.92,False
187,7549,2023-11-03,2,5,1069.95,428.0,False
187,62,2023-04-01,4,7,429.57,171.84,False
187,9364,2023-03-09,3,7,1199.93,480.0,False
187,8529,2022-12-23,1,2,79.8,31.92,False
187,6799,2022-12-04,1,2,259.98,104.0,False
187,9060,2022-10-25,1,2,159.98,64.0,False
187,3358,2022-05-13,3,8,599.38,239.76,False
187,12121,2022-05-04,1,3,209.97,84.0,False
187,9517,2022-01-05,3,6,589.76,235.92,False
187,1204,2021-08-07,1,1,129.99,52.0,False
187,10626,2021-07-19,2,2,164.98,66.0,False
187,12771,2021-07-14,2,6,629.67,251.88,False
187,2951,2021-05-22,1,3,299.7,119.88,False
187,6454,2021-05-18,2,3,599.79,239.92,False
187,298,2021-03-29,3,4,169.69,67.88,False
187,12314,2020-09-24,4,9,729.46,291.8,True
187,3014,2020-09-06,3,6,499.76,199.92,True
187,11636,2020-07-02,3,7,1034.66,413.88,False
187,8200,2020-02-08,4,7,254.93,102.0,False
188,7831,2025-12-11,4,7,619.84,247.96,False
188,1505,2025-11-19,1,2,159.98,64.0,True
188,3857,2025-11-09,2,6,629.4,251.76,False
188,5658,2025-10-15,2,4,1049.87,419.96,False
188,10952,2025-01-29,2,3,429.97,172.0,False
188,10629,2023-07-24,4,9,1479.64,591.88,True
188,12620,2023-02-28,2,2,214.98,86.0,False
188,13175,2022-09-18,2,4,509.78,203.92,False
188,12635,2022-01-17,4,8,889.92,356.0,False
188,1901,2021-08-27,3,6,1229.67,491.88,False
188,10974,2021-05-12,3,7,1099.93,440.0,False
188,10794,2021-02-05,4,8,909.92,364.0,True
188,370,2021-02-02,3,7,479.93,192.0,False
188,1918,2021-01-21,3,5,1169.95,468.0,True
188,13198,2020-10-22,1,1,39.9,15.96,False
188,14030,2020-01-18,2,6,449.94,180.0,False
189,6789,2025-11-06,3,5,339.77,135.92,True
189,211,2025-10-25,3,4,1049.96,420.0,False
189,8209,2025-07-15,4,8,779.74,311.92,False
189,9547,2025-05-24,3,9,554.64,221.88,False
189,250,2025-01-01,3,8,1149.74,459.92,False
189,2084,2024-05-15,2,3,719.88,287.96,False
189,11893,2023-09-25,3,4,349.69,139.88,False
189,14083,2023-05-09,4,10,699.45,279.8,False
189,2355,2023-04-13,2,3,799.97,320.0,True
189,809,2023-03-05,4,7,899.66,359.88,False
189,8118,2022-07-30,2,3,489.97,196.0,False
189,5678,2021-10-30,1,3,179.97,72.0,False
189,11445,2021-08-19,2,6,719.67,287.88,False
189,6032,2021-05-04,4,8,769.47,307.8,False
189,12803,2021-02-20,1,2,319.98,128.0,False
189,973,2020-08-30,1,3,479.97,192.0,False
189,14390,2020-07-15,3,8,709.47,283.8,False
189,9176,2020-06-23,2,3,299.88,119.96,False
189,9491,2020-02-09,3,6,1369.85,547.96,False
190,3430,2025-04-04,1,2,69.98,28.0,False
190,8739,2025-04-04,2,3,229.97,92.0,False
190,7568,2025-02-06,1,2,239.8,95.92,False
190,1078,2024-09-19,1,1,89.99,36.0,False
190,6894,2024-09-12,1,2,199.98,80.0,False
190,12378,2024-08-10,2,6,629.94,252.0,False
190,223,2024-04-11,1,2,159.98,64.0,False
190,4371,2023-12-04,1,3,179.97,72.0,False
190,6419,2023-04-01,4,7,949.75,379.92,False
190,6558,2023-03-18,4,7,904.84,361.96,False
190,6958,2023-01-14,4,5,559.86,223.96,False
190,10079,2022-01-01,1,3,89.97,36.0,False
190,11234,2021-10-13,3,4,361.96,144.8,False
190,7373,2021-08-02,3,5,754.86,301.96,False
190,3958,2021-07-05,2,4,359.78,143.92,False
190,2523,2020-05-10,4,8,1429.92,572.0,False
190,12717,2020-04-01,3,5,239.77,95.92,False
190,5110,2020-01-10,4,7,1269.84,507.96,False
191,13485,2025-12-02,3,3,709.97,284.0,False
191,11222,2025-08-05,4,5,365.86,146.36,False
191,175,2025-03-25,2,4,229.69,91.88,False
191,7299,2024-11-07,1,2,179.8,71.92,False
191,11029,2024-11-07,2,4,1099.96,440.0,False
191,7610,2024-10-11,2,2,79.98,32.0,False
191,3304,2024-03-13,2,4,519.96,208.0,False
191,6861,2023-11-04,4,7,589.66,235.88,False
191,3175,2023-10-23,2,5,589.68,235.88,False
191,7810,2023-09-02,2,4,295.69,118.28,False
191,6432,2023-06-28,1,2,319.98,128.0,True
191,11416,2022-11-30,1,1,59.99,24.0,False
191,13046,2022-10-26,4,9,607.91,243.2,False
191,4783,2022-10-25,4,6,347.76,139.12,False
191,7969,2022-10-16,2,3,139.97,56.0,False
191,1715,2022-07-21,4,6,524.67,209.88,False
191,14549,2022-05-29,4,10,759.63,303.88,False
191,1746,2022-03-04,2,4,349.96,140.0,False
191,8183,2021-07-31,2,2,159.89,63.96,False
191,9726,2021-06-26,2,5,729.68,291.88,False
191,4658,2021-02-01,4,10,1809.9,724.0,False
191,5623,2021-01-04,1,1,49.99,20.0,False
191,10262,2020-06-20,1,2,139.98,56.0,False
191,8502,2020-06-03,4,9,1079.91,432.0,False
191,14246,2020-05-04,1,2,139.98,56.0,False
191,2238,2020-04-07,2,3,309.97,124.0,False
191,2580,2020-02-05,4,8,1444.65,577.88,False
191,2733,2020-01-22,4,8,859.56,343.84,False
192,11330,2025-11-13,3,6,1469.76,587.92,False
192,14307,2025-09-03,2,5,649.5,259.8,True
192,281,2025-09-01,2,5,174.5,69.8,False
192,6311,2024-10-27,1,3,1199.97,480.0,False
192,1801,2024-07-23,2,3,379.97,152.0,False
192,5717,2024-06-17,2,5,359.77,143.92,False
192,4942,2024-02-27,2,3,259.97,104.0,False
192,12166,2023-12-05,2,4,424.69,169.88,False
192,14590,2022-12-17,4,9,1479.91,592.0,False
192,14224,2022-10-17,3,4,889.96,356.0,False
192,8131,2022-08-22,3,7,1229.66,491.88,False
192,12332,2022-08-01,4,8,799.74,319.92,False
192,12909,2022-07-30,1,1,54.9,21.96,False
192,14047,2022-03-21,2,5,579.95,232.0,False
192,12036,2022-02-24,2,4,1139.96,456.0,False
192,2849,2021-10-11,3,4,599.87,239.96,False
192,521,2021-09-29,4,8,455.56,182.24,False
192,10606,2021-07-14,2,5,499.68,199.88,False
192,3205,2021-06-19,3,7,459.75,183.92,False
192,8440,2020-11-01,4,8,929.56,371.84,False
192,5073,2020-09-30,2,5,564.5,225.8,False
192,8663,2020-09-09,1,1,349.99,140.0,False
193,11501,2025-01-25,2,2,189.98,76.0,True
193,4839,2024-10-30,3,8,1109.47,443.8,False
193,8945,2024-06-25,2,4,239.96,96.0,False
193,3488,2023-09-21,2,3,399.88,159.96,False
193,2409,2023-06-29,2,4,1059.96,424.0,False
193,8552,2023-05-17,3,5,359.86,143.96,True
193,5326,2023-02-24,4,6,299.67,119.88,False
193,666,2022-12-05,2,5,939.95,376.0,False
193,7148,2022-10-25,2,4,1049.87,419.96,False
193,11011,2022-06-23,3,5,539.86,215.96,False
193,14761,2021-05-23,2,3,339.88,135.96,True
193,12931,2021-01-07,2,2,229.98,92.0,False
193,4439,2020-12-10,1,2,39.98,16.0,False
193,14493,2020-11-10,2,4,459.96,184.0,True
193,311,2020-10-09,1,1,149.99,60.0,False
193,9463,2020-07-07,4,8,939.74,375.92,False
193,14674,2020-02-08,4,9,1259.91,504.0,False
193,14649,2020-01-07,2,5,499.68,199.88,False
194,13748,2025-08-02,2,4,359.78,143.92,False
194,14541,2025-07-25,3,5,1229.95,492.0,False
194,8891,2025-06-09,2,4,379.6,151.84,False
194,6468,2025-02-15,3,3,269.88,107.96,False
194,1104,2024-11-28,4,7,469.75,187.92,True
194,14586,2024-07-04,4,6,381.85,152.76,True
194,8419,2024-04-17,1,1,399.99,160.0,False
194,9457,2023-08-23,2,4,429.96,172.0,False
194,9938,2023-06-27,1,2,299.8,119.92,False
194,1654,2023-04-24,3,6,1199.94,480.0,False
194,8070,2022-10-29,1,2,49.8,19.92,False
194,3819,2022-07-29,2,2,229.98,92.0,False
194,10610,2021-09-18,2,4,199.69,79.88,False
194,12344,2021-08-04,2,4,499.87,199.96,False
194,9600,2020-07-17,3,7,509.93,204.0,True
194,3475,2020-05-21,2,3,264.79,105.92,False
194,8724,2020-05-19,3,6,694.67,277.88,False
195,6652,2025-12-11,1,3,239.97,96.0,False
195,6220,2025-08-25,4,7,529.84,211.96,True
195,6521,2025-07-23,3,3,209.97,84.0,False
195,12701,2025-02-21,1,2,499.98,200.0,False
195,12864,2025-01-26,2,5,649.77,259.92,False
195,3041,2024-11-18,2,4,429.6,171.84,False
195,8579,2024-07-27,4,10,1129.9,452.0,False
195,1969,2024-04-22,4,8,1259.65,503.88,False
195,8165,2024-03-07,4,7,779.75,311.92,False
195,13538,2023-12-26,2,4,649.69,259.88,False
195,11225,2023-09-14,2,4,175.96,70.4,False
195,3136,2023-04-09,4,10,1199.09,479.64,False
195,12774,2022-11-09,4,9,449.1,179.64,False
195,10511,2022-09-11,4,6,829.85,331.96,False
195,13665,2022-04-13,3,8,1109.38,443.76,False
195,14214,2022-03-10,1,3,449.97,180.0,False
195,1668,2021-09-01,2,4,539.96,216.0,False
195,3039,2021-03-26,4,7,721.75,288.72,False
195,7347,2021-03-02,3,7,864.66,345.88,False
195,6356,2021-02-03,3,7,689.66,275.88,False
195,4455,2020-12-19,4,7,819.84,327.96,False
195,7842,2020-11-16,3,7,659.93,264.0,False
195,13970,2020-09-22,1,3,449.97,180.0,True
195,534,2020-09-21,1,2,139.98,56.0,False
196,4469,2025-10-20,4,7,1479.57,591.84,False
196,6640,2025-07-01,3,7,1069.93,428.0,False
196,9456,2025-06-19,2,4,459.96,184.0,False
196,3699,2025-02-08,4,9,1139.64,455.88,False
196,12745,2025-01-26,2,5,319.77,127.92,False
196,7056,2024-11-12,1,2,159.98,64.0,False
196,8939,2024-09-07,3,5,959.77,383.92,False
196,11580,2024-06-04,4,9,1469.73,587.92,False
196,11269,2024-02-27,1,2,319.98,128.0,False
196,2602,2023-06-29,4,8,919.65,367.88,False
196,3467,2023-01-29,1,3,119.7,47.88,False
196,12301,2023-01-27,2,4,159.78,63.92,False
196,9765,2022-05-20,1,3,89.97,36.0,False
196,13906,2022-03-25,3,6,619.76,247.92,False
196,14592,2021-07-05,2,4,219.96,88.0,False
196,13858,2021-05-22,1,2,359.98,144.0,False
196,1481,2020-12-02,2,2,179.98,72.0,False
196,1748,2020-11-19,4,9,569.37,227.76,False
196,2925,2020-10-05,1,1,249.99,100.0,False
196,5198,2020-10-02,2,4,479.96,192.0,False
196,6935,2020-04-25,1,2,499.98,200.0,False
197,6027,2025-12-06,1,2,119.98,48.0,False
197,2950,2024-12-05,3,4,259.96,104.0,False
197,5470,2024-09-23,2,5,194.95,78.0,False
197,3501,2024-04-24,2,2,379.89,151.96,False
197,2060,2024-04-23,2,6,467.94,187.2,False
197,5766,2024-04-03,2,3,159.79,63.92,False
197,10566,2024-03-22,2,4,399.96,160.0,False
197,4656,2024-03-05,1,2,99.98,40.0,False
197,3190,2023-12-26,4,9,1229.55,491.84,True
197,5390,2023-09-29,4,5,649.86,259.96,False
197,14624,2023-05-27,2,4,409.96,164.0,True
197,12405,2023-01-28,1,3,104.97,42.0,False
197,2422,2022-07-17,1,1,249.99,100.0,False
197,8749,2022-04-25,4,10,1919.9,768.0,True
197,5415,2022-03-11,3,7,287.66,115.08,False
197,13685,2021-10-23,3,5,939.95,376.0,False
197,7283,2020-12-03,1,1,199.9,79.96,False
197,3018,2020-06-21,4,8,1709.83,683.96,False
198,5752,2025-10-06,3,7,504.93,202.0,True
198,3183,2025-02-11,2,4,199.96,80.0,False
198,10589,2024-11-28,1,2,359.98,144.0,False
198,5108,2024-10-28,4,9,1169.73,467.92,False
198,2128,2024-09-23,4,8,1099.74,439.92,False
198,698,2024-06-13,3,5,479.68,191.88,False
198,6733,2024-05-24,2,6,689.4,275.76,False
198,14393,2024-05-08,4,6,909.94,364.0,False
198,8253,2024-05-05,4,9,1239.46,495.8,False
198,11082,2024-01-23,4,11,1989.89,796.0,False
198,5654,2023-10-11,2,4,359.69,143.88,True
198,12999,2023-06-30,2,3,199.88,79.96,False
198,13444,2023-05-22,3,8,719.74,287.92,False
198,8031,2021-09-28,4,8,879.83,351.96,False
198,14900,2021-06-06,3,7,1099.75,439.92,True
198,12975,2021-02-02,4,8,744.74,297.92,False
198,7729,2020-12-25,3,8,719.38,287.76,False
198,4897,2020-12-19,4,10,1004.63,401.88,True
198,964,2020-12-14,1,3,299.97,120.0,False
198,12376,2020-11-26,4,9,759.91,304.0,False
198,7489,2020-11-25,4,8,419.47,167.8,False
198,3514,2020-10-22,2,5,229.68,91.88,True
198,9122,2020-07-11,1,2,49.98,20.0,False
198,14762,2020-06-30,2,3,279.97,112.0,False
198,3233,2020-05-29,3,4,399.78,159.92,False
198,14263,2020-04-12,4,9,1139.64,455.88,False
198,6899,2020-03-16,3,6,779.94,312.0,True
198,1113,2020-02-21,2,6,1019.67,407.88,False
199,5008,2025-12-12,3,6,559.94,224.0,False
199,14921,2025-05-11,1,1,99.9,39.96,False
199,7392,2024-12-09,2,3,369.88,147.96,False
199,7048,2024-01-29,1,2,399.98,160.0,False
199,8713,2024-01-11,1,2,499.98,200.0,False
199,2956,2023-06-25,1,1,119.99,48.0,False
199,13221,2023-03-28,1,2,59.98,24.0,False
199,13638,2022-10-14,1,1,59.99,24.0,False
199,318,2022-07-06,1,3,119.7,47.88,False
199,8815,2022-05-17,1,3,359.97,144.0,False
199,13859,2022-02-18,3,6,499.94,200.0,False
199,14151,2021-05-25,3,4,289.78,115.92,False
199,5597,2021-05-18,2,2,459.98,184.0,False
199,3013,2021-05-06,4,7,1079.75,431.92,False
199,7626,2020-11-15,4,6,499.94,200.0,False
199,3922,2020-06-25,1,2,599.98,240.0,False
199,4816,2020-05-07,2,6,749.94,300.0,False
200,14150,2025-09-25,1,2,279.98,112.0,False
200,9870,2025-09-06,1,2,399.98,160.0,False
200,271,2025-08-28,3,3,349.88,139.96,False
200,12578,2025-05-29,1,3,89.97,36.0,False
200,6625,2023-11-10,4,8,589.92,236.0,False
200,4808,2023-05-13,4,6,909.85,363.96,False
200,12651,2023-03-04,1,3,269.7,107.88,False
200,13003,2023-02-12,4,6,539.94,216.0,False
200,1784,2022-08-25,1,3,389.7,155.88,False
200,13208,2022-02-23,1,2,51.98,20.8,False
200,1543,2022-02-22,2,2,169.8,67.92,False
200,8696,2021-05-15,2,4,479.96,192.0,False
200,14025,2020-12-10,3,7,669.93,268.0,False
200,2281,2020-11-26,2,3,729.97,292.0,False
200,7595,2020-10-30,1,1,149.9,59.96,False
200,14299,2020-09-26,1,2,259.98,104.0,False
201,5789,2025-07-29,1,3,179.97,72.0,False
201,11732,2025-07-15,3,5,334.68,133.88,False
201,4891,2025-03-17,3,5,539.95,216.0,False
201,5762,2024-10-01,4,7,509.75,203.92,False
201,14015,2024-09-29,4,7,539.93,216.0,False
201,12275,2024-09-02,2,4,559.78,223.92,False
201,10101,2024-03-13,2,5,729.95,292.0,False
201,11930,2024-02-05,3,4,359.87,143.96,False
201,10588,2023-11-08,3,5,509.5,203.8,False
201,8718,2023-10-28,2,5,409.5,163.8,False
201,140,2023-09-11,1,3,749.97,300.0,False
201,13992,2023-08-19,1,1,89.99,36.0,False
201,12103,2023-05-24,3,8,444.65,177.88,True
201,13220,2023-04-29,3,5,669.59,267.84,False
201,12079,2023-03-15,4,7,649.57,259.84,False
201,7156,2022-12-14,3,6,629.76,251.92,True
201,13751,2022-12-11,4,8,629.74,251.92,False
201,7947,2022-11-24,2,5,237.95,95.2,False
201,14813,2022-07-30,3,6,214.94,86.0,False
201,3452,2021-11-01,1,3,239.97,96.0,False
201,2288,2021-05-21,4,10,1719.45,687.8,False
201,944,2021-02-18,4,5,689.59,275.84,False
201,2016,2020-10-01,3,5,489.86,195.96,False
202,13355,2025-10-26,4,7,319.84,127.96,False
202,11028,2025-05-24,3,3,149.88,59.96,False
202,562,2025-04-13,3,7,719.93,288.0,False
202,12162,2025-01-25,4,9,859.64,343.88,False
202,13690,2024-04-18,4,6,1179.94,472.0,False
202,920,2024-04-14,1,3,899.97,360.0,False
202,7289,2024-01-16,4,9,994.91,398.0,False
202,9744,2023-08-20,1,2,199.98,80.0,False
202,11540,2023-08-08,2,3,239.97,96.0,False
202,7097,2023-03-18,3,5,809.86,323.96,False
202,13401,2022-12-20,4,4,634.78,253.92,True
202,5774,2022-08-29,3,7,1439.93,576.0,True
202,9681,2022-05-15,4,10,969.36,387.76,False
202,4906,2022-03-01,4,6,375.76,150.32,False
202,42,2022-01-22,1,1,39.9,15.96,False
202,12409,2021-09-16,4,8,579.65,231.88,False
202,2803,2021-03-22,3,4,209.6,83.84,False
202,13374,2021-01-12,2,5,201.95,80.8,False
202,10228,2021-01-02,1,2,179.8,71.92,False
202,5067,2020-07-29,3,7,759.93,304.0,False
202,3512,2020-06-29,1,2,259.8,103.92,False
202,13784,2020-05-09,2,3,449.97,180.0,False
202,13364,2020-01-13,3,8,249.38,99.76,False
203,1176,2025-12-01,2,5,939.95,376.0,False
203,844,2025-10-15,3,8,1039.38,415.76,False
203,10050,2025-04-27,3,6,599.58,239.84,False
203,9655,2025-04-03,1,1,129.9,51.96,False
203,10850,2025-04-01,2,5,1049.95,420.0,False
203,6889,2024-06-05,2,3,799.97,320.0,False
203,6377,2024-03-21,1,3,389.97,156.0,False
203,12408,2024-02-03,2,5,349.68,139.88,False
203,1844,2023-11-13,4,10,1359.54,543.84,True
203,5185,2023-10-04,1,2,239.98,96.0,False
203,3277,2023-06-05,1,2,399.98,160.0,False
203,13132,2023-04-28,4,12,1217.61,487.08,False
203,2677,2023-01-01,4,11,1039.44,415.8,False
203,9150,2022-12-31,1,2,79.8,31.92,False
203,12838,2022-08-13,1,2,239.98,96.0,True
203,2426,2021-11-29,2,5,439.5,175.8,False
203,4194,2021-10-29,2,4,159.69,63.88,False
203,4575,2021-04-09,4,6,739.76,295.92,False
203,6275,2021-01-06,2,3,109.97,44.0,False
203,12637,2020-10-21,2,4,174.6,69.84,True
203,7818,2020-05-22,4,6,654.94,262.0,False
203,6254,2020-04-29,2,4,299.96,120.0,False
203,4273,2020-01-17,2,3,149.7,59.88,False
204,14354,2025-11-23,3,6,549.67,219.88,False
204,14747,2025-11-13,4,6,739.94,296.0,False
204,7386,2025-11-06,1,2,279.98,112.0,False
204,7117,2025-05-24,1,3,299.7,119.88,False
204,13765,2025-03-30,3,6,719.76,287.92,False
204,8563,2024-07-20,2,5,639.77,255.92,False
204,5181,2024-06-05,4,8,991.92,396.8,False
204,12536,2024-02-10,3,8,689.92,276.0,False
204,93,2023-12-18,3,7,449.93,180.0,False
204,8195,2023-05-13,3,6,574.58,229.84,True
204,1777,2022-12-07,4,8,1109.83,443.96,True
204,9966,2022-01-07,4,8,975.74,390.32,True
204,10402,2021-08-22,2,4,549.69,219.88,False
204,11978,2021-04-15,3,5,564.86,225.96,False
204,6670,2020-11-17,2,5,689.95,276.0,False
204,2454,2020-11-09,4,7,1289.57,515.84,False
204,14680,2020-07-23,3,7,759.93,304.0,False
205,11162,2025-11-24,3,8,1349.65,539.88,False
205,13754,2025-11-18,4,8,589.65,235.88,False
205,14984,2025-05-26,2,4,1089.87,435.96,True
205,2184,2025-04-30,4,8,759.74,303.92,False
205,11237,2025-01-05,2,5,559.77,223.92,False
205,10740,2023-09-22,1,3,359.7,143.88,False
205,14511,2022-05-12,2,4,519.96,208.0,False
205,6690,2022-04-18,3,7,664.66,265.88,False
205,11214,2022-01-05,4,8,1224.83,489.96,False
205,12393,2021-06-15,3,6,569.4,227.76,False
205,1973,2020-10-02,4,10,884.0,353.6,False
205,10440,2020-02-10,1,2,399.8,159.92,False
205,1526,2020-01-15,1,2,39.98,16.0,False
206,10787,2025-11-25,1,3,599.7,239.88,False
206,6383,2024-11-29,3,7,849.84,339.96,True
206,1374,2023-10-22,1,2,179.98,72.0,False
206,14940,2023-08-23,3,8,967.92,387.2,False
206,6424,2023-08-17,3,3,289.88,115.96,False
206,12757,2023-06-13,4,6,2189.94,876.0,False
206,3706,2022-12-09,2,4,459.96,184.0,False
206,12496,2022-10-05,1,2,599.98,240.0,False
206,13838,2022-09-01,3,4,439.96,176.0,False
206,2844,2022-08-01,4,7,379.84,151.96,True
206,8264,2021-11-24,2,5,219.95,88.0,False
206,775,2021-08-14,1,1,54.9,21.96,False
206,413,2020-07-03,4,6,739.94,296.0,True
207,10298,2025-08-12,3,8,1669.92,668.0,False
207,11627,2025-06-16,3,5,429.77,171.92,False
207,11901,2024-09-24,4,9,749.73,299.92,False
207,12589,2024-09-16,4,6,859.85,343.96,False
207,783,2024-09-12,1,2,239.98,96.0,False
207,5203,2023-12-21,4,7,314.75,125.92,False
207,14697,2023-10-29,3,8,689.38,275.76,False
207,10999,2023-10-03,2,4,519.87,207.96,False
207,9849,2023-09-22,2,4,659.96,264.0,False
207,8476,2023-04-26,1,3,479.97,192.0,True
207,4681,2023-02-24,3,7,1039.93,416.0,False
207,3737,2022-05-05,3,3,549.88,219.96,True
207,3356,2022-02-23,2,4,459.78,183.92,False
207,10342,2021-10-07,4,8,759.47,303.8,True
207,9806,2021-09-04,3,4,234.69,93.88,False
207,9619,2021-04-03,4,7,789.84,315.96,False
207,2209,2020-12-28,2,5,699.68,279.88,False
207,399,2020-12-10,4,6,234.49,93.8,False
207,10174,2020-12-07,1,2,119.98,48.0,False
207,13597,2020-09-18,1,1,39.9,15.96,False
207,13106,2020-03-09,4,6,564.58,225.84,True
208,12829,2025-06-02,4,7,729.84,291.96,False
208,5967,2024-08-30,4,8,959.92,384.0,False
208,11806,2024-06-17,4,8,615.92,246.4,False
208,4829,2023-12-06,3,3,409.97,164.0,False
208,7170,2023-06-30,3,7,319.93,128.0,True
208,3262,2023-05-24,2,5,489.95,196.0,False
208,7587,2023-05-02,4,10,559.9,224.0,False
208,863,2023-02-03,3,5,394.95,158.0,False
208,4542,2022-10-02,4,8,434.65,173.88,False
208,1370,2022-09-28,1,1,69.99,28.0,False
208,13200,2022-01-01,4,9,899.73,359.92,False
208,14646,2021-07-05,3,5,869.77,347.92,False
208,5333,2021-06-13,4,7,419.39,167.76,False
208,8233,2021-05-13,2,5,139.77,55.92,False
208,5544,2021-03-03,1,2,599.98,240.0,False
208,11888,2020-05-19,4,6,759.76,303.92,False
208,14804,2020-05-15,2,5,144.95,58.0,False
208,10960,2020-05-04,4,7,629.84,251.96,True
208,59,2020-04-24,1,3,89.97,36.0,False
209,2717,2025-11-19,4,6,224.4,89.76,False
209,5627,2024-11-26,2,6,689.94,276.0,False
209,14088,2024-05-05,1,3,449.7,179.88,False
209,4498,2023-07-31,1,2,799.98,320.0,False
209,13021,2023-04-05,4,8,1589.47,635.8,False
209,8735,2022-05-09,4,9,1909.64,763.88,False
209,1014,2021-08-13,1,3,389.97,156.0,False
209,239,2021-03-31,4,11,964.62,385.88,False
209,761,2021-01-29,3,5,499.95,200.0,False
209,11886,2020-11-20,1,1,69.9,27.96,False
209,4610,2020-10-18,4,7,899.75,359.92,False
209,3171,2020-01-27,2,5,419.77,167.92,True
210,12669,2024-04-14,4,9,2339.73,935.92,True
210,803,2024-03-21,3,5,489.86,195.96,False
210,9168,2023-12-07,3,7,559.66,223.88,False
210,14884,2023-10-22,4,8,779.74,311.92,False
210,4513,2023-10-11,1,2,299.98,120.0,False
210,3913,2023-07-12,4,9,799.55,319.84,False
210,9490,2023-06-22,1,3,449.97,180.0,False
210,14441,2023-06-19,1,3,389.97,156.0,False
210,1553,2022-12-19,4,7,1549.75,619.92,False
210,2444,2022-06-29,4,5,449.68,179.88,False
210,9954,2022-04-01,4,8,1059.92,424.0,False
210,7722,2021-07-25,4,7,1019.75,407.92,False
210,6064,2021-07-04,1,3,449.7,179.88,False
210,4249,2020-08-30,2,3,429.88,171.96,True
210,5429,2020-08-03,2,3,219.88,87.96,False
210,3639,2020-07-01,4,7,459.57,183.84,False
210,1132,2020-06-23,3,6,864.94,346.0,False
210,14380,2020-05-08,4,8,739.38,295.76,True
211,10276,2025-09-08,2,3,269.88,107.96,False
211,10163,2024-03-21,3,5,569.95,228.0,False
211,4654,2024-03-16,2,3,309.88,123.96,False
211,3606,2023-11-22,3,7,1139.93,456.0,False
211,5660,2023-07-02,2,3,131.97,52.8,False
211,9526,2023-04-25,4,7,789.93,316.0,False
211,12916,2023-02-25,1,1,39.99,16.0,False
211,4933,2023-02-04,2,4,229.96,92.0,False
211,7657,2023-01-11,3,7,1319.75,527.92,False
211,4507,2022-07-27,4,7,861.93,344.8,False
211,12979,2022-07-03,1,2,319.98,128.0,False
211,12337,2021-12-31,1,3,119.7,47.88,False
211,14020,2021-12-08,3,5,544.77,217.92,True
211,3960,2021-11-16,3,7,709.75,283.92,False
211,3909,2021-06-08,2,2,199.89,79.96,False
211,608,2021-03-14,4,10,1429.63,571.88,False
211,13346,2021-02-25,2,4,289.96,116.0,False
211,10132,2021-02-04,1,2,199.8,79.92,False
211,2484,2020-04-18,3,6,599.67,239.88,False
211,5978,2020-03-20,2,3,309.79,123.92,False
211,8353,2020-02-26,3,6,879.76,351.92,False
212,2203,2025-08-05,1,1,199.99,80.0,False
212,10469,2025-07-09,2,6,839.94,336.0,False
212,9404,2025-03-25,3,6,694.67,277.88,False
212,13939,2025-02-28,1,2,49.8,19.92,False
212,797,2025-02-02,3,5,289.59,115.84,False
212,8178,2024-12-30,4,5,969.77,387.92,False
212,8030,2024-09-27,3,7,1379.75,551.92,False
212,2418,2024-08-07,3,6,479.67,191.88,False
212,10165,2024-05-22,1,2,239.98,96.0,False
212,12981,2024-04-17,2,4,609.78,243.92,False
212,10468,2023-11-24,3,9,1109.64,443.88,False
212,5140,2023-10-21,3,4,479.87,191.96,False
212,1064,2023-09-15,3,7,1009.93,404.0,True
212,12216,2023-06-30,3,4,729.78,291.92,False
212,14497,2023-05-21,2,5,1219.95,488.0,False
212,5112,2022-11-07,3,6,1079.85,431.96,False
212,2946,2022-10-04,2,5,379.5,151.8,False
212,4745,2022-08-25,4,9,939.82,375.96,True
212,6422,2022-08-22,4,9,539.91,216.0,False
212,4327,2022-07-26,4,7,514.39,205.76,False
212,13478,2022-03-19,1,2,319.98,128.0,False
212,14552,2022-01-15,4,7,569.75,227.92,False
212,1544,2021-10-05,4,7,799.57,319.84,False
212,10695,2021-05-29,2,4,299.87,119.96,False
212,10457,2021-04-03,3,7,539.75,215.92,False
212,13808,2021-03-21,2,4,859.96,344.0,False
212,2565,2021-03-14,1,2,499.98,200.0,False
212,8445,2021-03-04,2,6,509.67,203.88,False
212,5,2021-02-03,4,7,399.84,159.96,False
212,6046,2020-09-18,4,8,1479.74,591.92,False
212,6362,2020-05-31,1,1,25.99,10.4,False
212,12352,2020-05-27,2,3,251.88,100.76,False
212,7562,2020-04-09,1,3,269.97,108.0,False
212,13190,2020-01-20,1,2,699.98,280.0,False
213,1864,2025-07-23,1,1,59.99,24.0,False
213,9540,2025-05-09,2,2,339.98,136.0,True
213,5903,2025-02-23,4,5,579.86,231.96,False
213,13741,2024-08-28,2,5,559.95,224.0,False
213,1065,2024-07-21,4,6,909.76,363.92,False
213,11772,2024-02-11,2,4,169.69,67.88,False
213,8617,2023-12-07,3,4,559.96,224.0,False
213,4543,2023-08-04,1,2,69.98,28.0,False
213,3333,2023-07-03,4,7,419.66,167.88,False
213,10113,2023-04-16,2,5,1059.95,424.0,False
213,12129,2023-04-08,4,9,1279.91,512.0,True
213,12224,2023-02-26,3,7,1059.66,423.88,False
213,2539,2023-02-20,4,9,1589.91,636.0,False
213,6291,2023-01-14,1,3,569.97,228.0,False
213,8515,2022-10-23,3,4,459.87,183.96,False
213,12675,2022-02-09,1,1,79.99,32.0,False
213,2440,2021-03-26,2,5,709.68,283.88,False
213,3902,2020-06-12,2,6,599.67,239.88,False
213,6230,2020-05-22,2,2,479.98,192.0,False
213,7816,2020-03-31,4,7,774.39,309.76,False
214,7678,2025-12-22,4,6,466.67,186.68,True
214,12375,2025-12-05,1,1,149.9,59.96,False
214,691,2025-08-13,3,8,579.65,231.88,False
214,6526,2025-06-29,2,4,699.69,279.88,False
214,8151,2025-04-14,4,9,889.64,355.88,False
214,1322,2024-11-07,2,4,669.96,268.0,False
214,11752,2024-09-03,1,1,49.9,19.96,False
214,2516,2024-08-13,1,3,239.97,96.0,False
214,5840,2024-07-25,3,8,1019.92,408.0,False
214,675,2024-04-18,2,2,149.98,60.0,True
214,9983,2024-04-02,3,6,519.76,207.92,False
214,8977,2024-03-20,2,6,524.4,209.76,False
214,445,2023-11-20,4,7,1239.57,495.84,False
214,627,2023-08-28,4,6,999.76,399.92,True
214,11229,2023-06-01,1,2,119.98,48.0,False
214,9343,2023-01-26,3,4,559.96,224.0,False
214,14560,2023-01-05,3,6,409.67,163.88,False
214,7096,2022-12-14,4,9,2369.73,947.92,False
214,10849,2022-10-08,4,6,885.94,354.4,False
214,1803,2022-04-15,2,6,419.67,167.88,False
214,9750,2022-02-12,3,3,479.97,192.0,False
214,1075,2021-12-16,4,8,1509.92,604.0,False
214,13490,2021-09-23,1,3,119.7,47.88,True
214,13555,2021-02-18,2,6,959.94,384.0,False
214,11708,2021-01-02,4,10,1029.9,412.0,False
214,3805,2020-12-22,4,9,1079.64,431.88,True
214,11783,2020-11-08,3,7,649.57,259.84,False
214,14068,2020-10-08,1,2,359.98,144.0,False
214,7134,2020-05-20,4,8,719.74,287.92,False
215,14450,2025-09-30,2,4,759.96,304.0,False
215,4143,2025-06-12,1,1,54.9,21.96,True
215,10047,2025-03-01,3,8,529.65,211.88,True
215,4004,2025-02-02,2,2,249.89,99.96,False
215,10970,2024-03-08,1,3,119.7,47.88,False
215,12490,2023-10-28,1,3,149.97,60.0,False
215,13903,2023-07-15,4,9,1209.46,483.8,False
215,5721,2023-04-29,4,9,1149.91,460.0,True
215,2237,2022-11-10,3,6,869.76,347.92,False
215,4929,2022-10-03,3,7,214.93,86.0,False
215,3331,2022-09-19,2,2,359.98,144.0,False
215,3840,2022-09-03,3,4,494.96,198.0,False
215,2306,2021-02-06,1,1,129.9,51.96,False
215,678,2021-01-29,4,11,2109.62,843.88,False
215,2024,2020-08-29,1,1,99.9,39.96,False
215,11902,2020-07-18,2,5,769.68,307.88,False
215,748,2020-04-23,4,9,1189.73,475.92,False
215,9516,2020-02-27,1,2,239.98,96.0,False
216,4082,2025-09-20,4,9,439.91,176.0,False
216,4043,2025-07-27,3,9,854.37,341.76,True
216,12355,2025-02-20,3,6,1059.85,423.96,False
216,8239,2024-10-17,4,8,999.92,400.0,False
216,13036,2024-10-15,3,5,354.59,141.84,False
216,1333,2024-09-13,4,11,674.35,269.76,False
216,11586,2024-09-02,1,3,149.7,59.88,True
216,4195,2023-10-29,3,8,1739.65,695.88,False
216,3069,2023-04-17,1,3,164.7,65.88,False
216,1650,2022-12-17,4,6,389.76,155.92,True
216,13682,2022-12-03,2,5,1289.77,515.92,False
216,13546,2022-10-16,1,2,259.8,103.92,False
216,8004,2021-12-16,3,7,1249.66,499.88,True
216,1697,2021-12-15,2,3,749.97,300.0,False
216,12499,2021-12-12,1,2,599.98,240.0,False
216,9179,2021-10-20,1,1,349.99,140.0,False
216,4871,2021-04-10,2,4,819.87,327.96,False
216,10001,2021-01-07,2,4,779.96,312.0,False
216,9762,2020-08-08,2,4,669.96,268.0,False
216,2804,2020-06-19,2,4,489.87,195.96,False
217,8933,2025-12-02,4,8,809.65,323.88,False
217,3504,2025-07-04,2,5,779.95,312.0,False
217,1956,2025-04-04,2,3,181.97,72.8,False
217,10624,2025-02-19,1,1,129.99,52.0,False
217,7205,2025-01-04,4,7,719.66,287.88,True
217,2131,2024-10-22,2,4,399.96,160.0,False
217,12990,2024-08-18,3,3,289.97,116.0,False
217,573,2024-05-16,1,2,199.98,80.0,False
217,2182,2024-01-15,2,6,554.67,221.88,False
217,7650,2023-10-24,4,7,609.75,243.92,False
217,11387,2023-09-09,1,1,69.99,28.0,False
217,3673,2023-05-14,1,3,1049.97,420.0,False
217,12219,2023-04-11,4,10,849.63,339.88,False
217,2826,2023-03-18,1,2,79.8,31.92,False
217,7021,2022-11-29,4,8,1399.74,559.92,False
217,5481,2022-11-15,4,8,1239.83,495.96,False
217,14776,2022-10-26,4,11,579.35,231.76,False
217,11105,2022-10-18,1,2,199.8,79.92,False
217,4758,2021-12-26,4,9,894.46,357.8,False
217,11126,2021-08-26,1,2,499.98,200.0,False
217,2293,2021-08-18,3,5,509.59,203.84,False
217,12267,2021-04-28,4,8,1219.92,488.0,False
217,10855,2020-10-29,3,7,489.57,195.84,True
217,14677,2020-08-13,4,9,1434.91,574.0,False
217,10888,2020-08-03,3,5,1119.86,447.96,False
217,12246,2020-05-24,4,9,1079.55,431.84,False
217,12656,2020-02-13,4,8,434.47,173.8,False
218,1034,2025-08-28,4,7,909.84,363.96,False
218,12763,2025-07-04,2,6,137.94,55.2,False
218,13215,2025-01-13,3,4,179.78,71.92,True
218,14774,2024-07-04,2,3,399.97,160.0,False
218,6995,2024-04-28,3,8,1059.92,424.0,False
218,3598,2024-03-06,3,6,539.94,216.0,True
218,4631,2024-01-15,1,1,69.9,27.96,False
218,9302,2023-11-04,3,7,669.84,267.96,False
218,12206,2023-03-27,1,3,749.97,300.0,False
218,14676,2022-01-27,4,8,769.65,307.88,False
218,3376,2021-08-15,1,3,164.7,65.88,False
218,4149,2021-07-30,4,8,739.74,295.92,True
218,13052,2021-07-10,4,7,1989.93,796.0,False
218,6366,2021-06-22,4,10,1169.63,467.88,True
218,7301,2020-12-03,2,4,204.87,81.96,True
218,2095,2020-10-03,2,4,299.87,119.96,False
218,13366,2020-08-31,2,2,59.89,23.96,False
218,12524,2020-08-07,1,2,99.98,40.0,False
219,12587,2025-10-17,1,1,159.99,64.0,False
219,4953,2025-06-30,3,3,394.88,157.96,False
219,7327,2024-07-20,2,3,159.97,64.0,False
219,10889,2024-06-08,2,3,419.97,168.0,False
219,12562,2024-04-30,2,2,119.98,48.0,False
219,811,2023-03-14,2,5,409.77,163.92,False
219,8370,2023-02-14,4,10,1059.45,423.8,False
219,11246,2023-01-19,1,1,34.99,14.0,False
219,4165,2022-10-20,1,1,99.9,39.96,False
219,8636,2022-01-10,4,7,869.48,347.8,False
219,11885,2021-12-17,3,5,699.59,279.84,False
219,11014,2021-12-09,1,1,79.99,32.0,False
219,13057,2021-10-26,1,2,159.98,64.0,False
219,2038,2021-10-22,4,8,744.38,297.76,False
219,12288,2021-08-31,2,3,499.7,199.88,False
219,2486,2021-08-06,2,3,839.88,335.96,False
219,15002,2021-07-22,2,5,154.95,62.0,False
219,9099,2021-06-27,2,3,319.97,128.0,True
219,11820,2021-06-10,2,4,379.69,151.88,False
219,13387,2020-11-05,4,11,719.89,288.0,False
219,688,2020-10-21,3,4,304.69,121.88,True
219,3456,2020-01-25,4,9,1049.82,419.96,False
220,13477,2025-02-03,3,5,309.77,123.92,False
220,11285,2024-11-09,4,6,1269.94,508.0,False
220,9594,2024-04-29,3,7,194.75,77.92,False
220,14814,2024-04-14,4,8,1329.92,532.0,False
220,14102,2024-02-20,3,4,709.78,283.92,False
220,11375,2024-01-05,3,6,1109.58,443.84,False
220,486,2023-11-05,3,7,629.57,251.84,True
220,12706,2023-06-04,4,7,1329.75,531.92,False
220,6409,2023-04-12,4,10,419.63,167.88,False
220,7907,2022-12-04,3,7,829.57,331.84,False
220,8241,2022-11-22,4,9,869.91,348.0,False
220,9640,2022-01-24,2,5,309.95,124.0,False
220,11944,2021-11-04,3,6,339.94,136.0,False
220,7876,2021-08-30,4,9,999.73,399.92,False
220,6563,2021-02-07,2,2,219.89,87.96,False
220,9198,2021-01-20,3,5,1099.59,439.84,False
220,9733,2020-08-04,1,3,59.97,24.0,False
220,5942,2020-06-19,4,10,1059.09,423.64,False
221,14196,2025-11-28,1,3,179.97,72.0,False
221,4709,2025-09-04,4,9,1089.46,435.8,True
221,4567,2025-08-17,2,5,409.95,164.0,False
221,11256,2025-03-19,3,5,1299.95,520.0,False
221,2855,2024-09-22,1,1,79.99,32.0,False
221,867,2024-09-20,3,6,439.85,175.96,False
221,4734,2024-07-26,3,5,294.77,117.92,True
221,356,2023-07-18,1,1,79.99,32.0,False
221,12817,2023-07-07,4,9,1111.91,444.8,False
221,3261,2023-03-16,1,1,149.9,59.96,False
221,14753,2022-09-20,4,7,639.57,255.84,True
221,9705,2022-08-11,1,2,259.8,103.92,False
221,5820,2022-06-07,1,1,99.99,40.0,False
221,2420,2022-02-26,1,3,449.97,180.0,False
221,5048,2021-11-01,1,2,49.98,20.0,False
221,11892,2021-02-07,4,8,669.83,267.96,False
221,10780,2020-12-06,1,3,89.97,36.0,False
221,14615,2020-11-03,1,1,119.9,47.96,False
221,8101,2020-04-29,4,10,2269.72,907.92,False
222,11021,2025-09-13,1,2,119.98,48.0,False
222,13275,2025-08-06,4,8,789.92,316.0,False
222,2505,2024-12-04,2,3,224.97,90.0,False
222,1475,2024-09-03,3,8,954.92,382.0,False
222,11977,2024-07-09,2,3,479.97,192.0,True
222,14664,2023-11-20,3,6,669.94,268.0,False
222,4710,2023-11-02,1,1,149.99,60.0,False
222,8830,2023-08-20,2,6,1289.94,516.0,False
222,13630,2023-06-22,2,4,109.87,43.96,False
222,13678,2023-06-15,2,3,419.97,168.0,True
222,4511,2022-08-29,2,6,1439.94,576.0,False
222,6512,2022-07-19,1,1,54.9,21.96,False
222,11386,2021-12-03,1,1,39.99,16.0,False
222,6335,2021-10-12,2,6,827.94,331.2,True
222,383,2021-09-13,4,7,579.75,231.92,False
222,12968,2021-08-22,4,10,1004.9,402.0,False
222,1975,2021-03-11,1,1,199.9,79.96,False
222,5288,2020-12-25,4,8,907.74,363.12,False
222,10422,2020-12-24,3,5,304.95,122.0,False
222,14034,2020-11-30,4,8,469.74,187.92,False
222,7552,2020-09-22,4,10,1129.63,451.88,True
222,9496,2020-09-13,2,3,139.79,55.92,False
222,2642,2020-08-28,4,8,727.56,291.04,False
222,3349,2020-03-22,2,3,589.79,235.92,False
223,6442,2025-12-07,2,6,1349.94,540.0,False
223,5257,2025-10-21,4,8,749.92,300.0,False
223,767,2025-10-12,3,7,859.75,343.92,False
223,6296,2025-03-20,3,6,397.76,159.12,False
223,13146,2024-11-10,4,8,490.65,196.28,False
223,3043,2024-10-03,2,4,309.96,124.0,False
223,10929,2024-10-02,2,2,89.89,35.96,False
223,3793,2024-06-19,1,2,259.98,104.0,False
223,7984,2023-10-09,2,4,199.78,79.92,False
223,9448,2023-06-25,4,8,1209.65,483.88,False
223,13359,2023-03-19,3,8,939.65,375.88,False
223,2066,2021-10-17,3,6,669.67,267.88,False
223,12643,2021-05-20,2,3,409.97,164.0,False
223,14036,2020-06-27,2,3,559.97,224.0,False
223,6976,2020-06-01,4,6,534.76,213.92,False
223,13598,2020-04-20,1,1,129.9,51.96,True
223,2065,2020-01-25,1,1,89.99,36.0,False
224,14256,2025-10-01,4,6,434.67,173.88,False
224,10656,2025-03-18,1,2,99.98,40.0,False
224,3545,2025-02-03,2,5,749.77,299.92,False
224,602,2024-07-30,2,4,559.78,223.92,False
224,6740,2024-06-02,2,3,165.79,66.32,False
224,3074,2023-10-02,4,9,1469.73,587.92,False
224,12640,2023-08-25,2,6,749.67,299.88,False
224,3784,2023-07-18,2,4,869.96,348.0,True
224,7445,2023-02-20,1,2,699.98,280.0,False
224,14055,2022-11-17,1,3,104.97,42.0,False
224,13530,2022-02-05,4,8,646.83,258.76,False
224,2755,2022-01-20,2,4,619.96,248.0,False
224,8479,2021-03-30,3,8,289.47,115.8,False
224,8719,2020-11-17,3,4,574.6,229.84,False
224,3986,2020-11-11,4,6,649.85,259.96,False
224,1415,2020-08-25,2,3,379.88,151.96,False
224,13093,2020-06-02,1,1,199.99,80.0,False
224,12843,2020-02-23,3,6,419.94,168.0,False
224,4976,2020-01-27,3,7,594.66,237.88,False
225,12212,2025-11-29,3,7,539.93,216.0,True
225,133,2025-05-25,4,8,1129.92,452.0,False
225,2334,2025-05-15,2,5,269.95,108.0,False
225,14817,2025-01-30,1,3,569.97,228.0,False
225,5103,2024-08-13,3,5,869.95,348.0,False
225,2957,2024-08-01,2,3,169.97,68.0,True
225,7252,2023-10-21,2,4,209.87,83.96,False
225,10759,2023-09-11,4,9,1389.82,555.96,False
225,8443,2023-07-23,3,7,899.3,359.72,True
225,13311,2023-04-24,1,1,39.9,15.96,False
225,1060,2022-12-28,1,3,569.97,228.0,False
225,14238,2022-08-15,3,7,414.84,165.96,True
225,4571,2022-08-05,1,1,189.99,76.0,False
225,14117,2022-05-19,3,5,629.86,251.96,False
225,14341,2022-02-06,3,6,474.76,189.92,False
225,6406,2022-02-02,4,8,539.56,215.84,False
225,4298,2021-11-30,4,6,1159.94,464.0,False
225,3480,2021-09-14,4,6,539.76,215.92,False
225,7869,2021-04-02,3,5,919.77,367.92,False
225,12996,2021-03-17,4,8,1469.92,588.0,True
225,13491,2020-08-27,2,4,539.6,215.84,False
225,9783,2020-05-08,1,1,25.99,10.4,False
226,14074,2025-12-13,4,10,1399.09,559.64,True
226,8819,2025-12-03,2,4,479.69,191.88,False
226,1683,2025-09-13,3,6,1069.94,428.0,False
226,4363,2025-07-25,3,8,951.92,380.8,False
226,9811,2025-06-18,4,6,669.94,268.0,False
226,2684,2024-11-09,1,2,299.98,120.0,False
226,14021,2024-11-01,1,2,69.98,28.0,False
226,3440,2024-07-31,3,7,1229.66,491.88,False
226,1403,2024-06-27,1,2,239.98,96.0,False
226,10341,2024-05-16,4,9,1419.91,568.0,False
226,12984,2024-02-29,3,5,209.77,83.92,True
226,10845,2023-10-30,2,5,549.95,220.0,False
226,14004,2023-07-05,3,5,639.95,256.0,False
226,3176,2023-01-29,1,3,449.7,179.88,False
226,2216,2022-11-05,4,10,979.9,392.0,False
226,2814,2022-09-05,3,4,369.78,147.92,True
226,7506,2021-11-25,1,2,319.98,128.0,False
226,11596,2021-09-09,3,8,304.65,121.88,False
226,5522,2021-09-03,3,7,249.75,99.92,False
226,14407,2021-04-07,1,2,199.8,79.92,False
226,2813,2020-07-18,2,2,699.98,280.0,False
226,12898,2020-06-14,4,9,1134.91,454.0,False
226,1506,2020-05-05,3,6,579.94,232.0,False
226,7037,2020-04-19,2,3,139.7,55.88,False
226,14737,2020-04-10,3,9,884.91,354.0,False
227,9170,2025-12-16,1,2,299.98,120.0,False
227,10224,2025-11-14,1,1,199.9,79.96,False
227,9093,2025-09-15,4,7,519.75,207.92,False
227,10040,2025-08-07,2,6,464.4,185.76,False
227,6376,2025-08-02,3,6,399.58,159.84,False
227,7424,2025-05-01,4,9,714.28,285.72,False
227,8152,2025-04-10,4,10,889.36,355.76,False
227,2649,2024-04-28,4,8,849.47,339.8,False
227,7043,2024-04-22,2,6,1499.67,599.88,False
227,9578,2023-12-30,3,7,1089.93,436.0,False
227,4527,2023-09-04,1,1,129.99,52.0,False
227,8366,2023-08-04,3,5,389.77,155.92,False
227,6099,2023-06-18,3,4,524.69,209.88,False
227,3883,2022-01-24,3,5,989.95,396.0,False
227,2557,2021-03-31,2,5,874.68,349.88,False
227,4011,2021-01-13,3,7,1469.93,588.0,False
227,3458,2020-12-28,1,1,249.99,100.0,False
227,10269,2020-06-02,4,9,909.64,363.88,False
228,3269,2025-12-22,3,7,939.48,375.8,False
228,5943,2025-10-14,3,5,969.86,387.96,False
228,908,2025-07-01,3,4,429.87,171.96,False
228,8565,2025-06-10,4,7,1829.93,732.0,False
228,7278,2025-03-31,2,3,149.88,59.96,False
228,4487,2024-06-01,2,6,1379.94,552.0,False
228,11262,2024-03-22,3,6,589.94,236.0,False
228,1157,2024-02-18,2,3,214.79,85.92,False
228,3559,2024-01-07,3,8,809.65,323.88,False
228,2468,2023-07-25,1,3,599.7,239.88,False
228,12048,2023-04-14,2,4,249.96,100.0,False
228,13757,2023-03-28,2,4,377.96,151.2,False
228,12563,2023-01-11,1,3,179.97,72.0,False
228,8953,2022-09-23,1,2,99.98,40.0,False
228,10462,2022-04-27,4,8,979.92,392.0,False
228,2027,2022-03-18,3,5,1299.95,520.0,False
228,14197,2022-03-06,4,8,1183.92,473.6,False
228,14426,2022-01-25,4,7,1119.75,447.92,False
228,3285,2022-01-21,4,8,1329.83,531.96,False
228,8888,2021-11-26,1,2,259.98,104.0,False
228,1362,2021-11-15,2,5,379.95,152.0,False
228,13813,2021-04-17,4,6,1019.85,407.96,False
228,10637,2020-12-15,2,4,819.96,328.0,False
228,10138,2020-10-05,4,5,505.77,202.32,True
228,8740,2020-09-21,2,5,529.77,211.92,False
228,3978,2020-07-21,4,8,829.92,332.0,False
228,14448,2020-06-22,4,12,1259.34,503.76,False
228,10757,2020-05-23,4,7,1399.66,559.88,False
228,9642,2020-03-29,1,1,89.9,35.96,False
228,2880,2020-01-12,2,4,439.96,176.0,True
229,2472,2025-08-02,1,1,49.99,20.0,False
229,6655,2025-06-30,4,8,921.56,368.64,False
229,8056,2025-06-04,1,1,89.99,36.0,False
229,2702,2024-12-01,1,1,69.99,28.0,False
229,5529,2024-10-03,4,7,819.93,328.0,False
229,5686,2024-09-20,3,8,477.65,191.08,True
229,2689,2024-07-11,2,5,659.77,263.92,False
229,2527,2024-03-24,2,4,519.96,208.0,False
229,12498,2024-03-17,2,4,219.6,87.84,False
229,1637,2023-12-27,1,2,239.8,95.92,False
229,8709,2023-11-08,3,6,604.67,241.88,False
229,479,2023-06-17,4,7,1219.66,487.88,False
229,9481,2023-06-13,4,8,1065.56,426.24,False
229,11870,2023-06-09,2,4,204.6,81.84,False
229,1622,2023-05-31,1,2,109.8,43.92,False
229,13737,2023-03-17,2,4,769.96,308.0,False
229,4979,2023-03-06,1,2,259.98,104.0,False
229,2410,2023-02-19,1,1,99.99,40.0,False
229,7781,2022-11-06,2,5,489.95,196.0,False
229,3859,2022-07-24,1,3,179.97,72.0,False
229,7507,2022-03-10,4,7,320.39,128.16,False
229,13583,2021-10-10,1,1,249.99,100.0,False
229,12093,2021-02-25,4,8,819.38,327.76,False
229,5992,2020-12-11,4,7,1019.93,408.0,False
229,5283,2020-11-27,4,7,1049.93,420.0,True
229,2540,2020-04-22,4,9,704.1,281.64,False
230,10078,2025-10-07,1,1,54.9,21.96,False
230,13207,2025-07-17,3,5,799.95,320.0,True
230,14688,2025-06-17,4,6,639.67,255.88,False
230,2109,2025-05-30,1,1,149.9,59.96,False
230,1827,2025-01-16,4,5,569.95,228.0,False
230,7986,2024-08-27,2,5,324.68,129.88,False
230,9868,2024-07-07,2,3,409.97,164.0,False
230,11672,2024-02-17,4,8,1434.38,573.76,False
230,9607,2024-01-20,2,5,999.95,400.0,False
230,70,2023-03-28,2,6,359.94,144.0,False
230,11487,2023-02-28,4,7,489.93,196.0,True
230,12565,2022-10-28,3,6,689.94,276.0,False
230,9464,2022-05-28,2,5,1249.77,499.92,False
230,14320,2022-04-20,2,4,789.87,315.96,False
230,3163,2022-04-14,4,9,1575.73,630.32,False
230,3293,2022-01-29,4,9,779.37,311.76,False
230,7337,2021-08-04,1,3,899.97,360.0,False
230,9928,2021-07-04,2,5,1099.77,439.92,False
230,2359,2021-04-02,2,4,1359.96,544.0,False
230,8792,2021-01-17,3,6,389.94,156.0,False
230,9790,2021-01-11,4,7,714.93,286.0,False
230,9588,2020-10-10,3,4,449.96,180.0,False
230,13206,2020-08-28,2,4,359.96,144.0,False
230,9917,2020-06-25,2,5,129.95,52.0,False
231,14120,2025-09-18,3,7,1069.75,427.92,False
231,10031,2025-08-05,1,1,89.9,35.96,False
231,9331,2025-04-14,2,5,629.68,251.88,False
231,14175,2024-12-24,4,9,1859.64,743.88,True
231,7487,2024-10-04,1,2,259.8,103.92,False
231,798,2024-07-19,1,3,419.97,168.0,False
231,5396,2024-06-29,4,8,884.65,353.88,False
231,3243,2024-04-13,2,4,299.96,120.0,False
231,3397,2024-02-12,1,3,149.97,60.0,False
231,1433,2024-01-16,3,6,559.76,223.92,False
231,7960,2023-09-24,2,4,619.96,248.0,False
231,2490,2023-08-27,3,4,729.96,292.0,False
231,1972,2022-12-04,1,3,104.97,42.0,False
231,7693,2022-05-31,4,7,1469.93,588.0,True
231,10555,2021-10-14,1,1,299.99,120.0,False
231,3428,2021-09-10,4,7,719.66,287.88,False
231,5337,2021-08-24,2,4,479.96,192.0,True
231,14949,2021-07-31,3,7,529.48,211.8,False
231,3001,2021-06-05,2,4,399.96,160.0,False
231,10841,2021-02-09,4,8,714.74,285.92,False
231,9279,2020-12-18,2,3,439.97,176.0,False
231,10860,2020-10-10,4,9,1119.46,447.8,False
231,12751,2020-07-04,4,7,1009.48,403.8,False
231,5115,2020-01-27,4,10,1759.36,703.76,False
232,4591,2025-09-13,4,8,630.65,252.28,True
232,5913,2025-07-07,2,6,329.4,131.76,False
232,14108,2024-11-03,1,2,179.98,72.0,False
232,7177,2024-04-25,2,3,199.97,80.0,False
232,10964,2024-02-10,1,2,119.98,48.0,False
232,5956,2024-01-16,1,1,69.99,28.0,False
232,10039,2023-12-25,4,11,1354.62,541.88,True
232,4166,2023-12-21,2,6,869.94,348.0,False
232,5421,2023-04-30,3,8,644.47,257.8,True
232,11086,2023-04-16,2,4,509.6,203.84,False
232,2398,2023-01-04,4,7,869.66,347.88,False
232,3085,2022-08-26,3,4,379.96,152.0,True
232,721,2022-06-26,4,8,529.74,211.92,False
232,14123,2022-02-13,2,2,459.98,184.0,False
232,10814,2021-08-14,1,3,209.97,84.0,False
232,9940,2021-07-22,1,1,59.99,24.0,False
232,10461,2021-01-24,2,5,319.77,127.92,False
232,6204,2020-12-31,4,9,539.91,216.0,False
232,9752,2020-10-30,2,3,439.7,175.88,False
232,14745,2020-04-11,2,3,194.7,77.88,False
232,10141,2020-01-30,3,6,294.76,117.92,True
233,10439,2025-09-08,4,8,839.65,335.88,False
233,3160,2025-07-25,4,11,1587.44,635.0,False
233,6325,2025-07-16,4,9,659.64,263.88,False
233,9254,2025-05-23,4,7,989.93,396.0,False
233,10537,2025-01-26,1,1,149.99,60.0,False
233,4343,2025-01-04,3,4,229.69,91.88,False
233,8259,2024-11-29,1,1,69.9,27.96,False
233,11210,2024-10-20,3,6,729.76,291.92,False
233,14800,2024-10-14,1,1,24.99,10.0,False
233,11325,2023-11-04,2,5,214.5,85.8,False
233,13917,2023-08-25,2,3,379.88,151.96,False
233,6126,2023-07-30,3,6,314.67,125.88,False
233,7249,2023-07-18,4,8,859.74,343.92,False
233,7235,2023-03-25,3,7,559.75,223.92,False
233,499,2022-12-07,3,7,619.75,247.92,False
233,10982,2022-07-28,3,3,209.88,83.96,False
233,7024,2022-07-23,2,5,277.95,111.2,True
233,13802,2021-07-26,2,2,399.98,160.0,False
233,10063,2021-07-06,1,1,179.99,72.0,False
233,7399,2020-10-18,2,6,1214.67,485.88,False
233,4230,2020-10-12,1,1,399.99,160.0,False
233,13773,2020-07-13,3,7,689.66,275.88,False
233,5322,2020-07-11,4,9,367.82,147.16,False
233,14525,2020-04-09,4,10,1579.9,632.0,False
234,8468,2025-07-07,2,5,409.95,164.0,False
234,1524,2025-05-20,3,6,1169.94,468.0,True
234,3983,2025-05-13,3,6,729.94,292.0,False
234,9205,2025-01-08,3,4,289.96,116.0,False
234,11781,2025-01-02,4,10,1129.45,451.8,True
234,14584,2024-08-08,2,5,839.95,336.0,False
234,14498,2024-05-31,1,1,79.99,32.0,False
234,3788,2024-04-17,1,3,899.97,360.0,False
234,7310,2023-11-26,2,4,239.69,95.88,False
234,7511,2023-11-11,1,2,359.98,144.0,False
234,6450,2023-10-26,3,4,419.96,168.0,False
234,10832,2023-05-25,4,6,734.85,293.96,False
234,10304,2022-11-07,3,6,709.94,284.0,False
234,13871,2022-07-28,2,5,264.95,106.0,False
234,13658,2022-01-28,2,4,289.96,116.0,False
234,1859,2021-08-17,2,6,569.4,227.76,False
234,7428,2021-03-03,4,9,999.46,399.8,False
234,2187,2020-11-15,2,5,439.5,175.8,False
234,14856,2020-06-20,1,3,89.97,36.0,False
234,11743,2020-06-06,2,3,659.97,264.0,False
234,10966,2020-04-05,4,7,499.84,199.96,False
234,1260,2020-01-24,3,8,949.47,379.8,False
235,7526,2025-09-04,2,2,119.89,47.96,False
235,4081,2024-12-02,3,5,989.77,395.92,False
235,6168,2024-06-21,2,4,174.96,70.0,True
235,13227,2024-06-09,2,4,924.96,370.0,False
235,4531,2024-02-03,4,10,609.45,243.8,False
235,8279,2023-08-23,4,8,769.56,307.84,False
235,13070,2023-06-03,1,2,799.98,320.0,False
235,5922,2022-12-08,4,10,1259.72,503.92,True
235,3760,2022-03-23,4,10,1159.9,464.0,False
235,3542,2021-12-11,1,3,359.97,144.0,False
235,185,2021-08-09,2,4,559.78,223.92,False
235,11469,2021-06-11,4,10,1479.9,592.0,False
235,13771,2021-05-14,4,5,609.95,244.0,True
235,10918,2020-10-15,1,1,69.99,28.0,True
235,1965,2020-07-10,1,2,499.98,200.0,False
235,1840,2020-02-12,1,3,899.97,360.0,False
235,14089,2020-01-19,2,6,629.94,252.0,False
236,14446,2025-11-11,2,2,354.89,141.96,False
236,9932,2024-01-18,3,3,789.97,316.0,False
236,11027,2023-09-28,4,10,1149.63,459.88,True
236,13627,2023-09-26,3,6,589.67,235.88,False
236,13317,2023-04-02,2,6,479.67,191.88,False
236,1309,2022-11-01,4,9,1509.73,603.92,False
236,10583,2022-10-10,1,1,129.99,52.0,False
236,3954,2021-12-27,2,5,699.95,280.0,False
236,14543,2021-12-21,3,4,374.87,149.96,False
236,8383,2021-01-21,4,7,444.3,177.72,False
236,5455,2020-10-24,3,7,1129.93,452.0,True
236,8654,2020-06-08,4,7,959.57,383.84,False
236,13211,2020-03-21,3,6,559.94,224.0,False
237,9970,2025-08-02,1,2,49.98,20.0,False
237,10870,2025-07-06,4,10,1384.72,553.92,False
237,8818,2025-06-01,3,7,779.75,311.92,True
237,7801,2025-05-24,1,1,129.9,51.96,False
237,13949,2025-02-26,2,3,439.79,175.92,False
237,4243,2024-09-25,3,6,539.67,215.88,False
237,887,2024-06-14,3,4,259.87,103.96,False
237,5565,2024-02-02,4,8,524.56,209.84,False
237,3904,2023-07-24,2,2,219.89,87.96,False
237,10407,2023-07-03,3,5,374.95,150.0,False
237,8097,2023-01-29,3,7,499.75,199.92,False
237,12230,2023-01-12,2,6,389.4,155.76,False
237,508,2021-10-26,3,8,569.65,227.88,False
237,4219,2021-03-08,3,5,294.59,117.84,False
237,8402,2020-08-17,2,4,339.96,136.0,False
237,11585,2020-03-05,3,6,239.94,96.0,False
237,4564,2020-02-15,1,2,359.98,144.0,False
238,9579,2025-12-23,4,6,989.76,395.92,False
238,7714,2025-12-07,4,7,569.93,228.0,False
238,4547,2025-04-24,3,7,649.48,259.8,False
238,7081,2024-08-01,2,4,419.69,167.88,False
238,8697,2024-08-01,3,7,304.93,122.0,True
238,9852,2023-07-20,4,7,689.75,275.92,False
238,8508,2023-01-22,4,4,569.69,227.88,False
238,8993,2022-12-03,1,3,149.97,60.0,False
238,6880,2022-11-13,1,2,119.98,48.0,False
238,10688,2022-07-09,2,3,389.97,156.0,True
238,13574,2022-03-06,2,5,239.68,95.88,False
238,3009,2022-01-02,1,1,129.99,52.0,False
238,8247,2021-10-21,4,10,1509.72,603.92,True
238,4861,2021-09-14,4,9,919.55,367.84,True
238,11926,2021-04-02,2,5,154.68,61.88,False
238,1560,2020-09-10,4,11,934.89,374.0,False
238,10890,2020-09-06,4,8,1019.65,407.88,True
238,5324,2020-01-02,1,3,239.97,96.0,False
238,769,2020-01-01,1,3,239.97,96.0,False
239,8803,2025-02-22,3,6,519.76,207.92,False
239,2856,2024-09-27,2,3,349.79,139.92,False
239,11906,2024-07-28,4,7,384.75,153.92,False
239,10491,2024-05-24,3,7,1249.66,499.88,False
239,10107,2024-05-01,1,1,49.99,20.0,False
239,2661,2024-01-03,2,3,359.97,144.0,False
239,4597,2023-08-22,1,2,179.8,71.92,False
239,7341,2023-07-20,2,4,689.96,276.0,False
239,7679,2023-07-01,4,7,759.93,304.0,False
239,7668,2023-02-11,3,4,709.96,284.0,False
239,1326,2022-11-17,4,8,659.74,263.92,False
239,14504,2022-09-30,3,6,739.94,296.0,False
239,4020,2022-07-21,2,4,569.69,227.88,False
239,11056,2022-03-21,1,3,599.7,239.88,False
239,10500,2022-03-08,1,2,139.98,56.0,False
239,10538,2021-10-28,3,5,1034.95,414.0,False
239,8934,2020-12-08,1,1,129.9,51.96,False
239,4630,2020-06-19,1,2,199.8,79.92,False
239,6560,2020-06-13,4,9,1027.91,411.2,False
239,4412,2020-02-29,1,1,139.99,56.0,False
239,11808,2020-01-08,2,5,254.68,101.88,False
239,7748,2020-01-06,1,1,79.99,32.0,False
240,12974,2025-10-25,3,8,489.92,196.0,False
240,7318,2025-08-08,3,8,824.65,329.88,False
240,2071,2025-08-02,4,6,454.85,181.96,True
240,6971,2025-03-06,4,4,354.87,141.96,False
240,13669,2024-10-02,4,9,1129.73,451.92,False
240,11740,2024-05-13,2,3,249.7,99.88,False
240,10818,2024-03-25,1,2,159.98,64.0,False
240,11299,2024-03-24,3,6,1134.67,453.88,False
240,11595,2024-03-17,1,1,199.99,80.0,False
240,3110,2024-01-24,4,9,1019.37,407.76,False
240,11284,2023-09-13,3,6,214.58,85.84,False
240,12368,2022-06-22,3,6,609.94,244.0,True
240,6785,2022-04-17,1,2,259.8,103.92,False
240,14806,2022-04-14,3,4,429.96,172.0,False
240,4386,2022-02-20,3,5,419.59,167.84,False
240,3259,2021-09-08,4,8,844.29,337.72,False
240,1983,2021-05-09,2,5,489.68,195.88,False
240,793,2021-04-30,3,4,419.78,167.92,False
240,6914,2020-10-30,4,8,1749.56,699.84,False
241,6022,2025-11-13,4,9,959.55,383.84,False
241,4272,2025-11-03,3,6,511.76,204.72,True
241,10093,2025-09-10,2,5,769.95,308.0,False
241,6682,2025-03-07,2,4,249.96,100.0,True
241,9559,2025-03-07,3,6,949.67,379.88,True
241,13142,2024-11-02,3,6,419.94,168.0,False
241,11645,2024-10-13,4,12,1184.61,473.88,False
241,12255,2024-08-04,4,7,781.75,312.72,False
241,4541,2024-06-12,4,10,1424.63,569.88,False
241,10416,2024-06-09,4,6,1049.94,420.0,False
241,9289,2024-03-23,1,3,104.97,42.0,False
241,10026,2024-02-27,1,2,49.98,20.0,False
241,4466,2023-12-18,1,3,59.97,24.0,False
241,10487,2023-11-26,3,4,379.69,151.88,False
241,8106,2023-10-17,4,11,1197.62,479.08,True
241,4762,2023-09-28,4,9,1449.55,579.84,True
241,4777,2023-04-29,1,1,89.99,36.0,False
241,7738,2022-12-22,1,3,239.97,96.0,False
241,1676,2022-05-29,1,1,59.99,24.0,False
241,12416,2022-03-26,2,3,269.7,107.88,False
241,7460,2021-10-28,2,5,759.77,303.92,False
241,11481,2021-10-18,2,5,809.95,324.0,True
241,7084,2021-08-06,1,2,79.8,31.92,False
241,9795,2021-04-18,1,2,159.98,64.0,False
241,10767,2020-06-22,1,3,179.97,72.0,False
242,10106,2025-07-19,3,9,359.64,143.88,False
242,9519,2025-05-31,2,5,129.95,52.0,False
242,2529,2024-10-26,1,2,39.98,16.0,False
242,14082,2024-06-27,2,6,1049.67,419.88,False
242,2431,2024-03-19,3,7,524.66,209.88,False
242,10241,2023-11-10,3,6,749.67,299.88,False
242,5634,2023-09-24,3,6,359.76,143.92,True
242,14727,2023-04-07,2,4,249.96,100.0,False
242,372,2022-09-06,1,1,99.9,39.96,False
242,9656,2022-05-21,1,1,49.99,20.0,False
242,4573,2021-12-09,3,6,949.94,380.0,False
242,9730,2021-11-27,4,7,779.93,312.0,False
242,5116,2021-10-24,2,2,279.98,112.0,False
242,11794,2021-08-11,1,3,389.97,156.0,False
242,13205,2021-03-05,1,3,119.7,47.88,False
242,6461,2020-10-06,1,2,79.98,32.0,False
242,12678,2020-05-02,3,9,959.91,384.0,False
242,9936,2020-03-02,4,8,347.92,139.2,False
242,13044,2020-01-27,4,9,599.73,239.92,False
243,2900,2025-05-13,2,5,1899.95,760.0,False
243,10476,2025-02-18,1,3,119.7,47.88,False
243,13549,2025-01-09,4,6,429.67,171.88,False
243,6001,2024-12-04,3,5,519.77,207.92,False
243,9925,2024-11-04,2,3,479.79,191.92,False
243,11500,2024-09-04,3,7,449.66,179.88,False
243,7760,2024-06-08,2,5,939.95,376.0,False
243,8425,2024-02-09,1,1,99.9,39.96,False
243,7305,2023-10-20,1,2,79.8,31.92,False
243,12465,2022-08-22,4,5,779.68,311.88,False
243,2633,2022-01-27,1,1,149.99,60.0,False
243,6440,2021-10-10,1,2,379.98,152.0,False
243,4258,2021-03-19,1,3,119.97,48.0,False
243,12920,2021-02-06,4,9,1149.73,459.92,False
243,2904,2020-10-21,3,7,909.57,363.84,False
243,14100,2020-06-09,3,6,571.76,228.72,False
244,8528,2025-10-03,4,9,869.91,348.0,False
244,13679,2025-09-19,3,4,639.96,256.0,False
244,7730,2025-09-11,2,5,939.95,376.0,False
244,13513,2025-06-11,1,2,699.98,280.0,False
244,12339,2024-11-07,2,3,429.97,172.0,False
244,8215,2024-05-24,1,3,119.7,47.88,False
244,7014,2023-12-06,4,7,534.66,213.88,True
244,14208,2023-05-22,2,3,139.97,56.0,False
244,1869,2023-02-25,1,3,149.97,60.0,False
244,10528,2023-02-11,3,6,479.94,192.0,False
244,10452,2022-10-21,4,8,599.47,239.8,False
244,7923,2022-09-24,3,8,579.92,232.0,True
244,4677,2022-06-17,3,7,459.75,183.92,False
244,12117,2021-12-01,2,3,569.97,228.0,False
244,2217,2021-11-28,2,4,329.96,132.0,False
244,461,2021-07-08,2,3,309.7,123.88,False
244,3809,2021-06-03,3,7,509.48,203.8,False
244,12123,2021-04-11,1,3,179.97,72.0,False
244,13100,2021-01-27,3,4,514.78,205.92,False
244,2651,2020-12-15,3,6,369.94,148.0,True
244,7518,2020-09-10,4,7,1149.75,459.92,False
244,6509,2020-05-29,2,4,127.96,51.2,False
244,6586,2020-05-26,3,8,637.74,255.12,False
245,5593,2025-11-05,4,8,339.92,136.0,True
245,10153,2025-10-18,1,3,74.97,30.0,False
245,8991,2025-08-29,3,8,1149.92,460.0,False
245,692,2025-03-11,1,1,299.99,120.0,False
245,9370,2024-12-31,3,5,519.77,207.92,False
245,12061,2024-09-24,3,7,879.48,351.8,False
245,13623,2023-12-30,1,1,24.99,10.0,False
245,5090,2023-12-25,1,2,259.98,104.0,False
245,12342,2023-10-18,2,6,719.67,287.88,False
245,5650,2023-10-14,3,4,509.69,203.88,False
245,10683,2023-08-13,2,2,129.89,51.96,False
245,8293,2023-04-09,2,4,1139.96,456.0,False
245,665,2023-03-01,2,3,184.88,73.96,False
245,13073,2022-07-29,4,9,1081.64,432.68,True
245,10062,2022-06-15,1,3,449.7,179.88,True
245,3773,2022-06-09,2,4,999.96,400.0,False
245,3381,2022-04-02,1,2,199.8,79.92,False
245,14065,2022-03-29,2,3,199.79,79.92,True
245,218,2021-10-23,2,4,159.78,63.92,False
245,4503,2021-02-21,4,10,864.63,345.88,False
245,13886,2021-01-25,1,3,449.97,180.0,False
245,6865,2020-12-26,2,5,779.95,312.0,False
245,5278,2020-06-11,3,5,184.95,74.0,False
246,6074,2025-10-14,3,8,574.47,229.8,False
246,8309,2025-08-31,4,8,1479.65,591.88,False
246,2116,2025-05-12,3,4,474.78,189.92,False
246,9746,2024-04-14,3,5,299.68,119.88,True
246,3034,2023-11-28,4,7,1049.66,419.88,False
246,10605,2023-09-15,4,9,1609.91,644.0,False
246,12596,2023-09-03,1,1,119.99,48.0,False
246,5413,2022-05-02,3,5,609.77,243.92,False
246,1158,2021-09-15,1,1,119.9,47.96,False
246,12810,2021-08-15,4,10,744.72,297.92,False
246,7408,2021-06-28,1,3,359.97,144.0,False
246,9515,2021-05-17,2,2,379.89,151.96,False
246,13162,2021-04-19,2,6,359.94,144.0,False
246,4477,2021-03-28,1,3,359.97,144.0,False
246,5234,2021-03-16,3,8,679.65,271.88,False
246,14167,2020-10-05,4,9,1059.64,423.88,True
246,5508,2020-05-06,4,8,889.65,355.88,False
246,4374,2020-04-22,4,8,1309.29,523.72,False
247,4905,2025-02-27,4,7,1334.57,533.84,False
247,13196,2024-12-17,4,11,784.62,313.88,False
247,7547,2024-07-14,4,10,729.72,291.92,False
247,4424,2024-05-22,3,7,669.84,267.96,True
247,4957,2024-04-14,4,8,919.92,368.0,False
247,1922,2022-12-11,4,10,689.9,276.0,False
247,1108,2022-12-03,3,6,829.76,331.92,False
247,4657,2022-09-12,4,8,819.92,328.0,False
247,10323,2022-01-20,3,8,489.2,195.68,False
247,14031,2021-11-24,2,5,664.68,265.88,True
247,5345,2021-06-23,1,3,239.97,96.0,False
247,276,2021-03-19,2,4,649.96,260.0,False
247,12200,2021-01-29,4,6,269.85,107.96,False
247,4678,2021-01-08,3,4,319.78,127.92,False
247,11038,2020-11-23,3,7,739.93,296.0,False
247,1223,2020-11-14,3,5,247.86,99.16,False
247,6788,2020-11-01,1,1,349.99,140.0,False
247,10018,2020-10-11,1,2,99.8,39.92,False
247,6431,2020-10-03,2,3,759.97,304.0,False
247,145,2020-03-08,4,11,649.89,260.0,False
248,11657,2025-12-28,2,4,439.6,175.84,False
248,3121,2025-06-27,4,7,1499.75,599.92,False
248,11644,2025-05-09,4,8,847.83,339.16,False
248,8372,2025-02-04,4,8,1169.92,468.0,False
248,4416,2024-09-05,2,2,109.98,44.0,True
248,13667,2024-09-05,1,1,159.99,64.0,False
248,449,2024-08-02,3,8,1039.47,415.8,False
248,1236,2024-03-19,3,6,409.85,163.96,False
248,2533,2024-03-01,3,9,1139.64,455.88,False
248,9040,2023-10-28,2,6,194.4,77.76,False
248,11543,2023-10-07,1,1,299.99,120.0,True
248,10913,2023-08-27,4,6,424.67,169.88,False
248,14244,2023-08-27,3,8,767.47,307.0,False
248,3355,2022-07-30,4,10,1264.63,505.88,False
248,8829,2022-06-11,1,3,1199.97,480.0,False
248,1659,2021-12-12,2,5,539.5,215.8,True
248,7147,2021-04-07,1,1,249.99,100.0,False
248,10237,2021-02-12,2,3,269.88,107.96,False
248,10161,2020-11-03,2,3,999.97,400.0,False
248,13437,2020-01-26,1,1,19.99,8.0,False
249,2515,2025-05-12,3,7,479.57,191.84,True
249,2734,2025-05-06,4,7,909.93,364.0,False
249,10214,2025-04-14,1,2,239.98,96.0,False
249,11871,2025-03-15,4,7,534.57,213.84,True
249,6863,2025-02-17,4,8,519.65,207.88,True
249,4993,2025-01-29,2,5,199.77,79.92,True
249,2582,2024-11-23,3,7,371.75,148.72,False
249,8793,2024-11-13,3,8,2279.92,912.0,False
249,6256,2024-06-28,2,5,764.68,305.88,False
249,3578,2023-04-14,3,5,364.5,145.8,False
249,7863,2023-03-10,3,6,239.94,96.0,False
249,13390,2022-12-05,2,6,1439.94,576.0,False
249,1231,2022-09-21,3,6,269.94,108.0,False
249,2014,2022-04-28,4,7,539.75,215.92,False
249,7153,2022-03-11,2,4,309.6,123.84,False
249,12737,2022-01-11,4,9,1089.37,435.76,False
249,6283,2022-01-02,4,10,436.9,174.8,True
249,909,2021-12-21,4,9,1119.73,447.92,False
249,1169,2021-07-30,2,6,1529.94,612.0,False
249,94,2021-06-27,4,7,554.48,221.8,False
249,4049,2021-06-07,1,1,49.9,19.96,False
249,7094,2020-11-24,1,1,299.99,120.0,False
249,6217,2020-08-13,3,5,299.95,120.0,False
249,593,2020-04-03,3,6,599.76,239.92,False
249,9695,2020-01-28,3,5,459.86,183.96,False
250,9856,2025-12-02,2,3,489.79,195.92,False
250,9041,2025-08-23,2,6,1199.94,480.0,False
250,2388,2025-07-31,4,12,1364.61,545.88,False
250,11788,2025-06-13,4,7,1729.84,691.96,False
250,13262,2024-12-07,2,6,569.67,227.88,False
250,14457,2024-09-25,3,5,959.95,384.0,False
250,8206,2024-06-29,1,3,389.7,155.88,False
250,6768,2023-09-09,4,5,224.95,90.0,False
250,7858,2023-06-23,2,3,379.97,152.0,True
250,11212,2023-02-28,4,10,1429.9,572.0,False
250,9203,2022-08-21,4,5,689.95,276.0,False
250,12156,2022-06-28,2,4,1029.87,411.96,False
250,13428,2021-11-30,2,5,259.68,103.88,True
250,3379,2021-06-14,4,6,624.67,249.88,False
250,270,2021-06-11,1,2,39.98,16.0,False
250,432,2021-02-26,2,3,499.97,200.0,False
250,4848,2020-12-02,3,7,649.66,259.88,False
250,13116,2020-09-21,4,8,889.38,355.76,False
250,14481,2020-06-18,1,1,139.99,56.0,False
250,528,2020-04-03,3,8,749.92,300.0,False
250,14546,2020-02-18,3,5,419.95,168.0,True
251,11764,2025-09-10,4,8,969.83,387.96,False
251,12027,2025-08-14,2,5,99.95,40.0,False
251,4602,2025-06-17,3,6,439.67,175.88,False
251,3625,2024-12-16,1,1,99.99,40.0,False
251,4187,2024-08-20,1,3,74.97,30.0,False
251,13828,2024-06-02,1,3,179.97,72.0,False
251,4749,2024-05-11,1,3,599.97,240.0,False
251,14127,2024-02-17,3,8,1189.92,476.0,False
251,5019,2023-11-16,3,6,919.94,368.0,False
251,12025,2023-07-14,3,9,1529.91,612.0,False
251,8068,2023-07-01,3,6,409.76,163.92,False
251,6748,2023-05-04,1,1,149.99,60.0,False
251,12579,2023-01-30,3,4,839.96,336.0,False
251,7785,2022-08-13,4,9,929.73,371.92,False
251,14982,2022-07-17,2,3,284.88,113.96,True
251,9003,2022-04-01,4,8,499.92,200.0,False
251,9209,2021-07-17,3,6,244.58,97.84,False
251,6873,2021-07-14,1,2,139.98,56.0,False
251,2207,2021-07-01,3,6,289.85,115.96,False
251,4992,2021-04-06,2,5,529.68,211.88,False
251,7070,2021-03-26,4,11,1309.71,523.92,False
251,13152,2021-03-15,2,2,449.98,180.0,False
251,12797,2021-01-14,1,1,299.99,120.0,False
251,6203,2020-07-14,4,8,1589.92,636.0,False
251,9727,2020-05-18,2,6,1559.94,624.0,False
251,236,2020-03-04,3,5,924.86,369.96,False
251,2650,2020-02-19,2,5,129.95,52.0,True
252,4932,2025-05-06,2,3,285.97,114.4,False
252,8217,2024-11-18,3,6,689.94,276.0,False
252,14500,2024-10-14,2,4,409.69,163.88,False
252,10685,2024-08-26,4,8,639.56,255.84,True
252,5187,2024-05-07,3,7,1089.66,435.88,True
252,11952,2023-12-15,2,5,109.77,43.92,False
252,11879,2023-11-14,1,3,179.97,72.0,False
252,11882,2023-03-03,1,1,149.9,59.96,False
252,11090,2022-12-30,4,6,839.85,335.96,False
252,1389,2022-12-10,1,2,119.98,48.0,False
252,4847,2022-06-02,1,1,49.99,20.0,False
252,6119,2021-11-28,2,5,399.68,159.88,False
252,4183,2021-11-04,1,3,179.97,72.0,False
252,13934,2021-06-02,4,7,949.93,380.0,False
252,1006,2020-10-26,3,6,799.67,319.88,False
252,8393,2020-08-15,2,4,219.6,87.84,False
252,13177,2020-07-29,1,1,34.99,14.0,False
252,3946,2020-03-16,1,3,149.97,60.0,False
253,3749,2025-11-06,3,6,859.67,343.88,False
253,5214,2025-07-12,3,9,674.91,270.0,False
253,4073,2025-06-10,1,3,179.97,72.0,False
253,8996,2025-03-17,4,11,1089.89,436.0,False
253,8475,2025-03-15,2,4,179.96,72.0,False
253,2719,2025-02-09,4,10,719.36,287.76,False
253,8992,2025-01-27,4,8,539.92,216.0,False
253,7085,2025-01-10,1,3,269.97,108.0,False
253,12816,2024-11-20,2,5,709.95,284.0,True
253,8114,2024-11-02,1,2,799.98,320.0,False
253,3777,2024-06-19,1,1,29.99,12.0,False
253,7855,2024-04-24,4,6,624.85,249.96,False
253,13552,2023-12-25,3,5,999.95,400.0,False
253,10272,2023-06-25,3,5,469.86,187.96,True
253,919,2022-07-05,2,5,869.77,347.92,False
253,7774,2022-07-04,4,10,1419.72,567.92,True
253,95,2022-03-13,3,8,1279.92,512.0,False
253,4506,2022-02-20,4,7,999.93,400.0,False
253,14713,2021-09-18,1,1,99.9,39.96,False
253,1037,2021-09-13,2,6,479.94,192.0,False
253,7857,2020-11-22,2,4,559.96,224.0,False
253,2556,2020-06-25,2,6,749.67,299.88,False
253,14897,2020-06-08,1,1,39.99,16.0,False
254,5358,2025-11-20,3,5,379.95,152.0,False
254,13637,2024-09-12,3,8,794.92,318.0,False
254,12163,2024-03-27,3,5,1199.77,479.92,False
254,3867,2024-02-10,3,7,864.66,345.88,False
254,2032,2023-10-13,2,4,669.96,268.0,True
254,78,2022-09-21,2,4,599.78,239.92,False
254,836,2022-08-31,2,4,149.78,59.92,True
254,3833,2022-08-27,1,1,149.99,60.0,False
254,11768,2022-08-07,3,8,314.65,125.88,False
254,4951,2022-04-29,1,3,599.7,239.88,False
254,12389,2022-03-15,1,3,269.97,108.0,False
254,6169,2021-12-25,4,7,1579.84,631.96,False
254,9187,2021-12-06,1,3,164.7,65.88,False
254,9894,2021-07-26,4,8,849.38,339.76,False
254,4266,2021-06-16,4,9,674.91,270.0,False
254,10807,2021-03-06,3,5,784.95,314.0,False
254,13703,2021-02-18,4,10,1049.9,420.0,False
254,5963,2020-12-10,1,1,139.99,56.0,False
254,10233,2020-08-07,2,2,269.89,107.96,False
254,12504,2020-04-06,1,3,359.7,143.88,False
254,14345,2020-02-05,3,6,1279.85,511.96,True
255,13646,2025-09-08,2,3,249.97,100.0,False
255,13492,2025-05-16,3,7,529.66,211.88,False
255,2073,2025-03-22,4,10,1419.9,568.0,True
255,4135,2024-11-24,4,7,819.93,328.0,False
255,12908,2024-10-27,3,6,659.94,264.0,False
255,13299,2024-09-18,2,4,869.87,347.96,False
255,10176,2024-07-01,1,1,179.99,72.0,False
255,7266,2024-06-10,1,2,699.98,280.0,True
255,7751,2023-11-01,4,8,514.56,205.84,False
255,5740,2022-09-20,2,6,209.67,83.88,False
255,5507,2022-07-02,2,3,319.97,128.0,True
255,12755,2022-06-04,3,6,389.58,155.84,False
255,9708,2021-12-15,2,3,939.97,376.0,False
255,8409,2021-11-29,3,5,749.77,299.92,False
255,1708,2021-08-25,3,8,819.2,327.68,False
255,9933,2021-04-03,3,6,679.94,272.0,False
256,14113,2025-05-14,4,9,492.55,197.04,False
256,13624,2025-04-13,1,1,99.9,39.96,False
256,11654,2024-09-04,4,8,634.47,253.8,False
256,2639,2024-04-09,3,6,1199.94,480.0,False
256,1363,2024-02-12,4,7,369.93,148.0,True
256,9213,2023-06-26,3,7,709.57,283.84,False
256,12846,2023-06-05,2,3,429.88,171.96,False
256,6147,2023-05-07,4,8,539.92,216.0,False
256,8591,2022-09-14,1,3,269.97,108.0,False
256,1707,2022-07-14,1,3,179.97,72.0,False
256,12193,2021-12-24,2,6,689.94,276.0,True
256,6166,2021-11-01,4,6,919.49,367.8,False
256,2606,2021-10-12,3,9,839.91,336.0,True
256,3212,2021-02-26,4,11,939.89,376.0,True
256,3181,2020-07-21,1,3,449.97,180.0,False
256,1845,2020-06-14,3,9,794.64,317.88,False
256,3195,2020-03-25,3,3,519.88,207.96,False
256,11476,2020-02-23,3,6,739.67,295.88,False
256,196,2020-01-23,3,7,1159.93,464.0,False
257,8236,2025-08-03,2,4,899.96,360.0,False
257,9024,2025-05-19,3,7,339.93,136.0,False
257,649,2025-03-10,3,4,449.69,179.88,False
257,14704,2025-01-30,2,4,804.87,321.96,False
257,4831,2024-10-29,3,6,359.85,143.96,False
257,6100,2023-05-17,2,5,339.95,136.0,False
257,14433,2022-01-18,2,5,649.77,259.92,False
257,11929,2021-11-19,2,4,229.78,91.92,False
257,14485,2021-08-21,2,2,219.98,88.0,False
257,13987,2021-08-14,3,5,259.86,103.96,False
257,1479,2021-07-26,1,3,449.97,180.0,False
257,12283,2020-06-15,3,9,1139.91,456.0,False
257,13219,2020-05-30,3,8,739.47,295.8,False
258,3162,2025-08-31,2,4,789.69,315.88,False
258,5827,2024-06-27,3,6,771.94,308.8,False
258,12107,2024-03-16,2,2,124.89,49.96,True
258,1937,2023-11-20,4,7,1294.93,518.0,True
258,5864,2023-08-11,4,7,424.75,169.92,False
258,8115,2023-07-09,1,3,449.97,180.0,False
258,13592,2023-01-09,2,3,429.88,171.96,False
258,5704,2022-12-28,2,3,459.88,183.96,False
258,54,2022-12-25,1,1,49.99,20.0,True
258,7164,2022-11-05,3,8,1274.65,509.88,False
258,1790,2022-11-02,4,8,1199.65,479.88,False
258,5889,2022-09-27,3,8,579.38,231.76,False
258,3776,2021-10-18,2,4,124.96,50.0,False
258,9747,2021-09-13,4,9,969.64,387.88,False
258,989,2021-07-19,1,3,899.97,360.0,False
259,11841,2025-11-15,2,5,261.95,104.8,False
259,7592,2025-05-15,4,9,1429.55,571.84,False
259,2544,2025-04-06,3,5,1369.95,548.0,True
259,7222,2024-12-23,2,3,389.97,156.0,False
259,6095,2024-12-15,4,12,704.61,281.88,False
259,4134,2024-09-29,1,3,74.7,29.88,False
259,3106,2024-05-02,4,8,1489.92,596.0,False
259,8161,2023-07-08,1,1,99.9,39.96,False
259,13931,2023-06-02,3,6,1079.76,431.92,False
259,14491,2022-12-29,3,5,229.86,91.96,False
259,14669,2022-12-19,4,7,1059.93,424.0,False
259,7520,2022-12-11,4,8,839.47,335.8,False
259,2883,2022-10-09,3,4,449.78,179.92,False
259,1721,2022-09-25,1,1,119.9,47.96,False
259,2747,2022-08-04,4,10,1099.72,439.92,False
259,9413,2022-07-14,1,3,269.97,108.0,False
259,8961,2022-02-13,2,3,179.97,72.0,False
259,2622,2021-11-15,4,11,1324.62,529.88,False
259,8262,2021-09-04,2,2,259.89,103.96,False
259,3767,2020-12-29,4,8,1204.65,481.88,False
259,11249,2020-10-11,4,8,689.83,275.96,False
259,12605,2020-06-17,3,7,549.93,220.0,False
259,437,2020-04-19,3,5,469.95,188.0,False
260,10590,2025-12-24,3,9,1379.91,552.0,False
260,4837,2025-10-23,2,5,234.68,93.88,False
260,7329,2025-05-24,4,6,1109.85,443.96,False
260,7848,2024-12-04,1,2,99.98,40.0,False
260,2764,2024-11-06,2,5,499.95,200.0,False
260,11282,2024-07-04,2,4,339.96,136.0,False
260,3418,2024-06-21,4,10,659.63,263.88,False
260,519,2023-04-18,4,7,599.93,240.0,False
260,11463,2023-02-09,4,11,1159.62,463.88,False
260,380,2022-02-28,4,8,989.83,395.96,False
260,1709,2021-03-02,4,5,549.86,219.96,False
260,910,2021-02-26,3,5,519.95,208.0,True
260,5464,2021-02-11,1,1,79.99,32.0,False
260,2872,2020-04-29,1,2,199.98,80.0,False
260,13290,2020-01-30,1,2,179.8,71.92,False
261,8599,2025-11-28,3,9,1409.64,563.88,False
261,11140,2025-10-09,3,7,1209.66,483.88,False
261,8019,2025-09-22,2,4,379.96,152.0,False
261,5182,2025-09-02,3,7,599.66,239.88,False
261,4592,2025-02-19,1,3,179.97,72.0,False
261,10802,2024-11-16,1,2,99.98,40.0,False
261,9068,2024-04-21,3,3,209.79,83.92,True
261,8898,2024-04-16,2,6,194.4,77.76,False
261,2050,2024-03-09,1,3,77.97,31.2,False
261,5251,2024-02-15,4,9,509.82,203.96,True
261,13926,2024-02-11,3,4,435.87,174.36,False
261,3197,2023-12-15,2,4,349.69,139.88,False
261,4576,2023-02-06,2,5,249.68,99.88,False
261,245,2022-06-25,2,4,419.96,168.0,False
261,6631,2022-05-30,2,5,1099.68,439.88,True
261,4947,2022-03-19,3,9,1619.91,648.0,True
261,3660,2021-09-08,4,9,989.64,395.88,False
261,7935,2021-09-05,4,7,574.93,230.0,False
261,7416,2021-06-24,1,1,54.9,21.96,False
261,12087,2021-04-30,2,6,899.94,360.0,False
261,13606,2021-03-16,2,6,374.94,150.0,False
261,5035,2020-10-08,1,2,239.98,96.0,False
262,3282,2025-09-16,1,3,149.97,60.0,False
262,4267,2025-07-28,1,1,49.99,20.0,False
262,6391,2024-12-19,3,5,194.95,78.0,False
262,13867,2024-12-17,2,3,129.79,51.92,True
262,13952,2024-07-15,3,4,329.87,131.96,False
262,6966,2024-04-05,3,5,329.95,132.0,False
262,12567,2024-02-06,4,6,709.85,283.96,False
262,4264,2024-01-14,2,4,799.96,320.0,False
262,5430,2023-10-06,4,8,679.38,271.76,False
262,739,2023-09-27,2,3,369.79,147.92,False
262,3101,2023-02-04,2,2,179.89,71.96,False
262,10633,2022-12-29,2,4,329.69,131.88,False
262,6989,2022-10-09,1,3,569.97,228.0,False
262,1512,2022-05-26,3,4,639.87,255.96,True
262,10760,2021-01-12,2,4,419.69,167.88,False
262,6898,2021-01-04,1,3,1049.97,420.0,False
262,9181,2020-09-02,2,3,789.97,316.0,True
262,2295,2020-07-15,4,9,959.64,383.88,False
262,14467,2020-07-04,2,2,119.8,47.92,False
262,5487,2020-03-08,3,5,419.95,168.0,False
262,11270,2020-02-17,1,3,149.7,59.88,False
263,8726,2025-10-20,4,9,1309.46,523.8,False
263,1711,2025-10-11,3,7,379.93,152.0,False
263,13774,2024-10-10,3,4,449.69,179.88,False
263,9153,2024-09-22,1,1,349.99,140.0,False
263,7476,2024-07-29,4,7,599.75,239.92,False
263,11419,2024-04-04,4,9,699.64,279.88,True
263,13932,2022-12-10,2,5,1339.95,536.0,False
263,1410,2022-10-20,1,3,449.97,180.0,False
263,9713,2022-09-15,2,6,659.67,263.88,False
263,1618,2022-09-05,4,11,799.89,320.0,True
263,6382,2022-07-30,4,7,764.66,305.88,False
263,11680,2021-09-28,2,6,629.94,252.0,False
263,3649,2021-07-08,3,9,1379.64,551.88,True
263,3483,2021-06-20,4,7,694.75,277.92,False
263,5056,2020-08-15,4,6,509.49,203.8,False
263,8090,2020-04-21,3,5,344.86,137.96,False
263,10714,2020-03-11,1,1,59.99,24.0,False
264,8764,2025-12-25,1,1,189.99,76.0,False
264,10779,2025-12-23,2,4,899.96,360.0,False
264,503,2024-11-16,2,4,114.87,45.96,False
264,3590,2024-08-08,2,5,569.95,228.0,False
264,4396,2024-03-24,4,8,879.65,351.88,False
264,13150,2023-09-21,2,4,989.96,396.0,False
264,1630,2022-12-23,2,2,379.98,152.0,False
264,556,2022-11-06,2,5,199.68,79.88,False
264,6354,2022-09-08,4,8,549.47,219.8,False
264,7139,2022-05-04,1,3,179.97,72.0,False
264,12576,2022-05-03,3,8,649.74,259.92,False
264,6636,2022-03-05,3,5,1474.95,590.0,False
264,11884,2021-12-12,1,3,179.97,72.0,True
264,5853,2021-11-24,4,7,679.84,271.96,False
264,7849,2021-05-30,3,5,514.59,205.84,False
264,12799,2020-12-08,4,8,1221.74,488.72,True
264,13193,2020-12-01,4,10,1289.72,515.92,False
264,12095,2020-10-15,1,1,129.99,52.0,False
264,9992,2020-08-13,4,9,819.73,327.92,False
264,12483,2020-04-06,4,10,759.27,303.72,False
264,9901,2020-02-13,3,4,119.78,47.92,False
264,2773,2020-02-12,4,10,779.63,311.88,False
264,13204,2020-01-21,3,5,449.95,180.0,True
265,9169,2025-10-06,1,3,359.7,143.88,False
265,14767,2025-04-26,3,6,659.58,263.84,False
265,14237,2025-03-23,4,7,329.75,131.92,False
265,4291,2025-01-28,4,6,749.76,299.92,False
265,8647,2024-12-21,4,4,524.87,209.96,False
265,9313,2024-12-03,2,6,659.4,263.76,False
265,1907,2024-06-21,2,2,179.98,72.0,False
265,2311,2024-03-15,3,6,379.94,152.0,True
265,7844,2024-03-08,3,5,879.86,351.96,False
265,2652,2023-12-22,2,4,299.6,119.84,True
265,11007,2023-12-08,1,3,269.97,108.0,False
265,12537,2023-07-15,2,4,519.69,207.88,False
265,2743,2023-05-23,4,10,1269.9,508.0,True
265,3633,2023-01-01,4,8,1149.92,460.0,False
265,6729,2022-12-25,1,1,119.9,47.96,False
265,6403,2022-08-06,2,6,1229.94,492.0,True
265,3764,2022-02-22,4,7,1109.75,443.92,False
265,1139,2021-07-30,4,12,1979.61,791.88,False
265,605,2021-04-08,4,9,1429.64,571.88,False
265,9245,2021-01-20,1,1,349.99,140.0,False
265,14295,2021-01-14,3,5,949.95,380.0,False
265,4738,2020-12-20,4,8,1419.92,568.0,False
265,776,2020-12-02,4,10,1129.63,451.88,False
265,5148,2020-07-24,3,6,1099.67,439.88,False
265,14018,2020-07-06,2,2,99.98,40.0,False
265,8926,2020-07-05,1,2,199.98,80.0,False
265,6236,2020-03-02,2,3,299.97,120.0,False
266,14566,2025-03-17,2,5,779.77,311.92,False
266,14986,2024-07-06,2,5,759.95,304.0,False
266,9683,2024-01-07,1,1,59.99,24.0,False
266,9249,2024-01-02,2,3,369.88,147.96,False
266,14999,2023-11-27,4,9,1109.91,444.0,True
266,13448,2023-10-03,4,6,859.85,343.96,False
266,7516,2022-09-30,2,4,659.96,264.0,False
266,11729,2022-02-19,4,8,1034.47,413.8,False
266,14914,2022-02-13,1,1,69.99,28.0,False
266,6475,2021-11-26,4,7,959.75,383.92,False
266,11612,2021-07-01,1,2,119.98,48.0,False
266,1796,2021-05-21,3,7,1439.75,575.92,False
266,12684,2020-09-16,4,9,1481.73,592.72,False
267,943,2025-11-10,2,5,339.95,136.0,False
267,3662,2024-12-31,2,4,339.78,135.92,False
267,3301,2024-12-25,4,10,1164.54,465.84,False
267,10693,2024-10-11,4,8,1279.56,511.84,False
267,11420,2024-06-24,4,11,1309.62,523.88,False
267,1369,2024-01-06,3,4,359.96,144.0,True
267,11213,2023-12-23,2,4,1299.96,520.0,False
267,8517,2023-10-23,2,6,974.67,389.88,False
267,7674,2023-10-21,2,3,239.79,95.92,False
267,8454,2023-09-15,1,3,299.7,119.88,False
267,5391,2023-08-21,3,8,939.65,375.88,True
267,9943,2023-04-10,1,1,199.99,80.0,False
267,9471,2023-03-26,1,2,259.98,104.0,False
267,10229,2023-02-14,3,5,1069.95,428.0,False
267,1686,2022-08-31,1,3,179.97,72.0,False
267,2975,2022-06-08,3,9,1559.64,623.88,False
267,4197,2021-08-15,3,8,2059.74,823.92,False
267,11141,2021-02-12,2,5,197.95,79.2,False
267,1226,2021-01-14,2,3,279.97,112.0,False
267,61,2021-01-03,1,3,119.7,47.88,False
267,12118,2020-10-30,4,6,1179.76,471.92,False
267,12047,2020-10-10,1,3,119.7,47.88,False
267,7404,2020-02-02,4,8,665.74,266.32,False
268,10425,2025-12-19,3,6,1029.76,411.92,False
268,664,2025-10-13,4,9,994.64,397.88,True
268,7799,2025-09-28,4,8,479.65,191.88,False
268,13509,2025-05-13,2,4,499.96,200.0,False
268,10696,2025-03-05,4,6,1039.94,416.0,True
268,3558,2024-11-08,1,1,249.99,100.0,False
268,7605,2024-11-06,2,2,44.98,18.0,False
268,5548,2024-07-17,1,3,209.97,84.0,False
268,10653,2023-10-11,1,2,49.8,19.92,False
268,9100,2023-07-12,4,8,759.29,303.72,False
268,7838,2023-06-24,1,3,74.97,30.0,False
268,3945,2023-02-01,4,8,779.83,311.96,True
268,1883,2022-04-07,2,2,249.89,99.96,True
268,12768,2022-01-26,1,3,389.97,156.0,False
268,3811,2021-12-21,3,6,184.67,73.88,False
268,4461,2021-03-12,1,1,129.99,52.0,False
268,4297,2020-11-10,1,3,749.97,300.0,False
268,900,2020-05-10,2,3,589.97,236.0,False
268,11264,2020-02-19,2,3,169.97,68.0,False
269,52,2025-12-21,4,6,1119.76,447.92,False
269,9017,2025-11-18,2,4,539.96,216.0,False
269,6662,2025-10-19,1,1,179.99,72.0,False
269,3756,2025-08-19,3,8,1629.92,652.0,False
269,347,2025-07-18,2,4,309.87,123.96,False
269,9110,2024-11-16,4,9,1379.73,551.92,False
269,9467,2024-08-29,3,8,814.38,325.76,False
269,2971,2024-07-03,3,4,509.87,203.96,False
269,1915,2024-02-07,3,7,899.93,360.0,False
269,894,2024-01-14,1,2,259.8,103.92,False
269,10451,2023-11-10,4,10,674.9,270.0,False
269,6737,2023-08-06,2,5,339.95,136.0,False
269,11060,2023-07-06,3,6,349.58,139.84,False
269,2255,2022-12-25,1,2,259.98,104.0,False
269,3169,2022-12-15,2,6,347.94,139.2,True
269,10154,2022-06-07,2,4,134.69,53.88,False
269,12173,2022-02-08,2,4,509.87,203.96,True
269,2670,2021-11-25,2,2,279.98,112.0,False
269,11061,2021-11-07,2,4,199.78,79.92,False
269,14118,2021-02-10,3,7,434.48,173.8,False
269,5619,2021-01-30,2,5,369.68,147.88,False
269,14398,2020-10-29,2,3,229.97,92.0,False
269,7622,2020-10-07,1,2,59.98,24.0,False
269,3150,2020-09-02,3,6,609.67,243.88,False
269,11344,2020-06-22,3,4,449.96,180.0,False
269,47,2020-03-13,4,6,294.85,117.96,False
270,2373,2025-04-16,4,8,849.74,339.92,False
270,12262,2025-02-28,4,10,1364.63,545.88,True
270,8040,2024-12-28,1,3,119.97,48.0,False
270,3059,2024-10-15,3,7,409.75,163.92,True
270,5456,2024-08-24,2,3,219.97,88.0,False
270,3127,2023-10-18,2,3,479.97,192.0,False
270,3178,2023-08-06,3,7,419.3,167.72,False
270,6848,2023-07-11,4,12,1049.07,419.64,False
270,4328,2023-03-18,1,1,89.9,35.96,False
270,1735,2023-03-05,1,1,99.9,39.96,False
270,6412,2022-10-03,3,9,929.91,372.0,False
270,4939,2022-06-05,2,3,259.88,103.96,False
270,4229,2022-05-21,4,6,434.76,173.92,False
270,14445,2022-05-13,2,2,189.89,75.96,False
270,8625,2022-04-24,1,1,59.99,24.0,False
270,11313,2021-10-07,4,6,1009.94,404.0,False
270,10517,2021-10-06,1,3,1199.97,480.0,False
270,11367,2021-09-15,1,3,389.7,155.88,False
270,6915,2021-09-11,1,2,179.8,71.92,False
270,12452,2021-06-12,4,6,539.67,215.88,False
270,726,2021-03-24,3,6,399.4,159.76,False
270,7701,2021-03-15,3,4,579.96,232.0,False
270,5157,2020-12-15,1,2,379.98,152.0,False
270,14660,2020-08-11,3,4,279.6,111.84,False
270,13488,2020-07-12,3,4,499.6,199.84,False
270,11051,2020-01-19,2,4,599.96,240.0,False
271,5984,2025-09-25,1,1,29.99,12.0,False
271,4525,2025-03-13,4,8,944.83,377.96,False
271,12980,2025-03-09,2,2,104.98,42.0,False
271,6823,2024-08-08,3,3,549.79,219.92,False
271,7411,2024-07-03,1,3,479.97,192.0,False
271,7434,2024-06-29,2,5,249.68,99.88,False
271,2381,2024-03-21,4,6,559.49,223.8,True
271,2103,2024-03-17,1,1,49.99,20.0,False
271,9451,2024-02-26,3,7,869.66,347.88,False
271,6140,2023-12-11,2,3,319.97,128.0,False
271,6331,2023-11-24,1,3,239.97,96.0,False
271,2884,2023-10-12,1,1,54.9,21.96,False
271,12247,2023-04-08,2,5,449.95,180.0,False
271,12561,2022-02-08,4,10,1189.63,475.88,False
271,13864,2022-01-13,2,5,789.95,316.0,False
271,11088,2021-11-18,4,10,1699.72,679.92,False
271,12373,2021-07-09,4,6,929.85,371.96,True
271,5726,2021-06-04,1,1,89.99,36.0,False
271,3265,2021-04-22,2,4,399.96,160.0,False
271,9673,2020-10-27,4,8,899.47,359.8,False
271,7968,2020-10-11,1,1,59.99,24.0,False
271,9283,2020-05-24,2,6,539.94,216.0,False
271,9757,2020-05-20,2,6,1319.94,528.0,False
271,11925,2020-01-29,3,8,1039.65,415.88,False
271,8412,2020-01-08,4,6,499.76,199.92,False
272,1019,2025-10-14,1,3,599.7,239.88,False
272,11327,2025-08-30,4,7,879.75,351.92,True
272,14941,2025-08-07,3,6,839.85,335.96,False
272,12311,2025-06-08,1,2,379.98,152.0,False
272,9558,2025-05-17,1,3,479.97,192.0,False
272,2589,2025-03-22,4,8,669.65,267.88,True
272,9048,2025-02-11,1,2,79.98,32.0,False
272,2868,2024-11-05,2,4,579.78,231.92,False
272,1492,2024-07-15,2,6,809.94,324.0,False
272,4583,2024-02-11,1,2,139.98,56.0,True
272,5857,2023-09-22,4,9,989.91,396.0,False
272,7450,2023-09-14,4,5,319.95,128.0,False
272,14141,2023-08-18,3,9,1769.64,707.88,False
272,14149,2023-04-19,3,6,689.85,275.96,True
272,9317,2023-03-29,4,10,2819.81,1127.96,False
272,936,2023-03-27,1,2,499.98,200.0,False
272,11541,2023-01-04,3,6,214.76,85.92,True
272,13895,2022-06-26,3,7,719.57,287.84,False
272,14328,2022-01-02,3,6,259.58,103.84,False
272,697,2021-05-20,3,5,1059.95,424.0,False
272,4863,2021-01-18,2,5,249.95,100.0,False
272,1388,2020-11-03,4,8,1349.74,539.92,False
272,8923,2020-09-30,3,6,849.4,339.76,True
272,1955,2020-07-30,2,4,339.96,136.0,False
273,9462,2025-06-01,1,3,299.97,120.0,False
273,14750,2025-01-21,2,5,174.95,70.0,False
273,9549,2024-06-28,3,6,679.76,271.92,False
273,6452,2024-06-23,2,5,574.68,229.88,False
273,9637,2024-05-07,2,4,199.78,79.92,True
273,8932,2024-04-07,1,2,49.98,20.0,False
273,1440,2024-01-20,3,6,539.76,215.92,False
273,2085,2024-01-12,2,5,709.95,284.0,False
273,7631,2023-07-27,2,5,629.77,251.92,False
273,332,2023-05-06,3,6,301.94,120.8,False
273,11230,2022-05-10,1,2,159.98,64.0,False
273,7608,2022-04-06,3,3,669.97,268.0,False
273,3561,2022-03-04,1,2,799.98,320.0,False
273,5618,2021-10-22,1,2,259.8,103.92,False
273,7522,2021-09-18,1,1,59.99,24.0,False
273,731,2021-08-15,1,1,19.99,8.0,False
273,7237,2021-04-20,4,7,834.84,333.96,False
273,14971,2020-09-16,3,8,1679.65,671.88,False
273,6895,2020-06-07,1,3,419.97,168.0,False
273,5983,2020-03-16,1,1,159.99,64.0,False
273,5082,2020-02-09,2,5,289.5,115.8,False
274,2736,2025-09-24,2,3,329.79,131.92,False
274,5542,2025-06-19,1,2,99.8,39.92,False
274,5228,2025-02-26,1,2,79.8,31.92,False
274,966,2024-11-06,4,8,1024.29,409.72,False
274,7782,2024-09-07,1,2,51.98,20.8,True
274,13,2024-03-02,3,6,1799.94,720.0,False
274,8979,2023-11-21,1,1,149.99,60.0,False
274,8843,2023-06-13,1,2,99.98,40.0,False
274,4458,2021-03-25,1,2,259.8,103.92,False
274,8998,2021-01-03,4,8,1749.83,699.96,True
274,1773,2020-11-25,1,1,25.99,10.4,False
274,6572,2020-07-10,2,3,224.7,89.88,False
275,5435,2025-12-14,2,5,419.77,167.92,False
275,8853,2025-04-04,1,1,179.99,72.0,False
275,3174,2024-05-07,4,7,314.39,125.76,False
275,8799,2024-04-21,1,3,77.97,31.2,False
275,14596,2024-01-19,2,5,719.77,287.92,False
275,4389,2023-12-17,2,5,739.95,296.0,False
275,13287,2023-10-06,4,9,659.73,263.92,False
275,10200,2023-08-28,1,2,159.98,64.0,False
275,9117,2023-03-01,2,5,409.77,163.92,False
275,3431,2022-10-30,3,6,789.85,315.96,False
275,7240,2022-09-23,3,5,669.68,267.88,True
275,12659,2022-06-29,2,3,309.97,124.0,False
275,489,2022-06-12,3,7,1374.84,549.96,False
275,8390,2021-11-27,1,2,139.98,56.0,False
275,12341,2021-10-23,2,3,419.88,167.96,False
275,4516,2021-07-14,1,1,119.99,48.0,False
275,14915,2021-04-12,3,6,414.49,165.8,False
275,603,2021-02-09,2,5,749.68,299.88,False
275,13438,2020-09-27,2,2,229.89,91.96,True
275,7429,2020-09-20,4,8,749.83,299.96,False
275,12955,2020-06-01,4,8,589.65,235.88,True
275,10808,2020-05-02,2,3,179.97,72.0,True
275,11425,2020-04-16,2,4,209.78,83.92,False
276,5088,2025-01-03,2,4,919.96,368.0,False
276,11005,2024-05-02,2,6,719.67,287.88,True
276,1948,2024-02-29,4,11,1339.44,535.8,False
276,13875,2023-04-10,3,6,549.67,219.88,False
276,9297,2023-03-05,3,5,514.59,205.84,False
276,11838,2023-01-11,2,4,1249.96,500.0,False
276,2466,2023-01-06,4,6,699.94,280.0,False
276,7259,2022-11-03,1,1,39.9,15.96,False
276,1216,2022-05-24,3,7,1179.93,472.0,False
276,11831,2022-05-10,1,1,54.9,21.96,False
276,364,2022-04-28,1,2,119.98,48.0,False
276,12546,2021-08-09,1,2,99.8,39.92,False
276,1988,2021-06-20,4,9,1509.73,603.92,False
276,10104,2021-01-26,3,6,939.94,376.0,True
276,12089,2021-01-16,4,10,1139.9,456.0,False
277,6059,2025-12-23,3,7,979.75,391.92,False
277,9136,2025-03-19,3,6,979.67,391.88,False
277,1912,2024-12-21,2,3,285.97,114.4,True
277,13979,2024-12-11,4,9,859.73,343.92,False
277,9363,2024-08-21,3,7,909.48,363.8,False
277,7797,2024-03-10,1,2,39.98,16.0,False
277,9998,2023-04-06,4,9,889.64,355.88,False
277,12396,2022-10-31,2,3,199.79,79.92,False
277,13613,2022-01-25,2,4,1049.87,419.96,False
277,11089,2021-08-24,4,12,1289.34,515.76,False
277,14568,2021-05-31,1,2,359.98,144.0,False
277,1203,2021-03-24,3,8,619.92,248.0,False
277,9660,2021-03-24,2,3,279.79,111.92,False
277,241,2020-01-22,4,7,564.84,225.96,False
278,6400,2025-11-03,2,4,429.96,172.0,False
278,5305,2025-10-17,2,6,1049.94,420.0,False
278,12472,2025-05-07,2,4,439.87,175.96,True
278,2588,2024-12-19,1,2,279.98,112.0,False
278,8156,2024-11-08,3,6,274.4,109.76,False
278,11194,2024-09-29,2,3,94.88,37.96,False
278,2929,2023-08-24,4,9,1609.91,644.0,False
278,7464,2023-05-07,1,3,749.97,300.0,False
278,13571,2022-09-13,4,7,789.48,315.8,False
278,4119,2022-05-05,1,3,1049.97,420.0,False
278,11697,2021-09-17,4,11,2019.89,808.0,True
278,5549,2021-08-01,3,4,359.87,143.96,False
278,2473,2021-06-09,2,5,589.5,235.8,False
278,10283,2021-05-21,4,9,894.91,358.0,True
278,6495,2021-01-08,4,7,754.75,301.92,False
278,5099,2020-12-10,1,3,269.97,108.0,False
278,2681,2020-11-19,3,5,1069.95,428.0,False
279,4684,2025-11-26,1,1,79.99,32.0,False
279,5895,2025-11-23,1,3,449.97,180.0,False
279,4973,2025-10-17,4,9,739.46,295.8,False
279,14317,2025-05-26,4,7,479.75,191.92,False
279,1911,2025-05-16,4,8,1681.92,672.8,True
279,3999,2024-12-27,4,6,459.94,184.0,False
279,14327,2024-12-09,3,4,164.78,65.92,False
279,12683,2023-11-24,2,3,199.88,79.96,False
279,11131,2023-11-16,2,2,404.89,161.96,False
279,901,2023-09-10,2,2,75.98,30.4,False
279,6707,2023-06-21,2,6,419.4,167.76,True
279,11608,2023-05-23,2,6,749.94,300.0,False
279,14432,2022-11-10,3,3,319.88,127.96,True
279,6702,2022-09-08,3,5,709.77,283.92,False
279,6644,2022-09-06,2,4,699.6,279.84,False
279,5615,2022-04-18,3,7,759.57,303.84,False
279,1635,2022-01-13,1,3,149.97,60.0,False
279,12834,2021-09-25,3,4,519.96,208.0,False
279,7939,2021-09-04,1,3,749.97,300.0,False
279,4803,2021-08-21,1,1,129.9,51.96,False
279,9130,2021-07-09,4,6,325.94,130.4,False
279,1409,2021-02-04,3,6,349.94,140.0,False
279,4695,2021-01-20,4,11,1114.44,445.8,False
279,4212,2021-01-18,2,5,529.5,211.8,False
279,2498,2020-09-29,1,2,79.8,31.92,False
279,4994,2020-06-19,1,1,39.9,15.96,False
280,12824,2025-07-29,4,5,439.77,175.92,False
280,1461,2025-07-23,2,4,514.96,206.0,False
280,552,2025-06-28,4,9,404.37,161.76,False
280,11857,2025-04-14,4,8,794.56,317.84,False
280,8174,2024-12-02,2,6,839.67,335.88,False
280,9876,2024-04-07,1,2,239.98,96.0,False
280,10661,2023-10-25,3,7,1149.84,459.96,True
280,12766,2023-05-18,2,6,419.67,167.88,False
280,7154,2023-05-06,4,8,1699.92,680.0,False
280,5471,2023-03-21,1,2,159.98,64.0,False
280,11823,2023-01-11,1,3,119.7,47.88,False
280,9760,2022-12-26,1,3,899.97,360.0,False
280,6665,2022-09-25,3,5,489.5,195.8,False
280,10665,2022-09-14,2,5,529.77,211.92,False
280,12860,2022-07-30,3,6,245.76,98.32,False
280,12,2022-02-27,1,2,39.98,16.0,False
280,6316,2022-01-30,2,4,169.78,67.92,False
280,10546,2021-09-10,3,6,1399.94,560.0,True
280,2072,2021-06-14,1,2,179.8,71.92,False
280,3939,2021-04-18,4,8,799.92,320.0,False
280,9154,2020-09-02,3,3,449.88,179.96,False
281,9859,2025-11-27,4,6,624.58,249.84,True
281,7700,2025-11-07,2,3,299.97,120.0,False
281,10535,2025-10-13,3,4,159.6,63.84,False
281,991,2025-09-06,3,4,729.96,292.0,False
281,11024,2025-03-31,4,9,1239.64,495.88,False
281,2657,2024-12-24,3,6,1149.67,459.88,False
281,4556,2024-10-03,1,2,119.98,48.0,False
281,10777,2024-07-22,3,5,201.68,80.68,False
281,8375,2024-03-24,3,6,349.67,139.88,False
281,6090,2024-03-01,3,5,749.86,299.96,False
281,9340,2023-11-19,1,1,49.99,20.0,False
281,14726,2023-10-04,2,6,824.67,329.88,False
281,5506,2023-06-05,1,2,699.98,280.0,False
281,13720,2022-07-06,1,1,149.99,60.0,False
281,11393,2021-12-12,4,7,669.84,267.96,True
281,9129,2021-09-14,1,1,19.99,8.0,False
281,13435,2021-03-05,3,4,159.96,64.0,False
281,2158,2020-07-11,2,4,489.69,195.88,False
281,117,2020-03-14,2,2,329.98,132.0,False
282,132,2025-10-09,3,5,629.95,252.0,False
282,13171,2025-08-31,1,3,119.97,48.0,False
282,14561,2025-03-02,2,6,629.67,251.88,False
282,1455,2025-01-29,3,4,165.78,66.32,False
282,10267,2024-11-27,3,5,449.68,179.88,False
282,7418,2024-09-15,2,2,189.89,75.96,False
282,456,2024-03-25,4,7,695.93,278.4,False
282,4508,2024-03-22,4,8,669.83,267.96,False
282,7807,2023-10-15,4,6,564.85,225.96,False
282,3896,2023-05-28,2,4,879.96,352.0,False
282,14395,2022-08-11,2,6,539.94,216.0,False
282,10770,2021-10-24,2,2,50.89,20.36,False
282,13978,2021-10-09,2,3,429.79,171.92,False
282,7723,2021-08-28,1,3,239.97,96.0,False
282,3371,2021-07-03,2,3,379.79,151.92,False
282,756,2021-04-04,2,3,349.79,139.92,False
282,5488,2021-02-19,4,10,1589.9,636.0,False
282,3145,2021-01-29,2,2,199.98,80.0,False
282,2309,2020-10-26,3,4,499.78,199.92,True
282,2283,2020-06-04,1,3,59.97,24.0,False
283,940,2025-10-07,3,3,184.88,73.96,False
283,14000,2025-09-23,4,5,469.68,187.88,False
283,2099,2025-01-19,2,3,539.79,215.92,False
283,9882,2024-09-22,2,4,454.96,182.0,False
283,9732,2024-09-02,4,5,454.95,182.0,True
283,6830,2023-11-04,4,8,619.65,247.88,False
283,8734,2023-04-09,4,6,244.94,98.0,False
283,11078,2023-02-25,1,2,119.98,48.0,False
283,8230,2023-02-01,1,3,479.97,192.0,False
283,13645,2022-10-16,3,7,679.75,271.92,False
283,11630,2022-07-13,3,6,369.67,147.88,False
283,4987,2022-04-13,2,5,839.95,336.0,False
283,4888,2021-12-31,3,3,325.97,130.4,False
283,8096,2021-08-18,3,5,679.95,272.0,False
283,6751,2021-07-01,2,4,119.96,48.0,False
283,11569,2021-02-22,2,5,1099.77,439.92,True
283,8770,2021-02-21,2,3,279.79,111.92,False
283,9276,2021-01-17,4,5,979.86,391.96,False
284,5682,2025-05-27,1,3,749.97,300.0,False
284,9592,2025-05-26,4,8,719.65,287.88,False
284,3849,2025-04-15,4,8,809.74,323.92,False
284,398,2025-02-01,1,3,179.97,72.0,False
284,5706,2024-11-08,4,10,1319.63,527.88,False
284,7180,2024-09-14,1,2,199.8,79.92,False
284,2765,2023-06-27,1,3,299.7,119.88,True
284,3951,2023-03-31,1,3,389.97,156.0,False
284,6998,2023-02-09,4,7,1099.93,440.0,False
284,6874,2022-07-23,3,3,299.88,119.96,True
284,7234,2022-07-17,4,8,889.74,355.92,False
284,13370,2022-05-29,2,4,409.6,163.84,False
284,6742,2022-05-04,1,1,19.99,8.0,False
284,12934,2021-11-17,3,8,397.92,159.2,False
284,2631,2021-07-04,1,1,199.99,80.0,False
284,11816,2021-06-26,2,3,329.79,131.92,False
284,1205,2021-06-08,4,9,989.82,395.96,False
284,13717,2021-05-23,2,4,139.96,56.0,False
284,14854,2020-08-19,4,8,1369.65,547.88,False
284,13102,2020-07-02,3,7,344.93,138.0,False
284,11714,2020-07-01,4,8,509.65,203.88,False
284,10292,2020-04-11,4,7,589.93,236.0,False
284,6091,2020-01-18,1,2,49.8,19.92,False
284,10675,2020-01-03,3,5,564.95,226.0,False
285,6030,2025-08-29,1,2,79.8,31.92,False
285,7315,2025-08-08,1,3,419.97,168.0,False
285,14251,2025-06-08,3,4,515.96,206.4,False
285,1884,2025-05-23,1,1,149.99,60.0,False
285,3224,2025-03-19,4,8,1289.74,515.92,False
285,7388,2025-03-13,3,5,379.77,151.92,False
285,494,2024-12-18,1,1,99.9,39.96,False
285,2877,2024-10-09,4,10,2369.9,948.0,False
285,10023,2024-07-12,3,5,415.95,166.4,False
285,6174,2024-05-08,3,6,589.49,235.8,False
285,11970,2024-04-24,4,7,1369.84,547.96,False
285,3453,2023-09-29,4,7,457.66,183.08,False
285,1137,2023-09-15,4,9,849.73,339.92,True
285,5536,2023-09-03,3,3,239.88,95.96,False
285,6429,2023-04-18,1,1,119.9,47.96,False
285,13873,2022-07-14,2,5,999.77,399.92,False
285,12041,2022-03-23,1,1,149.99,60.0,False
285,4052,2021-12-26,1,1,199.9,79.96,False
285,5254,2021-12-10,3,3,269.79,107.92,False
285,3465,2021-09-19,3,7,369.84,147.96,False
285,2530,2021-02-22,1,3,419.97,168.0,False
285,3372,2020-12-25,1,3,239.97,96.0,False
285,9211,2020-10-23,1,3,269.97,108.0,False
285,983,2020-10-12,4,8,939.47,375.8,False
285,458,2020-06-23,3,9,1409.64,563.88,False
285,9542,2020-03-01,3,8,1559.92,624.0,False
286,6970,2024-07-05,4,10,1759.45,703.8,False
286,8177,2023-12-24,2,3,279.88,111.96,False
286,5684,2023-11-13,2,3,469.97,188.0,False
286,12287,2023-07-09,2,4,649.96,260.0,False
286,12613,2023-07-01,1,2,259.8,103.92,False
286,5078,2023-05-13,1,2,699.98,280.0,False
286,2895,2022-10-13,3,6,1719.94,688.0,False
286,14524,2022-04-30,2,6,1139.94,456.0,False
286,14080,2022-02-04,4,8,1399.92,560.0,False
286,543,2021-08-14,2,3,369.97,148.0,True
286,6257,2020-12-20,1,1,89.9,35.96,True
286,4375,2020-09-12,1,1,129.99,52.0,False
286,1098,2020-08-17,4,11,1179.89,472.0,False
287,8755,2025-12-26,4,10,1991.9,796.8,True
287,5601,2025-11-30,4,6,1165.94,466.4,False
287,3274,2025-11-26,1,3,389.97,156.0,False
287,8700,2024-12-22,2,6,434.67,173.88,False
287,11201,2024-11-07,3,6,949.94,380.0,False
287,7188,2024-08-13,2,6,509.67,203.88,True
287,13291,2024-07-12,3,6,899.94,360.0,False
287,14585,2024-03-05,3,5,625.95,250.4,False
287,5945,2023-11-27,1,1,199.9,79.96,False
287,1128,2023-09-08,3,7,439.93,176.0,False
287,9238,2023-09-04,1,3,449.7,179.88,False
287,12718,2023-07-24,3,8,764.38,305.76,False
287,7462,2023-04-27,1,1,99.9,39.96,False
287,4322,2023-04-19,4,6,589.49,235.8,False
287,3308,2022-04-22,3,5,839.77,335.92,False
287,6115,2022-03-26,3,6,879.85,351.96,False
287,12455,2022-03-03,3,5,989.86,395.96,False
287,11364,2022-01-25,2,4,219.96,88.0,True
287,13480,2021-08-18,4,8,1049.92,420.0,False
287,2467,2021-03-22,1,3,359.7,143.88,False
287,9766,2021-03-03,1,1,139.99,56.0,False
287,10431,2020-09-08,1,1,199.99,80.0,False
287,9218,2020-08-31,4,9,819.82,327.96,False
287,10355,2020-07-18,1,1,49.99,20.0,False
287,7643,2020-05-26,1,1,349.99,140.0,False
287,2518,2020-05-20,3,6,449.67,179.88,True
288,3387,2025-08-20,4,10,764.63,305.88,True
288,9350,2025-08-18,3,7,479.84,191.96,False
288,10438,2025-03-10,2,3,339.79,135.92,False
288,10971,2024-10-12,2,5,529.77,211.92,True
288,13852,2024-10-07,1,1,299.99,120.0,False
288,3842,2024-07-13,2,4,369.96,148.0,False
288,2004,2024-07-10,1,3,389.7,155.88,False
288,5751,2024-01-04,2,4,309.6,123.84,False
288,7276,2023-12-28,2,4,879.96,352.0,False
288,7060,2023-11-02,4,7,1159.75,463.92,False
288,3853,2023-10-30,2,6,1019.94,408.0,False
288,2784,2023-10-28,2,4,499.6,199.84,False
288,3685,2023-03-30,4,6,484.85,193.96,False
288,13019,2023-03-30,1,1,129.9,51.96,False
288,2630,2023-03-18,2,3,249.97,100.0,False
288,253,2022-10-04,1,3,389.7,155.88,False
288,5870,2022-01-06,2,5,559.95,224.0,False
288,7893,2021-11-23,4,7,619.66,247.88,False
288,3573,2021-10-27,3,6,479.76,191.92,False
288,6173,2021-09-17,3,5,659.77,263.92,False
288,5878,2021-04-12,2,3,589.97,236.0,False
288,14200,2021-03-21,2,3,279.97,112.0,False
288,2939,2021-03-17,4,9,1169.64,467.88,False
288,714,2020-11-11,2,3,399.97,160.0,True
288,12954,2020-08-02,2,5,469.77,187.92,False
288,6284,2020-03-05,2,4,529.69,211.88,False
288,3385,2020-02-01,1,2,259.8,103.92,False
289,1397,2025-12-22,1,2,99.98,40.0,False
289,13429,2025-12-08,2,3,249.88,99.96,False
289,6772,2025-11-24,1,3,179.97,72.0,False
289,2514,2025-10-16,4,6,1559.94,624.0,True
289,14260,2025-10-11,1,3,149.7,59.88,False
289,12372,2025-07-09,2,5,439.77,175.92,False
289,5757,2025-07-07,4,9,1934.64,773.88,False
289,1614,2025-07-04,3,6,479.67,191.88,False
289,12808,2025-05-11,3,6,619.76,247.92,False
289,4235,2025-03-03,2,2,259.89,103.96,False
289,1184,2025-02-05,1,1,299.99,120.0,False
289,8007,2024-10-10,2,5,629.68,251.88,False
289,7057,2024-05-19,3,8,939.47,375.8,False
289,6681,2023-12-29,1,2,259.98,104.0,False
289,7296,2023-12-07,1,3,389.7,155.88,False
289,10363,2023-09-24,2,5,239.68,95.88,False
289,14605,2023-07-19,3,8,1679.65,671.88,False
289,978,2022-12-23,1,3,77.97,31.2,False
289,536,2022-11-14,2,4,339.87,135.96,False
289,1320,2022-08-27,3,5,1029.95,412.0,False
289,9507,2022-05-16,4,11,981.62,392.68,False
289,3236,2021-09-30,3,8,1529.92,612.0,True
289,1877,2021-08-17,1,3,299.97,120.0,False
289,9298,2021-04-29,2,5,419.68,167.88,True
289,5242,2020-08-03,4,10,504.9,202.0,False
289,375,2020-07-31,2,2,99.98,40.0,False
289,9433,2020-04-21,3,7,659.75,263.92,False
290,1206,2025-10-18,3,5,319.77,127.92,False
290,127,2025-10-07,2,5,689.95,276.0,False
290,7525,2025-05-19,4,7,794.66,317.88,False
290,6142,2025-03-04,1,1,49.9,19.96,False
290,6093,2024-12-18,1,1,99.9,39.96,False
290,1508,2024-12-11,4,8,584.74,233.92,False
290,387,2024-11-26,3,4,619.96,248.0,False
290,5533,2024-10-19,3,6,699.94,280.0,True
290,11516,2024-07-19,1,3,389.7,155.88,False
290,3933,2023-12-01,3,5,879.95,352.0,False
290,7091,2023-10-11,3,5,759.86,303.96,False
290,7993,2023-06-15,3,4,379.87,151.96,False
290,1185,2022-07-27,1,1,59.99,24.0,False
290,6659,2022-06-05,1,2,599.98,240.0,False
290,4618,2022-05-25,3,4,499.87,199.96,False
290,6407,2022-04-08,2,5,949.77,379.92,False
290,12741,2021-12-15,3,5,514.59,205.84,False
290,9342,2021-10-31,2,2,144.89,57.96,False
290,13504,2021-08-29,4,6,859.76,343.92,False
290,1474,2021-06-18,4,8,909.83,363.96,False
290,14764,2020-11-17,2,5,469.68,187.88,False
290,2704,2020-11-08,3,5,579.95,232.0,False
290,4733,2020-01-19,4,9,1089.91,436.0,False
291,12513,2025-12-08,3,7,739.93,296.0,False
291,6234,2025-10-10,4,4,584.96,234.0,False
291,7449,2025-05-12,2,2,229.89,91.96,False
291,7573,2025-04-04,3,7,899.66,359.88,False
291,7822,2024-10-16,3,7,609.93,244.0,False
291,9709,2024-10-16,1,2,99.98,40.0,False
291,927,2024-02-27,4,8,1659.74,663.92,False
291,13539,2024-02-11,1,3,119.7,47.88,False
291,8773,2023-09-10,2,4,209.96,84.0,False
291,10944,2023-08-30,2,5,349.68,139.88,False
291,4133,2023-07-23,1,2,299.98,120.0,False
291,8373,2023-02-17,3,4,619.96,248.0,False
291,10246,2022-11-30,3,5,209.95,84.0,True
291,5584,2022-09-30,4,12,1079.07,431.64,False
291,9865,2022-06-28,3,6,349.67,139.88,False
291,5819,2022-06-09,4,11,1279.71,511.92,False
291,11642,2021-10-09,1,1,49.99,20.0,True
291,9422,2021-09-24,2,3,351.97,140.8,False
291,7335,2021-06-04,1,1,179.99,72.0,False
291,324,2021-06-01,2,6,1499.94,600.0,False
291,3511,2021-02-07,1,2,799.98,320.0,False
291,9195,2020-08-04,3,5,604.86,241.96,False
291,14755,2020-08-02,2,4,114.96,46.0,False
291,10399,2020-05-07,4,7,1139.84,455.96,False
292,4174,2025-11-14,4,9,959.28,383.72,True
292,2949,2025-07-23,3,8,1749.92,700.0,False
292,1847,2024-11-08,4,11,499.71,199.92,False
292,2555,2024-07-31,1,3,119.97,48.0,False
292,1005,2024-06-09,3,7,1169.75,467.92,False
292,6072,2024-05-01,1,1,59.99,24.0,False
292,1156,2024-02-01,2,4,139.96,56.0,False
292,4148,2024-01-20,1,2,299.98,120.0,False
292,7963,2023-10-19,3,8,809.74,323.92,False
292,9323,2023-09-19,2,4,339.6,135.84,False
292,6000,2023-09-07,1,2,199.8,79.92,False
292,557,2023-04-23,4,5,589.86,235.96,False
292,9424,2023-02-06,1,3,299.7,119.88,False
292,6210,2023-01-17,4,11,844.62,337.88,True
292,12050,2022-11-02,2,5,399.68,159.88,False
292,1591,2022-10-28,2,5,759.68,303.88,False
292,2663,2022-08-03,4,11,1619.89,648.0,False
292,3794,2021-10-08,1,2,79.8,31.92,False
292,7157,2021-03-17,2,6,659.94,264.0,False
293,821,2025-11-25,3,7,549.66,219.88,False
293,14002,2025-11-19,2,3,459.97,184.0,False
293,13309,2025-11-12,1,3,239.97,96.0,False
293,12280,2025-06-26,2,4,137.96,55.2,False
293,13212,2025-04-29,1,1,69.99,28.0,False
293,3420,2024-09-14,4,8,1139.92,456.0,False
293,8513,2024-02-23,1,3,389.97,156.0,False
293,8511,2023-11-24,4,7,819.93,328.0,False
293,105,2023-11-14,1,3,569.97,228.0,False
293,5569,2023-10-21,1,3,239.97,96.0,False
293,2810,2023-09-20,2,4,849.87,339.96,False
293,3173,2023-07-24,1,1,99.9,39.96,False
293,10575,2023-07-13,2,3,219.79,87.92,False
293,4346,2023-06-10,3,6,789.94,316.0,False
293,7531,2023-03-08,4,7,1459.84,583.96,False
293,2294,2022-10-14,1,1,34.99,14.0,False
293,4351,2022-08-17,1,3,89.97,36.0,False
293,4775,2022-06-01,1,1,59.99,24.0,False
293,1080,2022-01-10,1,1,24.99,10.0,False
293,13544,2021-12-11,3,7,339.93,136.0,False
293,379,2021-10-25,1,3,77.97,31.2,False
293,9798,2021-05-06,1,1,24.9,9.96,False
293,9399,2021-02-26,4,9,1311.91,524.8,False
293,6294,2020-11-29,1,2,199.8,79.92,False
293,14350,2020-11-14,3,7,2349.93,940.0,False
293,3862,2020-10-07,3,7,1389.66,555.88,False
293,11921,2020-04-12,3,3,449.88,179.96,False
293,4139,2020-03-10,2,6,509.67,203.88,False
293,5703,2020-03-05,4,7,819.57,327.84,False
294,10080,2025-12-01,3,7,739.75,295.92,True
294,12516,2025-08-10,2,2,174.89,69.96,False
294,738,2025-05-17,4,8,679.74,271.92,False
294,14909,2024-06-08,3,8,514.74,205.92,False
294,4742,2024-03-18,3,9,1319.64,527.88,True
294,10278,2023-10-21,3,4,479.78,191.92,False
294,4643,2023-02-26,3,6,629.76,251.92,False
294,9387,2023-02-16,2,3,499.97,200.0,False
294,9389,2023-01-07,1,2,99.98,40.0,False
294,3093,2022-10-08,4,10,2309.9,924.0,False
294,2699,2022-10-03,2,6,1379.94,552.0,True
294,7213,2022-09-02,2,5,284.68,113.88,False
294,12631,2022-06-14,2,5,559.77,223.92,False
294,1460,2022-04-21,4,4,319.87,127.96,False
294,13897,2022-04-10,1,3,269.7,107.88,False
294,13321,2022-02-06,2,4,989.96,396.0,False
294,8578,2021-06-03,1,2,379.98,152.0,False
294,11862,2021-01-01,1,2,399.98,160.0,False
294,11496,2020-05-04,1,1,199.99,80.0,False
295,7798,2025-11-28,2,4,779.96,312.0,False
295,12350,2025-10-04,4,9,2789.64,1115.88,False
295,1616,2025-05-24,4,5,329.68,131.88,True
295,13821,2025-03-03,4,6,799.94,320.0,False
295,3528,2024-11-27,1,2,299.98,120.0,False
295,13747,2024-08-07,1,3,359.7,143.88,False
295,10158,2024-07-02,2,4,189.6,75.84,False
295,14111,2024-06-17,2,5,649.95,260.0,False
295,12312,2024-06-12,2,6,569.94,228.0,False
295,3670,2024-05-01,3,4,339.87,135.96,False
295,13587,2024-04-28,1,3,149.97,60.0,False
295,10856,2024-02-25,4,10,959.63,383.88,False
295,4818,2023-12-13,4,9,1199.91,480.0,False
295,10196,2023-07-27,1,1,89.99,36.0,False
295,13872,2023-03-16,2,3,719.97,288.0,True
295,14144,2023-01-16,4,7,879.66,351.88,False
295,12198,2022-04-25,1,2,239.8,95.92,False
295,5741,2022-03-10,2,3,379.79,151.92,False
295,10703,2022-01-22,1,2,159.98,64.0,True
295,11081,2021-10-29,3,7,574.93,230.0,False
295,6069,2021-07-23,2,4,759.78,303.92,False
295,7168,2021-07-08,4,6,1139.67,455.88,False
295,14203,2021-07-04,1,3,599.97,240.0,False
295,9518,2021-05-30,2,2,279.98,112.0,False
295,9904,2021-02-23,4,7,1209.84,483.96,True
295,4069,2021-02-02,3,3,339.79,135.92,True
295,13024,2021-01-18,3,8,659.65,263.88,False
295,14230,2020-12-27,2,3,179.97,72.0,False
296,7675,2025-12-17,3,7,1249.93,500.0,True
296,4896,2025-07-25,4,10,729.45,291.8,False
296,14289,2025-03-23,3,5,185.95,74.4,False
296,13945,2024-12-29,4,10,609.27,243.72,False
296,9778,2024-12-06,4,6,679.94,272.0,False
296,7692,2024-11-28,4,11,939.35,375.76,False
296,12623,2024-04-08,4,10,1319.36,527.76,False
296,13980,2024-04-03,3,8,769.65,307.88,False
296,3393,2024-01-19,3,7,609.93,244.0,False
296,14952,2023-07-01,3,7,719.66,287.88,False
296,7862,2023-04-29,2,6,1049.94,420.0,False
296,9974,2023-04-03,3,7,189.93,76.0,False
296,5118,2022-09-16,2,4,449.87,179.96,False
296,6934,2022-07-03,3,7,419.48,167.8,False
296,10349,2022-04-10,3,4,824.96,330.0,False
296,840,2022-02-10,4,8,899.92,360.0,True
296,12911,2022-01-30,4,6,589.85,235.96,False
296,10330,2021-05-05,1,3,359.7,143.88,False
296,8881,2021-04-11,4,8,729.83,291.96,False
296,639,2020-12-07,4,5,639.95,256.0,False
296,7452,2020-11-17,1,3,449.7,179.88,False
296,14484,2020-11-04,3,8,1189.38,475.76,False
296,1082,2020-02-14,1,2,379.98,152.0,False
297,13977,2025-12-28,2,4,514.96,206.0,False
297,3104,2025-05-21,4,7,999.75,399.92,True
297,13288,2025-02-09,1,2,99.98,40.0,False
297,9887,2024-06-25,2,5,519.95,208.0,False
297,4646,2024-01-24,4,6,909.67,363.88,False
297,10803,2023-07-31,3,7,939.57,375.84,False
297,4089,2023-07-23,1,2,49.98,20.0,False
297,12818,2021-11-25,4,7,1289.93,516.0,False
297,8123,2021-08-21,4,10,1129.18,451.68,False
297,8450,2021-07-01,1,3,104.97,42.0,False
297,6811,2020-09-07,1,1,54.9,21.96,False
297,6038,2020-08-28,2,3,159.88,63.96,False
297,13857,2020-04-09,3,7,1639.75,655.92,False
298,12549,2025-11-14,3,6,424.67,169.88,False
298,9120,2025-11-01,4,8,725.92,290.4,False
298,3533,2025-09-30,4,11,787.89,315.2,False
298,3709,2025-09-07,3,6,649.94,260.0,False
298,7239,2025-05-05,2,3,949.97,380.0,False
298,10727,2024-12-28,3,6,499.76,199.92,False
298,142,2024-11-04,1,1,99.99,40.0,False
298,9108,2024-09-10,4,9,569.37,227.76,False
298,10668,2024-04-17,2,3,319.97,128.0,False
298,12167,2023-10-18,3,4,249.87,99.96,False
298,11389,2023-05-12,1,3,104.97,42.0,False
298,3435,2021-12-26,1,3,149.97,60.0,False
298,350,2021-11-08,2,3,229.79,91.92,False
298,1337,2021-06-20,1,3,149.97,60.0,True
298,13501,2020-10-30,1,1,59.99,24.0,False
298,4,2020-10-18,1,1,399.99,160.0,False
298,5786,2020-08-10,2,3,509.97,204.0,False
299,1194,2025-03-06,1,3,389.97,156.0,False
299,1696,2025-03-01,3,6,949.85,379.96,True
299,14170,2024-08-26,3,5,219.68,87.88,False
299,11637,2024-06-21,1,2,299.8,119.92,True
299,8660,2024-05-11,2,3,379.97,152.0,False
299,1853,2024-01-11,2,3,749.88,299.96,False
299,14944,2023-11-02,2,4,269.96,108.0,False
299,6834,2022-10-29,3,6,659.76,263.92,False
299,11710,2022-08-01,1,1,39.9,15.96,False
299,8943,2022-06-30,2,6,599.67,239.88,False
299,6438,2022-06-10,3,6,969.94,388.0,False
299,5911,2022-03-29,3,6,679.76,271.92,False
299,14098,2021-11-21,4,4,969.87,387.96,False
299,3635,2021-06-23,2,4,389.6,155.84,False
299,11311,2021-05-28,3,5,509.95,204.0,False
299,5656,2020-08-13,2,4,569.96,228.0,False
299,12953,2020-07-12,2,4,279.96,112.0,False
299,1321,2020-05-10,1,3,389.7,155.88,False
300,2247,2025-12-27,3,6,599.85,239.96,False
300,74,2025-08-04,1,2,199.8,79.92,False
300,5936,2025-07-25,4,10,1509.9,604.0,False
300,10148,2025-05-24,4,8,921.92,368.8,False
300,4962,2025-04-11,1,3,749.97,300.0,False
300,13455,2024-11-30,3,5,839.59,335.84,False
300,14722,2024-11-03,2,4,164.96,66.0,False
300,3947,2024-06-14,1,1,189.99,76.0,False
300,10442,2023-11-26,3,5,414.5,165.8,False
300,485,2023-10-07,3,5,934.86,373.96,False
300,848,2023-07-12,2,3,145.97,58.4,False
300,6832,2023-02-16,2,6,689.94,276.0,False
300,8549,2022-07-20,4,9,689.91,276.0,False
300,9474,2022-05-05,4,9,1199.73,479.92,True
300,10774,2022-03-09,3,8,959.92,384.0,False
300,5287,2022-02-26,3,7,1129.93,452.0,False
300,6677,2021-06-25,2,3,199.97,80.0,False
300,8411,2021-04-10,2,2,184.98,74.0,False
300,378,2020-09-06,2,3,389.88,155.96,False
300,3906,2020-09-06,4,9,659.64,263.88,False
300,9061,2020-03-04,3,5,464.95,186.0,False
301,4806,2025-10-24,1,3,539.97,216.0,False
301,1887,2025-07-25,4,12,1334.34,533.76,True
301,12671,2025-02-26,2,3,339.97,136.0,False
301,11267,2024-12-31,3,8,1279.74,511.92,False
301,3661,2024-11-23,1,3,359.7,143.88,False
301,4448,2024-11-04,3,5,509.95,204.0,False
301,10220,2024-10-10,1,1,119.99,48.0,True
301,9206,2024-09-22,4,8,1424.92,570.0,False
301,11789,2024-06-25,3,5,459.77,183.92,False
301,4548,2024-06-09,2,5,739.77,295.92,False
301,6983,2024-03-25,4,10,1769.9,708.0,False
301,10541,2024-02-02,2,3,139.79,55.92,False
301,10630,2023-06-16,2,3,399.97,160.0,False
301,6762,2023-02-19,4,7,639.57,255.84,False
301,14871,2022-07-07,3,6,709.67,283.88,False
301,1094,2022-04-25,4,7,594.93,238.0,False
301,10273,2021-11-28,2,5,829.77,331.92,False
301,2453,2021-11-13,1,1,54.9,21.96,False
301,14772,2021-06-28,4,10,1319.63,527.88,True
301,7413,2021-05-31,4,8,2169.83,867.96,False
301,12652,2020-09-25,4,8,1169.92,468.0,False
301,10042,2020-07-28,2,4,299.78,119.92,False
301,5900,2020-06-03,3,3,374.88,149.96,False
301,9956,2020-03-08,2,4,319.96,128.0,False
301,10261,2020-03-04,4,7,1064.66,425.88,True
301,8678,2020-01-07,4,6,759.94,304.0,False
301,5592,2020-01-06,2,5,529.95,212.0,False
302,6097,2025-04-09,2,5,319.77,127.92,False
302,7660,2024-10-15,3,5,509.95,204.0,False
302,60,2024-08-16,4,8,1439.92,576.0,False
302,11252,2024-06-11,3,7,609.48,243.8,False
302,13777,2023-12-25,4,7,894.66,357.88,False
302,5749,2023-12-15,4,5,569.86,227.96,True
302,7609,2023-07-25,1,2,259.8,103.92,False
302,5300,2023-05-31,1,3,899.97,360.0,False
302,3315,2023-02-08,1,3,299.7,119.88,False
302,2365,2022-09-28,2,3,379.97,152.0,False
302,1770,2021-09-19,4,11,729.35,291.76,False
302,9102,2021-08-22,3,7,699.66,279.88,False
302,14378,2021-03-24,2,4,819.96,328.0,False
302,8685,2021-02-08,1,2,499.98,200.0,False
302,157,2020-12-19,1,1,24.99,10.0,False
302,3701,2020-08-31,1,2,259.8,103.92,False
302,9058,2020-08-30,4,10,1359.63,543.88,False
302,546,2020-03-05,2,5,1799.95,720.0,False
302,14991,2020-01-04,1,3,389.7,155.88,False
303,6043,2025-12-10,4,9,444.37,177.76,True
303,3053,2024-10-09,1,2,259.98,104.0,False
303,12411,2024-09-12,2,5,269.68,107.88,True
303,10899,2024-02-24,2,5,619.68,247.88,False
303,6514,2023-02-28,1,3,269.7,107.88,False
303,9270,2022-12-26,3,5,299.86,119.96,False
303,1168,2022-12-04,4,6,994.67,397.88,True
303,8271,2022-12-01,4,5,569.95,228.0,False
303,5036,2022-04-17,3,6,289.76,115.92,False
303,13505,2022-02-11,4,8,1737.92,695.2,True
303,1009,2021-11-30,1,2,379.98,152.0,False
303,10857,2021-11-28,1,1,119.9,47.96,False
303,10260,2021-10-23,3,6,649.94,260.0,False
303,4804,2021-07-24,4,8,1609.92,644.0,False
303,9386,2021-02-02,1,1,399.99,160.0,False
303,10732,2020-11-01,4,7,654.84,261.96,False
303,7721,2020-09-20,1,1,249.99,100.0,False
303,14302,2020-07-31,3,3,229.88,91.96,False
303,4558,2020-05-07,3,7,579.75,231.92,False
304,11426,2025-10-28,1,2,59.98,24.0,False
304,6467,2025-10-13,2,5,154.77,61.92,False
304,7284,2025-09-30,3,6,624.85,249.96,False
304,6367,2025-08-12,4,7,909.57,363.84,False
304,4354,2025-06-14,3,4,499.96,200.0,False
304,10169,2025-05-31,2,3,95.97,38.4,False
304,3721,2025-04-11,3,4,239.78,95.92,False
304,10895,2025-04-04,2,4,559.69,223.88,False
304,13041,2024-07-28,2,4,309.96,124.0,False
304,13469,2024-06-24,4,6,585.76,234.32,False
304,3179,2023-06-08,2,2,84.89,33.96,False
304,1757,2023-04-23,3,7,599.75,239.92,False
304,763,2022-12-10,2,5,769.68,307.88,False
304,9537,2022-08-13,1,1,25.99,10.4,False
304,7319,2022-01-18,3,8,1259.92,504.0,False
304,226,2021-10-06,3,7,1009.93,404.0,False
304,3952,2021-06-22,1,2,49.8,19.92,True
304,1292,2021-05-26,4,9,1779.64,711.88,False
304,4843,2021-04-20,2,2,559.98,224.0,False
304,6269,2021-04-15,4,9,689.91,276.0,False
304,13947,2021-03-22,4,9,799.55,319.84,False
304,4854,2020-10-22,3,7,254.93,102.0,True
304,8842,2020-10-12,3,6,1849.94,740.0,True
304,8067,2020-10-01,4,8,1424.65,569.88,False
305,8858,2025-11-02,3,5,329.77,131.92,True
305,1870,2025-08-13,4,8,949.56,379.84,False
305,2628,2025-08-09,1,1,299.99,120.0,False
305,1994,2025-03-13,2,5,319.77,127.92,False
305,14803,2025-01-01,1,2,179.98,72.0,False
305,784,2024-11-24,4,7,1149.57,459.84,False
305,598,2024-08-22,1,2,99.98,40.0,False
305,5072,2024-06-19,2,3,779.97,312.0,False
305,14595,2023-08-24,2,4,879.96,352.0,True
305,1872,2023-06-20,4,11,1859.62,743.88,False
305,5690,2023-04-25,3,7,949.39,379.76,False
305,10456,2023-02-24,4,7,879.93,352.0,False
305,3560,2022-10-26,2,5,589.95,236.0,False
305,3708,2022-08-14,2,5,319.77,127.92,True
305,5407,2022-07-14,3,6,659.85,263.96,False
305,1669,2022-07-06,1,2,159.98,64.0,False
305,14007,2021-03-04,4,6,775.94,310.4,False
305,4856,2020-06-07,3,6,989.94,396.0,False
305,4471,2020-04-06,3,3,269.88,107.96,False
305,3012,2020-03-20,1,3,1049.97,420.0,False
306,12423,2025-12-18,3,5,739.59,295.84,False
306,14514,2025-11-03,1,2,299.8,119.92,False
306,8258,2025-08-26,4,7,939.48,375.8,True
306,10973,2025-05-26,2,3,379.79,151.92,False
306,6076,2024-08-01,2,2,89.89,35.96,True
306,2729,2024-04-11,2,4,259.6,103.84,False
306,12526,2024-02-03,1,1,29.99,12.0,False
306,5641,2023-11-20,1,3,389.7,155.88,False
306,40,2023-05-07,4,10,989.9,396.0,False
306,9828,2023-04-20,4,7,459.57,183.84,True
306,12039,2023-01-14,3,7,1129.66,451.88,False
306,1677,2022-10-08,2,4,609.87,243.96,False
306,2394,2022-06-18,1,2,699.98,280.0,False
306,7441,2022-06-14,3,7,1639.93,656.0,True
306,3736,2022-04-16,3,7,789.75,315.92,True
306,1500,2021-11-20,3,4,441.96,176.8,False
306,13352,2021-08-24,1,2,139.98,56.0,False
306,13012,2021-01-16,1,1,49.99,20.0,False
306,5672,2020-10-13,4,7,699.84,279.96,False
306,7934,2020-10-04,4,10,2129.9,852.0,True
306,4167,2020-09-25,1,1,49.99,20.0,False
306,3586,2020-06-10,1,3,239.97,96.0,False
306,1900,2020-05-22,4,11,1009.89,404.0,False
306,12471,2020-04-29,2,5,769.95,308.0,False
306,5664,2020-03-23,3,6,839.94,336.0,False
306,14632,2020-02-27,4,8,2409.92,964.0,False
306,14874,2020-01-25,4,8,759.65,303.88,False
306,4671,2020-01-01,3,6,829.49,331.8,False
307,10362,2025-02-02,2,3,319.79,127.92,False
307,14858,2024-12-06,3,7,251.93,100.8,False
307,9494,2024-03-26,4,11,909.35,363.76,False
307,7898,2024-02-08,3,5,489.77,195.92,False
307,481,2023-12-25,4,4,439.87,175.96,False
307,14766,2023-08-07,2,4,224.96,90.0,False
307,9125,2023-05-25,2,3,424.79,169.92,False
307,3556,2023-03-15,2,6,449.94,180.0,True
307,2058,2022-11-02,1,3,77.97,31.2,False
307,9173,2022-10-26,1,1,59.99,24.0,False
307,10381,2022-03-15,3,6,1069.76,427.92,False
307,7173,2022-03-02,1,1,39.9,15.96,False
307,10993,2022-01-24,4,10,1119.63,447.88,False
307,14109,2021-10-01,4,9,899.73,359.92,False
307,9682,2021-09-22,1,3,59.97,24.0,False
307,11475,2021-09-16,1,1,149.99,60.0,False
307,6812,2021-06-26,4,8,869.65,347.88,False
307,2969,2020-12-16,3,5,469.95,188.0,False
307,1336,2020-04-14,2,4,409.96,164.0,False
307,5160,2020-03-05,1,1,79.99,32.0,False
308,4715,2025-11-23,1,2,119.98,48.0,False
308,6303,2025-11-11,1,3,149.97,60.0,False
308,7709,2025-03-17,3,6,759.76,303.92,False
308,8367,2024-09-26,1,1,179.99,72.0,True
308,12258,2024-08-23,3,6,759.49,303.8,False
308,4150,2024-07-16,3,7,625.66,250.28,False
308,10195,2024-06-29,1,1,49.99,20.0,False
308,3720,2024-01-12,2,2,189.8,75.92,False
308,5952,2023-10-11,2,6,599.4,239.76,False
308,7743,2023-09-08,4,9,1629.64,651.88,False
308,10067,2023-08-21,1,1,29.99,12.0,False
308,6261,2023-05-22,3,3,349.88,139.96,False
308,8826,2023-01-28,1,3,119.7,47.88,False
308,11715,2022-12-26,1,2,139.98,56.0,False
308,4799,2022-08-16,1,1,89.99,36.0,False
308,2067,2022-08-10,2,4,294.87,117.96,False
308,14839,2022-05-26,1,1,249.99,100.0,False
308,9217,2022-05-08,2,4,499.96,200.0,False
308,10580,2021-03-28,4,9,1019.46,407.8,False
308,3489,2021-01-10,1,1,54.9,21.96,False
308,10912,2020-12-25,4,11,989.71,395.92,False
309,2990,2025-09-29,1,2,49.98,20.0,False
309,1444,2025-03-06,3,4,509.96,204.0,True
309,11268,2024-09-09,1,2,99.8,39.92,False
309,13271,2024-06-27,4,10,1239.54,495.84,False
309,12716,2024-01-28,3,5,949.95,380.0,False
309,98,2023-06-17,4,8,1054.56,421.84,True
309,11399,2023-03-22,2,5,219.68,87.88,False
309,6434,2022-10-10,2,5,319.95,128.0,True
309,2836,2022-08-18,1,2,119.98,48.0,False
309,11927,2022-04-18,1,1,49.9,19.96,False
309,5904,2022-01-28,2,3,459.79,183.92,False
309,10908,2021-10-21,1,2,69.98,28.0,False
309,4840,2021-10-20,4,10,824.36,329.76,False
309,2141,2021-07-09,3,5,1009.86,403.96,False
309,10430,2021-03-14,2,3,189.97,76.0,True
309,5667,2020-07-21,4,9,1379.91,552.0,False
309,2920,2020-03-09,2,3,599.88,239.96,False
310,10378,2025-09-19,3,8,389.92,156.0,False
310,2711,2025-09-18,2,5,739.5,295.8,False
310,3953,2024-12-20,2,6,539.67,215.88,False
310,1866,2024-11-06,3,8,679.65,271.88,False
310,1723,2024-10-04,1,1,49.9,19.96,False
310,3975,2024-07-04,3,8,1399.92,560.0,False
310,8906,2024-05-31,3,8,719.92,288.0,False
310,7652,2024-01-16,3,8,1789.92,716.0,False
310,9466,2024-01-01,2,2,74.89,29.96,False
310,6078,2023-11-24,2,2,189.89,75.96,False
310,13601,2023-11-07,4,9,1624.73,649.92,True
310,11143,2023-10-24,4,8,749.47,299.8,False
310,6418,2023-02-20,3,6,849.49,339.8,False
310,8185,2022-12-02,4,9,1089.82,435.96,False
310,9963,2022-08-14,3,6,274.76,109.92,True
310,5631,2022-03-19,1,2,59.98,24.0,False
310,8878,2021-10-04,1,2,699.98,280.0,False
310,959,2021-08-13,1,1,249.99,100.0,False
310,3425,2021-05-01,3,5,569.68,227.88,False
310,11288,2021-01-27,2,2,229.89,91.96,False
310,9356,2020-10-22,1,1,129.99,52.0,False
310,9776,2020-08-27,1,1,89.99,36.0,False
310,12764,2020-03-02,3,7,559.75,223.92,False
310,11054,2020-02-12,4,10,1209.9,484.0,False
311,3211,2025-08-18,3,7,519.75,207.92,False
311,13512,2025-08-13,2,4,199.96,80.0,False
311,12304,2025-05-01,1,2,49.98,20.0,False
311,13339,2025-02-28,4,7,979.48,391.8,False
311,10995,2024-10-30,1,3,149.7,59.88,False
311,7881,2024-05-08,4,8,789.74,315.92,False
311,11030,2024-02-26,1,2,699.98,280.0,False
311,6645,2024-01-13,4,9,819.64,327.88,False
311,6527,2023-12-02,4,6,579.76,231.92,False
311,3307,2023-08-08,1,2,109.8,43.92,False
311,1314,2023-08-03,3,5,279.95,112.0,False
311,8210,2023-01-08,1,3,149.97,60.0,False
311,8873,2022-12-17,4,9,779.73,311.92,True
311,419,2022-09-28,2,5,319.95,128.0,False
311,1961,2022-09-28,1,1,149.99,60.0,False
311,12279,2022-08-10,4,7,1269.93,508.0,False
311,7912,2022-04-25,2,4,774.96,310.0,False
311,5004,2022-03-18,2,3,179.97,72.0,False
311,14853,2021-12-18,2,6,929.94,372.0,False
311,12241,2021-12-02,1,3,269.97,108.0,False
311,5030,2021-06-07,2,4,849.96,340.0,False
311,6783,2021-05-06,1,2,69.98,28.0,False
311,8359,2020-06-30,4,11,1209.62,483.88,False
312,8757,2025-10-18,1,2,51.98,20.8,False
312,14770,2025-05-10,1,1,79.99,32.0,False
312,2785,2025-03-04,2,2,214.89,85.96,False
312,1861,2025-02-24,3,6,809.58,323.84,False
312,6314,2025-01-16,4,8,454.29,181.72,False
312,11055,2023-11-17,1,2,299.8,119.92,False
312,961,2023-10-18,3,6,1029.85,411.96,False
312,10058,2023-08-14,2,4,159.96,64.0,False
312,8428,2023-03-20,1,2,79.8,31.92,False
312,5844,2022-02-06,3,9,644.64,257.88,True
312,13357,2021-11-25,2,6,1619.94,648.0,False
312,3306,2021-11-13,2,3,399.97,160.0,False
312,7740,2021-09-25,3,5,749.95,300.0,False
312,7925,2021-06-26,1,3,104.97,42.0,False
312,1520,2021-04-23,4,10,1149.27,459.72,False
312,11084,2020-10-14,3,4,311.96,124.8,False
313,9341,2025-09-11,2,4,299.78,119.92,False
313,9326,2025-07-04,4,6,639.94,256.0,False
313,11430,2025-01-12,4,8,759.65,303.88,False
313,2504,2024-10-15,2,4,319.96,128.0,False
313,8107,2024-04-14,1,2,399.8,159.92,False
313,7375,2024-02-20,3,6,479.67,191.88,False
313,963,2023-09-06,4,8,1129.65,451.88,False
313,38,2023-06-26,4,7,929.75,371.92,False
313,1515,2023-04-13,4,10,959.45,383.8,False
313,5526,2023-03-04,2,5,699.5,279.8,False
313,13805,2023-02-21,3,8,564.65,225.88,False
313,3757,2023-02-15,3,8,1309.92,524.0,False
313,13218,2022-11-15,1,1,349.99,140.0,False
313,1906,2022-11-06,2,4,979.96,392.0,True
313,5761,2022-09-27,2,5,319.95,128.0,False
313,1441,2022-09-02,2,3,519.97,208.0,False
313,9186,2022-06-17,1,1,49.99,20.0,False
313,6735,2022-06-09,4,6,454.85,181.96,False
313,14128,2022-02-07,4,9,1319.73,527.92,False
313,873,2021-12-29,3,7,569.39,227.76,False
313,4131,2021-11-26,3,6,589.94,236.0,False
313,1583,2021-09-07,1,3,119.7,47.88,False
313,5150,2020-12-30,1,3,104.97,42.0,False
313,13160,2020-12-09,4,8,1079.83,431.96,False
313,11948,2020-09-03,4,8,765.92,306.4,False
313,4136,2020-08-22,1,1,299.99,120.0,False
313,832,2020-04-24,2,4,579.78,231.92,True
314,12891,2025-06-07,1,3,179.97,72.0,False
314,355,2025-02-16,4,5,979.68,391.88,False
314,1954,2025-02-02,2,6,1499.94,600.0,False
314,14064,2025-01-15,2,4,559.96,224.0,False
314,4874,2024-08-09,1,1,249.99,100.0,False
314,6913,2024-06-04,3,6,839.58,335.84,False
314,13634,2024-03-24,4,7,1159.93,464.0,True
314,1586,2024-03-20,3,5,299.59,119.84,False
314,5935,2022-10-12,2,4,1149.87,459.96,False
314,9208,2022-07-02,3,8,1309.92,524.0,False
314,11578,2022-06-06,1,1,79.99,32.0,False
314,3129,2022-05-28,2,4,659.78,263.92,False
314,6187,2022-05-15,1,1,159.99,64.0,False
314,812,2022-05-01,1,1,159.99,64.0,False
314,13122,2021-10-27,1,3,119.7,47.88,False
314,5669,2021-05-21,2,5,609.95,244.0,False
314,10258,2021-02-19,4,9,1199.91,480.0,False
314,14206,2021-01-20,4,8,649.74,259.92,False
314,6306,2020-08-11,3,5,849.95,340.0,False
314,6227,2020-07-26,2,6,1139.94,456.0,False
314,4301,2020-07-09,2,3,599.97,240.0,False
314,13845,2020-04-14,1,1,99.9,39.96,False
314,9373,2020-03-08,3,9,704.64,281.88,False
315,12085,2025-10-22,3,6,919.94,368.0,True
315,10505,2025-09-12,2,5,329.95,132.0,False
315,14489,2025-04-19,3,5,704.86,281.96,False
315,5725,2025-04-13,3,7,549.57,219.84,False
315,7982,2023-12-04,1,1,19.99,8.0,False
315,2074,2023-10-27,3,5,266.95,106.8,False
315,7761,2023-04-23,1,2,69.98,28.0,False
315,14666,2023-03-19,4,7,1209.75,483.92,True
315,10873,2022-11-05,3,9,629.64,251.88,False
315,9253,2021-06-24,3,5,599.86,239.96,False
315,9106,2021-01-05,3,6,1059.67,423.88,True
315,12295,2020-08-16,3,8,699.92,280.0,True
315,9152,2020-06-11,3,4,509.96,204.0,False
315,6241,2020-04-16,4,9,1159.64,463.88,False
315,5777,2020-01-28,2,6,869.94,348.0,False
316,10321,2025-01-03,3,7,504.75,201.92,False
316,14154,2024-01-30,3,4,539.96,216.0,False
316,4524,2023-08-04,2,3,229.97,92.0,False
316,10208,2023-07-30,4,11,1167.44,467.0,False
316,11571,2023-07-30,4,8,754.92,302.0,True
316,7193,2023-06-23,1,3,164.7,65.88,False
316,11776,2023-02-24,2,3,359.97,144.0,False
316,14421,2023-01-09,1,3,119.7,47.88,False
316,9807,2023-01-03,2,6,659.4,263.76,False
316,13194,2022-10-22,3,6,629.94,252.0,False
316,9459,2022-10-09,3,5,204.68,81.88,False
316,6929,2021-06-20,3,5,379.86,151.96,False
316,13687,2021-03-28,4,9,539.91,216.0,False
316,10000,2021-03-13,4,7,1489.75,595.92,False
316,5659,2021-03-04,3,8,1729.65,691.88,False
316,9439,2020-01-29,1,2,49.8,19.92,False
316,12459,2020-01-11,2,4,227.96,91.2,False
317,9194,2025-11-19,2,4,399.87,159.96,False
317,642,2025-09-17,3,7,809.66,323.88,False
317,13494,2025-07-23,2,3,369.97,148.0,False
317,10998,2024-04-17,4,8,939.65,375.88,False
317,12522,2023-04-13,3,7,1084.66,433.88,False
317,2488,2022-04-22,2,4,749.96,300.0,False
317,7741,2022-02-02,2,4,569.96,228.0,False
317,12106,2021-12-29,4,7,1079.93,432.0,False
317,5969,2021-09-28,4,8,759.92,304.0,True
317,5440,2021-03-11,2,5,124.5,49.8,False
317,7185,2020-12-25,1,3,59.97,24.0,False
317,408,2020-10-26,3,6,549.76,219.92,False
317,9767,2020-08-03,1,2,99.98,40.0,False
317,4787,2020-03-22,2,6,1019.67,407.88,False
318,14812,2025-10-09,2,4,569.69,227.88,False
318,7920,2025-09-16,4,5,629.86,251.96,True
318,5479,2025-04-30,1,3,389.7,155.88,False
318,6132,2025-03-29,3,5,464.5,185.8,False
318,4015,2025-01-18,2,4,249.96,100.0,True
318,6077,2024-09-05,3,5,514.95,206.0,False
318,2560,2024-07-18,3,5,619.86,247.96,False
318,1438,2024-05-29,3,6,319.94,128.0,False
318,14657,2024-03-24,3,8,1189.92,476.0,False
318,14793,2023-11-06,2,4,339.6,135.84,False
318,1308,2023-05-23,1,2,99.98,40.0,False
318,12289,2023-02-11,1,3,74.7,29.88,True
318,14845,2022-10-28,4,8,744.65,297.88,False
318,8458,2022-06-03,3,5,629.95,252.0,False
318,1483,2021-09-29,1,3,359.7,143.88,False
318,6165,2021-07-28,1,1,69.9,27.96,False
318,6405,2020-08-23,1,3,749.97,300.0,False
318,7131,2020-07-17,2,6,434.67,173.88,False
319,2254,2025-09-13,3,6,1009.94,404.0,False
319,7499,2025-03-25,3,8,621.65,248.68,False
319,8614,2025-01-01,3,6,214.94,86.0,True
319,3550,2024-12-24,2,4,439.78,175.92,False
319,1201,2024-03-17,1,2,299.98,120.0,False
319,8743,2024-02-21,3,6,1029.94,412.0,False
319,2436,2023-08-28,2,4,277.96,111.2,False
319,965,2023-03-29,3,5,619.68,247.88,False
319,4171,2022-10-21,2,4,379.96,152.0,False
319,14494,2022-08-17,4,7,1509.75,603.92,False
319,5852,2022-07-18,1,1,159.99,64.0,False
319,10243,2022-04-01,2,2,269.98,108.0,False
319,11958,2022-02-01,2,3,539.88,215.96,False
319,13843,2021-08-03,4,9,1589.55,635.84,False
319,7954,2021-07-19,3,7,829.66,331.88,False
319,12120,2021-05-01,4,10,1034.54,413.84,False
319,12243,2021-02-10,3,5,259.95,104.0,False
319,6569,2021-01-05,1,2,99.98,40.0,False
319,8944,2020-11-16,1,2,399.98,160.0,False
319,11749,2020-08-11,3,8,1359.92,544.0,False
319,13169,2020-04-26,2,5,569.68,227.88,False
319,6826,2020-03-31,3,5,319.95,128.0,False
319,6114,2020-01-04,1,3,389.7,155.88,False
320,3803,2025-09-25,2,3,179.7,71.88,False
320,8438,2025-07-17,3,8,349.65,139.88,False
320,6019,2025-07-07,2,2,49.8,19.92,False
320,7044,2025-06-17,4,8,979.92,392.0,False
320,12875,2025-02-11,2,5,779.95,312.0,False
320,3026,2024-10-23,2,4,629.96,252.0,False
320,11369,2023-05-06,4,7,404.66,161.88,False
320,10558,2023-04-08,4,5,419.59,167.84,False
320,6175,2023-03-22,2,2,59.98,24.0,False
320,14926,2022-11-16,1,2,79.8,31.92,False
320,12794,2022-07-27,3,6,454.85,181.96,False
320,14992,2022-05-20,1,3,1199.97,480.0,False
320,6153,2022-02-10,3,6,899.94,360.0,False
320,68,2022-01-17,4,8,819.74,327.92,False
320,12927,2021-07-30,3,7,399.75,159.92,False
320,5142,2021-03-26,4,5,609.86,243.96,False
320,12629,2021-03-17,2,6,359.94,144.0,False
320,12365,2020-09-27,3,6,1069.85,427.96,False
320,11847,2020-05-19,3,6,809.85,323.96,True
321,8231,2025-11-19,1,1,189.99,76.0,False
321,9216,2025-08-03,2,6,749.94,300.0,False
321,10060,2025-05-02,3,7,499.66,199.88,True
321,2800,2025-03-15,1,1,39.9,15.96,False
321,1095,2024-10-25,1,3,149.97,60.0,False
321,7065,2023-09-26,2,5,969.95,388.0,False
321,9482,2023-07-12,1,2,379.98,152.0,False
321,10226,2023-03-04,1,1,69.9,27.96,False
321,10891,2023-02-24,2,4,294.96,118.0,False
321,9090,2023-01-31,4,5,474.86,189.96,False
321,1908,2022-10-09,4,5,294.77,117.92,False
321,5892,2022-03-31,4,7,1539.75,615.92,False
321,12242,2021-03-27,4,10,1839.72,735.92,False
321,4288,2021-03-09,1,2,159.98,64.0,False
321,13456,2020-11-11,3,3,524.97,210.0,False
321,7567,2020-03-07,4,6,1249.49,499.8,False
321,6963,2020-02-02,3,8,1099.47,439.8,False
321,11464,2020-01-06,4,9,1169.73,467.92,True
322,12457,2025-08-15,2,3,439.97,176.0,False
322,7066,2025-05-27,2,3,369.97,148.0,False
322,7703,2024-12-27,3,3,769.97,308.0,False
322,10933,2024-12-27,4,11,997.89,399.2,True
322,5258,2024-12-12,4,5,584.86,233.96,False
322,6510,2024-09-30,3,4,329.96,132.0,False
322,3636,2024-05-22,1,2,51.98,20.8,False
322,13823,2024-04-21,4,10,1199.9,480.0,True
322,10275,2024-01-16,1,3,749.97,300.0,False
322,7989,2023-06-20,3,4,759.87,303.96,False
322,104,2023-05-29,3,5,909.77,363.92,True
322,11044,2023-04-28,3,7,649.75,259.92,False
322,11712,2023-04-10,3,9,989.91,396.0,True
322,2893,2022-12-05,1,3,74.97,30.0,False
322,1030,2022-11-05,3,4,439.78,175.92,False
322,11936,2022-05-24,4,10,849.54,339.84,False
322,7820,2022-02-09,1,2,119.98,48.0,False
322,10678,2021-06-24,4,6,879.85,351.96,False
322,230,2020-07-18,3,6,669.67,267.88,False
322,6504,2020-02-08,2,6,959.94,384.0,False
323,10725,2025-06-13,2,2,89.98,36.0,False
323,7673,2024-07-31,2,3,649.97,260.0,False
323,694,2024-07-30,4,6,645.76,258.32,False
323,3083,2024-05-28,3,7,549.3,219.72,False
323,14253,2024-02-24,3,5,669.95,268.0,False
323,14053,2023-11-20,4,9,1589.91,636.0,False
323,6435,2023-09-26,4,7,409.75,163.92,True
323,922,2023-09-10,3,6,514.85,205.96,True
323,14573,2023-09-10,1,1,59.99,24.0,False
323,3765,2023-06-24,2,6,359.94,144.0,False
323,4188,2022-11-05,3,9,1094.91,438.0,False
323,5025,2022-09-03,4,9,1359.91,544.0,False
323,5560,2022-05-21,1,1,399.99,160.0,False
323,13430,2021-12-31,1,3,77.97,31.2,False
323,1694,2021-12-18,4,10,1089.9,436.0,False
323,7016,2021-11-28,3,7,2249.93,900.0,False
323,7661,2021-11-21,1,1,24.9,9.96,False
323,5655,2021-08-15,1,3,59.97,24.0,False
323,1542,2021-08-08,1,2,259.98,104.0,False
323,13394,2021-07-02,3,7,1209.48,483.8,False
323,6055,2020-12-29,2,4,594.87,237.96,False
323,7307,2020-12-04,4,8,789.83,315.96,False
323,2079,2020-08-27,2,5,619.95,248.0,True
323,1496,2020-05-10,2,4,659.78,263.92,False
323,87,2020-01-13,1,1,99.99,40.0,False
324,6759,2025-12-08,2,5,179.68,71.88,False
324,3468,2025-11-17,4,8,789.74,315.92,False
324,2833,2024-12-11,2,5,169.77,67.92,False
324,9201,2024-07-26,4,5,689.77,275.92,True
324,13635,2024-03-04,3,5,479.95,192.0,False
324,1564,2024-02-27,4,9,944.46,377.8,False
324,2120,2023-03-05,1,2,199.98,80.0,False
324,14545,2022-10-30,2,4,459.96,184.0,False
324,9460,2022-08-05,4,9,489.91,196.0,False
324,5131,2021-12-04,4,9,1389.91,556.0,False
324,891,2021-10-21,1,1,99.9,39.96,False
324,4203,2021-07-09,4,6,589.67,235.88,True
324,134,2021-05-04,3,5,669.86,267.96,False
324,7129,2021-03-02,1,1,39.9,15.96,False
324,3786,2021-02-04,3,7,869.48,347.8,False
324,10917,2020-10-13,1,1,49.99,20.0,False
324,1636,2020-08-16,2,2,84.89,33.96,False
324,10715,2020-07-14,1,3,74.97,30.0,False
324,317,2020-06-05,1,1,29.99,12.0,False
325,11614,2025-07-30,2,2,175.98,70.4,False
325,5000,2025-01-03,1,3,179.97,72.0,False
325,11567,2024-04-14,4,11,1979.62,791.88,False
325,5068,2024-02-27,4,6,599.85,239.96,False
325,14427,2023-12-10,3,3,419.97,168.0,False
325,13841,2023-10-31,4,10,674.63,269.88,False
325,3824,2023-10-23,2,5,1199.68,479.88,True
325,13812,2023-08-03,3,7,759.93,304.0,True
325,4124,2023-06-01,3,7,539.93,216.0,False
325,6488,2023-02-24,3,5,594.86,237.96,False
325,770,2022-09-18,2,2,599.98,240.0,False
325,12424,2022-08-22,1,2,109.8,43.92,False
325,8838,2022-08-02,1,1,89.99,36.0,False
325,14515,2022-02-12,2,4,359.78,143.92,False
325,1163,2021-10-10,1,2,199.98,80.0,False
325,2403,2021-09-02,4,8,1109.92,444.0,False
325,1739,2021-08-18,1,1,49.9,19.96,True
325,9908,2021-08-15,4,11,1009.44,403.8,True
325,777,2021-05-04,4,7,537.75,215.12,False
325,13472,2020-12-20,2,2,169.89,67.96,False
325,885,2020-09-29,2,4,359.87,143.96,False
325,6289,2020-06-19,4,7,819.57,327.84,False
325,7672,2020-01-16,2,2,249.89,99.96,False
326,12544,2025-06-20,3,6,299.85,119.96,False
326,1839,2025-06-11,3,5,799.95,320.0,False
326,5350,2025-04-23,1,2,699.98,280.0,False
326,12672,2025-02-08,1,1,59.99,24.0,False
326,7558,2024-12-30,4,7,699.39,279.76,False
326,513,2024-07-11,1,3,389.7,155.88,False
326,11733,2024-04-27,4,6,299.49,119.8,False
326,4193,2024-03-07,2,5,859.95,344.0,False
326,6813,2024-02-25,2,5,689.68,275.88,False
326,2731,2023-12-02,4,7,1059.93,424.0,False
326,3916,2023-09-11,1,1,349.99,140.0,False
326,12948,2022-12-25,3,9,1394.91,558.0,False
326,13981,2022-11-17,4,7,889.66,355.88,False
326,9228,2022-01-31,1,2,79.98,32.0,False
326,14319,2021-06-27,2,6,1049.67,419.88,False
326,1797,2021-06-22,3,9,809.64,323.88,False
326,2996,2021-06-01,1,2,69.98,28.0,False
326,14101,2021-04-03,1,3,149.97,60.0,False
326,14153,2021-01-29,3,6,329.76,131.92,False
326,2573,2020-09-25,2,2,129.98,52.0,False
326,135,2020-01-04,2,2,209.89,83.96,False
327,415,2025-06-06,2,5,599.68,239.88,False
327,4126,2025-05-01,3,6,974.94,390.0,False
327,5520,2025-01-04,2,4,289.78,115.92,True
327,5294,2024-06-19,3,5,329.68,131.88,False
327,14315,2024-05-22,1,1,34.99,14.0,False
327,13725,2024-02-04,2,6,449.94,180.0,False
327,3540,2023-10-06,2,2,249.89,99.96,True
327,3621,2023-06-29,4,7,1124.84,449.96,False
327,2806,2023-06-02,3,6,539.76,215.92,False
327,6693,2022-08-17,3,5,649.86,259.96,False
327,5803,2021-12-02,3,8,684.47,273.8,True
327,12852,2021-08-02,2,4,539.78,215.92,False
327,11048,2021-07-23,4,10,1424.81,569.96,False
327,11179,2021-07-18,3,8,189.65,75.88,False
327,12874,2021-06-12,2,4,499.78,199.92,False
327,3367,2021-02-16,4,8,829.65,331.88,False
327,3566,2020-12-26,3,3,164.88,65.96,False
327,14250,2020-08-23,4,5,549.95,220.0,False
327,6627,2020-05-26,3,6,739.76,295.92,False
327,7106,2020-03-06,1,3,179.97,72.0,False
328,248,2025-06-18,3,7,999.93,400.0,True
328,4845,2025-05-02,4,10,1569.72,627.92,False
328,2497,2025-04-19,3,7,779.93,312.0,False
328,7772,2024-09-13,3,6,939.67,375.88,False
328,5310,2024-06-14,3,3,224.7,89.88,True
328,8374,2024-04-02,3,8,2119.92,848.0,False
328,2685,2023-11-03,2,3,204.88,81.96,False
328,8295,2023-02-09,3,7,654.66,261.88,False
328,10623,2023-01-08,1,3,209.97,84.0,False
328,9193,2022-11-26,4,10,1259.36,503.76,True
328,8284,2022-11-20,3,5,464.86,185.96,False
328,12493,2022-06-07,1,1,54.9,21.96,False
328,4399,2022-02-10,4,9,969.19,387.68,True
328,2124,2021-07-02,4,7,484.84,193.96,False
328,8557,2020-11-13,3,4,249.87,99.96,True
328,3748,2020-10-05,4,6,1519.94,608.0,False
328,6336,2020-06-25,2,4,209.87,83.96,False
328,10886,2020-04-28,4,10,944.63,377.88,False
328,1059,2020-03-13,3,7,1239.84,495.96,True
328,13922,2020-03-13,3,6,819.85,327.96,False
329,454,2025-10-31,2,4,459.78,183.92,False
329,10257,2025-06-16,2,2,219.89,87.96,False
329,12035,2024-12-04,1,2,259.8,103.92,True
329,11538,2024-10-08,1,1,79.99,32.0,False
329,1849,2024-07-05,2,4,264.69,105.88,False
329,9679,2024-01-10,4,7,804.93,322.0,False
329,13474,2023-12-05,2,3,799.88,319.96,False
329,14501,2023-03-07,4,7,485.84,194.36,False
329,12426,2023-02-07,4,8,1039.74,415.92,False
329,13111,2022-09-17,1,3,59.97,24.0,False
329,3551,2022-08-05,1,3,299.7,119.88,False
329,5334,2021-10-18,1,1,59.99,24.0,True
329,5882,2021-09-24,1,1,89.9,35.96,False
329,400,2021-04-05,3,5,369.77,147.92,False
329,6623,2020-06-06,2,4,409.96,164.0,False
329,6299,2020-04-02,3,7,249.66,99.88,False
330,11755,2025-10-22,1,1,89.99,36.0,False
330,14516,2025-09-11,1,1,49.9,19.96,False
330,10131,2025-08-04,4,7,689.75,275.92,False
330,6216,2024-09-11,2,5,419.95,168.0,False
330,6816,2024-08-27,4,8,444.92,178.0,False
330,4925,2024-08-02,2,6,509.4,203.76,False
330,2062,2024-05-01,4,9,1659.91,664.0,False
330,10585,2024-04-24,1,3,1049.97,420.0,False
330,10821,2024-01-10,2,4,419.78,167.92,False
330,2169,2023-07-02,4,5,529.68,211.88,False
330,2767,2022-11-03,2,3,509.97,204.0,True
330,5189,2022-03-18,2,5,659.95,264.0,False
330,14040,2022-03-17,2,4,599.96,240.0,False
330,6136,2021-11-11,2,4,259.78,103.92,False
330,10729,2021-08-27,4,12,1529.61,611.88,True
330,13406,2021-06-01,4,7,469.93,188.0,True
330,12413,2021-04-25,3,9,2249.91,900.0,True
330,10763,2020-09-17,1,3,239.97,96.0,False
330,9501,2020-08-21,4,8,619.92,248.0,False
330,10297,2020-07-16,2,5,429.68,171.88,False
330,8631,2020-03-10,1,2,259.8,103.92,False
331,3775,2025-11-10,2,2,114.89,45.96,False
331,13526,2025-08-10,3,5,589.95,236.0,True
331,11113,2025-06-06,2,5,349.77,139.92,False
331,11333,2025-04-23,4,9,1829.91,732.0,False
331,11812,2025-01-19,3,8,659.74,263.92,True
331,14351,2024-11-03,2,4,679.96,272.0,False
331,1265,2024-07-26,3,4,825.78,330.32,False
331,7003,2024-07-09,2,3,99.97,40.0,False
331,14242,2023-12-05,3,8,559.65,223.88,False
331,10016,2023-11-12,4,9,1789.91,716.0,False
331,10324,2023-10-29,4,9,1449.64,579.88,True
331,3297,2023-04-24,3,5,229.95,92.0,False
331,6329,2023-04-02,4,9,657.91,263.2,False
331,2031,2023-03-09,4,9,944.55,377.84,False
331,8102,2023-03-05,4,5,1089.86,435.96,True
331,11739,2022-11-11,2,5,679.95,272.0,False
331,8525,2022-08-25,2,3,409.97,164.0,False
331,10435,2022-02-02,4,9,609.55,243.84,False
331,14805,2021-09-15,3,7,414.93,166.0,False
331,704,2021-03-10,4,8,859.56,343.84,False
331,2412,2021-02-15,1,1,49.99,20.0,False
331,6545,2020-12-04,4,8,749.92,300.0,False
331,12434,2020-06-17,2,2,129.89,51.96,False
331,14367,2020-05-12,1,1,89.99,36.0,False
331,267,2020-02-08,2,4,259.78,103.92,False
332,1277,2025-11-06,1,2,119.98,48.0,False
332,679,2025-06-25,2,2,249.8,99.92,False
332,14160,2025-04-08,4,7,399.93,160.0,True
332,11480,2025-03-15,4,7,815.66,326.28,False
332,7467,2024-08-17,4,8,1269.65,507.88,False
332,14562,2024-07-01,3,8,1169.65,467.88,False
332,1511,2023-10-16,2,4,137.96,55.2,False
332,1360,2023-08-22,4,7,339.84,135.96,True
332,9189,2023-06-15,1,1,24.99,10.0,False
332,12783,2023-03-28,4,12,824.34,329.76,False
332,13846,2022-07-28,3,7,1039.57,415.84,False
332,2878,2022-02-04,1,2,39.98,16.0,False
332,1725,2021-09-24,3,7,439.75,175.92,False
332,4190,2021-09-09,1,3,389.7,155.88,False
332,620,2021-05-07,1,1,79.99,32.0,False
332,14650,2021-05-05,4,5,669.86,267.96,False
332,4113,2020-12-20,4,7,769.75,307.92,False
332,1613,2020-12-12,2,5,231.95,92.8,False
332,4078,2020-03-05,4,9,2129.73,851.92,False
333,13519,2025-12-30,1,2,79.98,32.0,False
333,3823,2025-11-28,2,4,189.96,76.0,False
333,13653,2025-05-26,1,1,49.99,20.0,False
333,9097,2024-12-12,2,6,869.94,348.0,False
333,10175,2024-10-23,1,3,479.97,192.0,False
333,9397,2024-08-01,2,2,185.98,74.4,False
333,9950,2024-07-09,2,4,419.6,167.84,False
333,2347,2023-10-30,3,7,549.75,219.92,False
333,9585,2023-09-02,3,5,639.59,255.84,False
333,13016,2023-08-20,3,5,529.95,212.0,False
333,4741,2023-07-20,3,5,344.68,137.88,False
333,10403,2023-06-25,4,10,999.9,400.0,False
333,4154,2023-04-09,3,5,244.77,97.92,False
333,4483,2023-01-02,3,9,809.64,323.88,False
333,2179,2022-10-02,2,6,539.4,215.76,False
333,5012,2022-06-05,3,3,479.97,192.0,False
333,6135,2021-11-06,2,3,309.97,124.0,False
333,651,2021-06-07,3,4,314.87,125.96,False
333,6478,2020-12-23,4,11,1159.71,463.92,True
333,9375,2020-12-01,3,5,414.59,165.84,False
333,10865,2020-11-24,1,3,299.7,119.88,False
333,13245,2020-09-19,1,3,77.97,31.2,False
333,91,2020-02-23,4,8,389.92,156.0,False
334,8139,2025-09-28,3,7,1879.75,751.92,False
334,6576,2025-05-26,2,5,1089.95,436.0,False
334,8954,2025-04-15,2,5,184.95,74.0,False
334,5505,2025-01-09,4,9,394.73,157.92,False
334,12017,2024-12-08,3,8,769.65,307.88,False
334,6106,2024-11-24,4,12,1169.61,467.88,False
334,3836,2024-09-24,2,3,389.88,155.96,False
334,10239,2024-08-16,3,7,669.48,267.8,False
334,6678,2023-11-26,2,4,1179.96,472.0,False
334,5527,2023-10-30,4,8,679.74,271.92,False
334,10171,2023-03-31,2,5,404.5,161.8,False
334,1359,2022-09-22,1,2,199.8,79.92,False
334,2970,2022-05-31,1,2,79.8,31.92,False
334,1565,2021-10-01,2,4,499.69,199.88,True
334,1413,2021-03-29,3,9,719.64,287.88,False
334,333,2020-11-23,1,2,79.98,32.0,False
334,11588,2020-07-13,2,5,674.68,269.88,False
334,7108,2020-06-17,1,2,119.98,48.0,False
334,11746,2020-04-22,2,5,989.95,396.0,False
335,9512,2025-11-07,2,2,479.89,191.96,True
335,870,2025-07-02,4,9,1134.64,453.88,False
335,14945,2025-05-30,2,4,439.78,175.92,False
335,12655,2025-05-21,1,3,59.97,24.0,False
335,6130,2025-03-13,2,4,609.69,243.88,False
335,6489,2025-01-06,1,3,179.97,72.0,False
335,12813,2024-09-22,2,5,499.5,199.8,True
335,5121,2024-05-30,1,1,399.99,160.0,False
335,3910,2024-05-10,1,1,129.99,52.0,False
335,5173,2024-02-02,4,6,1081.94,432.8,False
335,4565,2023-04-09,4,11,2139.89,856.0,False
335,4895,2023-02-03,2,5,449.95,180.0,True
335,10620,2022-10-06,4,9,1189.55,475.84,True
335,12458,2022-06-23,1,3,389.97,156.0,False
335,8196,2022-06-06,2,5,299.95,120.0,False
335,9621,2022-01-14,1,3,164.7,65.88,False
335,8652,2021-12-18,4,9,391.55,156.64,False
335,11779,2021-12-14,1,1,19.99,8.0,False
335,6365,2021-07-14,3,4,329.87,131.96,False
335,6758,2021-05-08,2,4,279.87,111.96,False
335,14950,2021-02-24,1,1,149.99,60.0,False
335,10671,2020-12-15,2,4,439.78,175.92,False
335,384,2020-12-05,4,8,581.65,232.68,False
335,924,2020-11-11,3,6,789.94,316.0,False
335,2285,2020-01-11,3,6,559.76,223.92,False
336,1237,2025-10-16,4,7,302.75,121.12,False
336,1055,2025-03-25,3,5,484.86,193.96,False
336,6048,2023-08-30,4,8,359.92,144.0,False
336,1782,2023-08-14,4,8,559.29,223.72,True
336,1312,2023-06-01,4,11,389.71,155.92,False
336,3541,2022-12-13,2,4,539.6,215.84,True
336,12436,2022-12-05,4,11,1279.35,511.76,False
336,2068,2022-11-02,4,9,1079.82,431.96,False
336,13018,2022-06-23,2,5,599.95,240.0,False
336,5059,2022-04-16,4,8,731.83,292.76,True
336,8903,2022-04-06,4,7,484.57,193.84,False
336,11867,2021-11-25,2,3,99.88,39.96,False
336,12633,2021-04-13,4,9,949.64,379.88,False
336,13486,2020-08-19,3,5,1389.95,556.0,False
337,13034,2025-09-17,3,8,1289.92,516.0,False
337,1386,2025-09-13,1,1,49.99,20.0,False
337,4855,2024-12-10,4,9,1314.28,525.72,False
337,588,2024-09-21,4,10,1679.72,671.92,False
337,14009,2024-07-29,2,4,1169.96,468.0,False
337,6602,2024-01-28,4,7,969.93,388.0,True
337,8850,2024-01-09,2,3,199.88,79.96,True
337,6715,2023-05-09,1,2,299.98,120.0,False
337,6892,2023-03-06,4,7,1309.84,523.96,False
337,11195,2022-03-16,2,4,1099.96,440.0,False
337,8699,2021-12-29,3,6,749.67,299.88,False
337,7870,2021-05-28,4,8,619.47,247.8,False
337,6129,2021-04-13,3,4,164.87,65.96,False
337,11656,2021-01-07,2,2,229.8,91.92,False
337,4668,2020-12-29,3,7,509.66,203.88,False
337,11274,2020-06-15,2,4,279.69,111.88,False
337,14844,2020-05-13,2,5,479.95,192.0,False
337,12076,2020-04-30,1,3,359.7,143.88,False
337,7719,2020-04-10,4,7,919.93,368.0,False
337,11849,2020-01-24,4,8,1024.56,409.84,False
338,12486,2025-06-04,4,5,324.86,129.96,False
338,11980,2025-01-29,1,1,149.99,60.0,False
338,14868,2024-11-25,4,8,1359.83,543.96,False
338,9962,2024-08-29,3,6,434.4,173.76,False
338,5379,2023-10-25,3,5,739.95,296.0,False
338,2377,2023-04-12,1,2,99.8,39.92,False
338,5604,2023-03-20,3,5,731.95,292.8,False
338,12232,2022-10-25,1,2,139.98,56.0,False
338,1295,2022-03-03,3,5,509.95,204.0,False
338,7423,2022-01-11,2,3,625.97,250.4,False
338,14359,2022-01-01,2,3,449.79,179.92,False
338,8186,2021-11-10,2,3,269.79,107.92,False
338,7755,2021-11-02,4,8,784.65,313.88,False
338,13497,2021-09-17,4,9,1159.73,463.92,False
338,3457,2021-06-26,2,2,279.89,111.96,False
338,11833,2021-04-11,4,10,1421.9,568.8,False
338,8451,2021-01-24,4,8,1109.74,443.92,True
338,13956,2020-09-10,3,5,1019.77,407.92,True
338,2696,2020-06-08,4,7,879.66,351.88,False
338,2402,2020-01-02,1,1,79.99,32.0,False
339,14338,2025-10-24,4,7,599.66,239.88,False
339,1497,2025-09-19,2,4,779.96,312.0,False
339,8246,2025-08-26,2,2,169.89,67.96,False
339,8010,2025-08-06,3,8,359.65,143.88,False
339,7914,2025-02-23,1,3,119.97,48.0,True
339,4639,2024-11-04,2,2,439.89,175.96,False
339,10479,2024-09-29,3,4,919.87,367.96,False
339,7847,2024-07-25,3,6,499.94,200.0,False
339,1774,2024-06-17,1,2,39.98,16.0,False
339,13882,2024-03-18,3,5,174.86,69.96,False
339,6732,2023-07-27,2,4,1059.96,424.0,False
339,9805,2023-05-08,2,4,119.78,47.92,False
339,7603,2022-11-29,1,3,599.7,239.88,False
339,4782,2022-10-05,4,7,1099.57,439.84,False
339,4178,2022-09-24,1,3,479.97,192.0,False
339,6118,2022-05-27,2,5,799.95,320.0,False
339,12804,2022-03-22,1,3,74.97,30.0,False
339,10082,2021-12-29,2,6,479.67,191.88,False
339,12042,2021-12-19,3,8,899.92,360.0,False
339,12935,2021-12-14,3,9,779.64,311.88,False
339,1402,2021-10-10,3,4,459.78,183.92,False
339,14628,2021-04-14,1,2,69.98,28.0,False
339,8702,2021-03-07,2,5,659.95,264.0,True
339,10394,2021-02-15,3,5,559.86,223.96,False
339,5999,2020-10-15,4,10,1359.9,544.0,False
339,5989,2020-08-30,2,4,349.96,140.0,False
339,7950,2020-08-15,4,7,939.93,376.0,True
339,13559,2020-06-04,3,4,619.96,248.0,False
340,1684,2025-05-27,2,5,1349.95,540.0,False
340,14066,2025-03-25,2,5,629.5,251.8,True
340,13192,2025-02-05,3,8,899.92,360.0,False
340,3288,2024-12-31,3,6,769.49,307.8,True
340,11223,2024-07-19,2,4,289.96,116.0,False
340,11998,2022-09-08,4,9,1399.91,560.0,True
340,4913,2021-02-11,3,4,659.69,263.88,False
340,13742,2020-09-15,4,8,1509.74,603.92,False
340,11354,2020-09-11,1,2,599.98,240.0,False
340,13520,2020-07-14,1,3,209.7,83.88,False
340,7770,2020-04-27,3,6,289.94,116.0,False
340,2876,2020-03-09,1,3,1049.97,420.0,False
340,7890,2020-01-14,2,2,115.98,46.4,False
341,2010,2025-03-29,1,1,79.99,32.0,False
341,7243,2024-08-05,2,3,325.79,130.32,False
341,10560,2024-07-16,4,8,779.65,311.88,False
341,4661,2024-07-13,1,3,299.97,120.0,False
341,12618,2024-05-29,2,5,819.68,327.88,False
341,6965,2024-05-18,2,5,879.68,351.88,False
341,4391,2024-02-18,3,7,839.66,335.88,False
341,2045,2024-01-25,4,7,1639.93,656.0,False
341,9498,2023-07-25,2,4,829.96,332.0,False
341,12228,2023-01-10,3,6,1009.94,404.0,False
341,7074,2022-12-31,2,6,989.94,396.0,False
341,613,2022-07-13,3,4,309.69,123.88,False
341,5089,2022-05-15,3,5,489.68,195.88,False
341,3930,2022-04-25,3,5,339.77,135.92,False
341,7946,2021-10-20,4,8,679.65,271.88,False
341,13556,2021-08-31,2,5,379.77,151.92,False
341,10641,2021-04-29,3,6,479.85,191.96,False
341,13928,2020-08-19,2,3,499.7,199.88,False
341,3322,2020-06-28,2,5,364.5,145.8,False
342,12658,2025-10-31,4,5,619.95,248.0,False
342,3353,2025-09-19,2,4,194.69,77.88,False
342,10032,2025-08-06,1,2,799.98,320.0,False
342,5923,2025-07-15,3,7,769.48,307.8,False
342,7900,2025-03-28,3,6,549.94,220.0,True
342,10316,2024-12-21,1,2,319.98,128.0,False
342,3142,2024-11-23,4,10,1529.63,611.88,False
342,1519,2024-10-28,3,5,239.95,96.0,True
342,12862,2024-04-29,2,5,1279.95,512.0,False
342,6862,2024-01-23,4,8,869.65,347.88,True
342,6073,2023-10-05,3,5,679.59,271.84,False
342,10771,2023-09-05,2,4,1199.96,480.0,False
342,11809,2023-07-07,3,4,529.96,212.0,False
342,9369,2023-03-11,4,7,539.93,216.0,False
342,4409,2022-09-20,4,6,684.58,273.84,True
342,9315,2022-07-04,2,4,219.96,88.0,False
342,3462,2022-02-20,4,8,424.74,169.92,False
342,4220,2021-12-03,4,8,679.74,271.92,True
342,11950,2021-07-19,3,6,794.94,318.0,False
342,9145,2021-07-16,4,7,1024.66,409.88,False
342,8919,2021-04-19,2,2,425.98,170.4,False
342,9371,2021-01-01,4,5,375.77,150.32,False
342,8421,2020-10-02,3,6,509.94,204.0,False
342,8814,2020-09-27,3,7,729.93,292.0,True
342,2583,2020-04-26,3,7,699.93,280.0,False
343,512,2025-11-14,3,6,679.76,271.92,False
343,4423,2025-10-12,4,7,935.66,374.28,True
343,14337,2025-06-15,1,1,89.99,36.0,False
343,6011,2025-03-18,2,3,519.7,207.88,False
343,9354,2024-11-02,1,3,749.97,300.0,False
343,10847,2024-09-08,1,1,149.99,60.0,False
343,1838,2024-08-07,3,9,1589.64,635.88,False
343,169,2024-08-01,3,7,779.66,311.88,False
343,6781,2024-06-12,3,5,399.77,159.92,True
343,2861,2024-05-27,1,1,199.9,79.96,False
343,12292,2024-03-24,1,1,299.99,120.0,False
343,11134,2023-12-04,4,10,2299.54,919.84,False
343,1700,2023-09-24,3,6,1439.67,575.88,False
343,7409,2022-10-29,4,7,207.75,83.12,False
343,4353,2022-09-19,4,7,444.48,177.8,False
343,335,2022-05-13,4,7,729.84,291.96,False
343,4544,2022-05-03,1,1,159.99,64.0,False
343,13270,2022-04-29,4,8,1149.92,460.0,False
343,9123,2022-01-19,3,5,424.5,169.8,True
343,2262,2021-12-05,4,8,909.56,363.84,False
343,10179,2021-08-21,2,2,209.89,83.96,False
343,6388,2021-07-18,4,8,1129.92,452.0,False
343,5423,2021-05-24,2,4,789.87,315.96,False
343,1517,2021-05-02,3,6,389.94,156.0,True
343,3068,2021-04-15,3,8,789.92,316.0,False
343,12775,2021-03-12,4,8,719.65,287.88,False
343,13149,2021-02-01,4,6,989.67,395.88,False
343,10074,2020-10-29,3,3,499.88,199.96,False
343,6497,2020-08-23,4,7,1199.93,480.0,False
343,13066,2020-07-18,3,6,289.85,115.96,False
344,3170,2025-06-28,1,3,389.7,155.88,False
344,11181,2025-04-25,3,4,539.6,215.84,False
344,9984,2025-04-01,4,8,799.65,319.88,False
344,12108,2025-03-13,3,6,419.67,167.88,False
344,2752,2025-02-27,4,10,1129.9,452.0,False
344,6044,2024-11-05,1,2,159.98,64.0,False
344,3111,2024-10-21,4,9,1689.73,675.92,False
344,469,2024-01-21,2,6,779.94,312.0,False
344,13889,2023-09-22,4,9,609.91,244.0,False
344,8470,2023-08-28,1,1,249.99,100.0,False
344,12480,2023-01-05,1,1,24.9,9.96,False
344,4828,2022-02-22,3,5,1379.86,551.96,False
344,10096,2021-07-10,3,8,559.92,224.0,False
344,5122,2020-10-29,2,3,619.88,247.96,False
344,7481,2020-10-19,4,9,974.46,389.8,False
344,5313,2020-09-01,4,6,749.94,300.0,False
344,4971,2020-03-17,2,3,265.97,106.4,False
345,8622,2025-11-17,4,11,1464.08,585.64,False
345,7707,2025-10-24,1,2,299.98,120.0,False
345,1107,2025-05-04,4,10,1849.63,739.88,False
345,5416,2024-07-08,1,2,499.98,200.0,False
345,1171,2024-04-10,3,7,909.93,364.0,False
345,13358,2024-02-02,2,4,489.69,195.88,False
345,14640,2023-11-07,1,1,99.9,39.96,False
345,10345,2023-09-26,4,10,1114.63,445.88,False
345,235,2023-08-16,3,5,499.95,200.0,False
345,9472,2022-12-17,1,3,1049.97,420.0,False
345,9344,2022-09-30,1,1,399.99,160.0,False
345,1096,2022-09-15,4,6,969.94,388.0,False
345,2252,2022-07-29,2,3,239.97,96.0,False
345,2012,2022-06-17,2,3,269.97,108.0,False
345,9233,2022-06-10,3,7,509.66,203.88,True
345,9553,2022-01-29,2,3,134.7,53.88,False
345,2692,2022-01-14,1,1,299.99,120.0,False
345,14937,2021-07-08,1,2,499.98,200.0,False
345,9647,2021-04-13,3,3,319.88,127.96,False
345,421,2021-02-08,4,6,809.94,324.0,False
345,653,2020-03-06,4,7,649.57,259.84,True
345,7835,2020-02-13,2,4,639.78,255.92,False
346,14362,2025-11-10,4,9,839.73,335.92,True
346,354,2025-10-03,2,3,184.97,74.0,False
346,1233,2025-02-11,4,8,924.65,369.88,False
346,13966,2024-04-13,1,2,299.98,120.0,False
346,6950,2023-08-08,4,6,1129.85,451.96,True
346,5880,2023-07-30,2,4,789.87,315.96,False
346,11172,2023-06-15,1,1,19.99,8.0,False
346,2277,2022-08-20,3,7,1105.93,442.4,False
346,11531,2022-04-20,3,6,249.94,100.0,False
346,7101,2021-11-16,4,7,809.93,324.0,False
346,7715,2021-10-24,1,1,149.9,59.96,False
346,2924,2021-09-27,4,10,1249.54,499.84,False
346,12726,2021-07-10,2,3,209.88,83.96,False
346,6594,2021-05-28,2,4,175.69,70.28,True
346,6942,2021-03-01,1,1,29.99,12.0,False
346,1261,2020-10-11,3,4,279.78,111.92,True
346,9944,2020-10-10,4,7,949.84,379.96,False
346,12369,2020-10-01,2,4,439.96,176.0,True
346,14358,2020-09-04,4,6,479.49,191.8,False
346,1342,2020-05-30,4,7,1559.66,623.88,False
346,5647,2020-01-18,3,5,704.95,282.0,False
347,10887,2025-12-11,3,7,297.84,119.16,False
347,5940,2025-11-24,4,9,1589.91,636.0,True
347,2992,2024-11-29,3,5,509.59,203.84,False
347,2057,2024-10-27,3,5,599.77,239.92,False
347,6946,2024-10-09,3,4,434.69,173.88,False
347,10562,2024-09-26,2,4,679.96,272.0,False
347,1331,2024-08-23,2,2,105.98,42.4,False
347,10053,2024-08-12,2,3,259.88,103.96,True
347,13050,2024-07-15,3,7,837.93,335.2,True
347,11939,2024-04-17,2,4,229.87,91.96,False
347,11041,2024-03-23,2,3,134.88,53.96,False
347,7621,2024-03-19,3,4,399.78,159.92,False
347,696,2022-08-31,1,1,39.99,16.0,False
347,8664,2022-03-02,2,6,719.94,288.0,False
347,9335,2021-10-06,4,9,409.55,163.84,False
347,11727,2021-06-02,1,2,499.98,200.0,False
347,13923,2021-01-17,2,4,131.96,52.8,False
347,3271,2020-08-24,2,4,999.96,400.0,False
347,6345,2020-01-07,3,8,584.38,233.76,True
348,14965,2023-08-18,2,4,859.78,343.92,False
348,14554,2023-06-20,2,4,639.96,256.0,True
348,4304,2023-05-10,1,2,179.98,72.0,False
348,12710,2022-12-11,4,10,631.63,252.68,False
348,14134,2022-11-28,2,5,1449.95,580.0,False
348,6060,2022-07-20,3,7,1049.57,419.84,False
348,12547,2022-02-18,2,4,1199.96,480.0,False
348,4960,2021-12-11,1,3,539.97,216.0,False
348,10118,2021-11-13,2,3,319.97,128.0,False
348,6551,2021-09-01,4,7,279.39,111.76,False
348,5516,2021-06-21,2,4,129.87,51.96,False
348,2043,2020-12-30,4,8,1899.83,759.96,False
348,13379,2020-10-14,3,7,1189.66,475.88,True
348,9416,2020-06-27,1,1,19.99,8.0,False
348,7353,2020-01-13,1,1,49.99,20.0,False
349,13060,2025-12-22,4,10,659.9,264.0,False
349,813,2025-04-10,2,4,879.96,352.0,False
349,792,2025-03-04,1,1,69.9,27.96,False
349,5628,2024-09-04,4,5,389.95,156.0,False
349,6695,2023-01-11,3,7,1219.66,487.88,False
349,7866,2022-05-01,4,8,657.74,263.12,False
349,5611,2022-04-12,2,4,339.96,136.0,False
349,11100,2022-02-19,3,3,284.88,113.96,False
349,9667,2021-05-09,3,5,539.95,216.0,True
349,1917,2020-09-30,2,4,279.96,112.0,True
349,7026,2020-05-27,4,7,1057.93,423.2,False
349,7918,2020-01-22,3,7,809.75,323.92,False
350,12294,2024-08-20,3,5,809.77,323.92,False
350,8721,2024-03-31,3,7,529.75,211.92,False
350,582,2024-03-03,3,7,504.84,201.96,False
350,6945,2024-02-11,2,4,775.96,310.4,False
350,791,2024-02-05,1,1,24.9,9.96,False
350,9993,2024-01-23,2,4,89.96,36.0,False
350,11380,2023-11-28,1,3,1049.97,420.0,False
350,13185,2023-10-18,1,3,59.97,24.0,False
350,6154,2023-07-13,1,3,149.7,59.88,False
350,9162,2023-04-01,3,5,499.68,199.88,False
350,4635,2023-03-06,3,6,469.85,187.96,True
350,14050,2023-01-05,1,1,299.99,120.0,False
350,425,2022-12-24,2,3,294.79,117.92,False
350,2421,2022-12-13,3,6,719.4,287.76,False
350,14734,2022-11-25,1,3,119.7,47.88,False
350,834,2022-10-20,1,3,149.97,60.0,False
350,9503,2022-03-30,4,12,1289.34,515.76,False
350,5980,2022-03-27,4,6,359.76,143.92,False
350,12116,2021-09-15,2,3,549.7,219.88,False
350,9955,2021-06-27,4,6,709.85,283.96,False
350,13319,2021-02-26,1,1,159.99,64.0,False
350,313,2020-12-29,4,8,849.65,339.88,True
350,12137,2020-12-12,1,3,449.97,180.0,False
350,11562,2020-06-21,2,6,569.67,227.88,False
350,4421,2020-03-12,1,3,239.97,96.0,False
350,8848,2020-03-04,1,1,25.99,10.4,True
350,4858,2020-01-11,1,1,199.99,80.0,False
350,7596,2020-01-08,4,10,1919.9,768.0,False
351,11157,2025-08-29,3,3,359.97,144.0,False
351,5200,2025-01-03,1,2,79.98,32.0,False
351,11165,2024-08-24,3,9,1874.91,750.0,True
351,14919,2024-07-07,2,4,205.96,82.4,False
351,8137,2024-03-02,2,3,359.7,143.88,False
351,8263,2024-01-04,1,1,39.9,15.96,False
351,3028,2023-07-08,4,11,1429.62,571.88,False
351,11967,2023-07-04,2,4,147.87,59.16,False
351,8453,2023-04-23,1,3,299.7,119.88,True
351,5123,2022-08-14,1,3,389.97,156.0,False
351,6556,2022-08-01,2,5,439.95,176.0,False
351,13908,2022-03-30,4,8,949.65,379.88,False
351,7086,2022-01-30,2,4,639.96,256.0,False
351,6496,2021-11-27,1,3,164.7,65.88,False
351,8292,2021-09-26,3,8,1199.65,479.88,False
351,12170,2021-05-20,2,5,759.68,303.88,False
351,3167,2021-04-29,2,5,249.68,99.88,False
351,12593,2021-04-26,4,9,224.91,90.0,True
351,10570,2021-01-15,4,6,419.94,168.0,False
351,11624,2020-12-21,2,2,149.98,60.0,False
351,10670,2020-02-16,2,4,539.96,216.0,False
351,11822,2020-02-12,1,3,104.97,42.0,False
351,12473,2020-01-29,4,8,949.83,379.96,True
352,6321,2025-05-16,2,6,659.67,263.88,True
352,11102,2025-04-21,2,4,639.96,256.0,False
352,6736,2025-01-10,4,7,869.48,347.8,False
352,14889,2024-11-24,4,12,1559.61,623.88,True
352,5247,2024-09-01,3,4,339.69,135.88,False
352,13022,2023-09-25,3,7,919.84,367.96,False
352,2213,2023-04-20,2,3,229.7,91.88,True
352,3907,2023-03-28,1,3,239.97,96.0,False
352,9050,2023-02-25,1,3,299.97,120.0,False
352,5696,2023-02-24,4,5,424.86,169.96,False
352,214,2022-12-25,2,3,139.88,55.96,False
352,9969,2022-08-27,1,1,149.9,59.96,False
352,10827,2022-07-28,1,2,599.98,240.0,False
352,1984,2022-07-25,1,2,99.8,39.92,False
352,5044,2021-12-20,1,2,199.8,79.92,False
352,13216,2021-09-27,1,1,25.99,10.4,False
352,8971,2021-07-21,3,4,524.96,210.0,False
352,1162,2021-05-11,4,11,959.62,383.88,False
352,765,2021-05-03,3,8,1161.92,464.8,False
352,8725,2021-05-02,2,3,459.97,184.0,False
352,14757,2021-04-08,4,8,794.65,317.88,True
352,4248,2020-12-29,2,3,289.97,116.0,True
352,897,2020-10-01,4,9,909.73,363.92,False
352,687,2020-04-19,2,4,229.78,91.92,False
352,12175,2020-02-29,2,5,619.95,248.0,False
353,12653,2025-08-30,2,3,99.97,40.0,True
353,1558,2025-04-21,2,3,379.97,152.0,True
353,4292,2025-02-14,1,3,179.97,72.0,False
353,7482,2024-07-26,3,5,329.95,132.0,False
353,1435,2024-07-05,4,8,1099.92,440.0,False
353,14033,2024-03-10,4,7,869.48,347.8,False
353,3345,2024-02-13,4,9,1464.91,586.0,False
353,7488,2023-12-31,4,8,1179.56,471.84,False
353,11371,2023-11-28,4,9,1229.73,491.92,False
353,5735,2023-11-02,3,5,299.77,119.92,False
353,7184,2023-02-06,4,6,489.58,195.84,False
353,2083,2023-01-30,1,1,129.99,52.0,False
353,5523,2022-12-31,4,11,957.62,383.08,False
353,10920,2022-12-10,1,1,199.99,80.0,False
353,1464,2022-06-25,4,10,1939.9,776.0,True
353,7653,2022-05-17,3,8,1144.65,457.88,False
353,12265,2022-05-11,2,4,829.96,332.0,False
353,9903,2021-04-17,3,5,1129.95,452.0,True
353,2568,2020-12-08,4,6,719.76,287.92,False
353,12732,2020-09-10,1,1,129.99,52.0,False
353,9985,2020-09-04,3,7,499.57,199.84,False
354,2834,2025-01-16,3,6,1109.94,444.0,False
354,8872,2023-09-28,1,1,399.99,160.0,False
354,10595,2023-06-19,2,6,689.67,275.88,False
354,10943,2023-01-08,1,1,24.99,10.0,False
354,11115,2022-10-29,3,3,160.88,64.36,False
354,13412,2022-10-16,2,3,359.79,143.92,False
354,8002,2022-08-27,1,1,69.99,28.0,False
354,3067,2022-08-23,1,1,149.99,60.0,False
354,1445,2022-05-18,2,4,119.96,48.0,False
354,1267,2022-04-03,4,7,704.93,282.0,False
354,9016,2022-04-01,1,1,99.9,39.96,True
354,2643,2021-09-25,2,4,229.96,92.0,False
354,6334,2021-09-03,4,10,1699.63,679.88,False
354,3149,2021-02-06,1,2,359.98,144.0,False
354,6948,2020-09-11,2,6,299.67,119.88,True
355,3421,2025-03-15,2,4,299.96,120.0,False
355,12819,2024-09-16,3,7,544.66,217.88,False
355,5826,2024-02-12,2,4,729.96,292.0,False
355,13626,2023-03-16,1,2,139.98,56.0,False
355,6338,2023-02-25,1,1,59.99,24.0,False
355,11685,2022-11-23,1,1,79.99,32.0,False
355,5858,2022-08-28,4,6,369.94,148.0,False
355,12462,2022-01-03,3,4,339.69,135.88,False
355,4625,2021-12-20,4,10,1339.63,535.88,True
355,6128,2021-07-14,1,2,179.8,71.92,False
355,4250,2021-03-10,4,7,389.84,155.96,False
355,13189,2021-01-20,3,6,519.67,207.88,False
355,14863,2020-10-18,2,2,329.98,132.0,False
355,8653,2020-05-07,2,3,529.97,212.0,False
355,14990,2020-04-15,4,10,979.45,391.8,True
355,13733,2020-01-18,3,6,1334.67,533.88,False
355,8637,2020-01-15,2,3,169.88,67.96,False
356,4780,2024-07-12,1,2,159.98,64.0,False
356,2766,2024-03-17,2,4,239.87,95.96,False
356,4609,2024-02-11,1,2,499.98,200.0,False
356,9351,2024-01-17,3,6,839.76,335.92,False
356,5807,2023-10-26,3,6,349.49,139.8,False
356,1109,2023-08-19,1,2,299.98,120.0,False
356,6525,2023-04-14,4,7,486.66,194.68,False
356,12511,2023-04-07,3,7,889.66,355.88,False
356,4252,2023-01-14,2,5,689.95,276.0,False
356,5687,2022-10-04,1,2,259.98,104.0,False
356,14720,2022-08-22,2,6,779.4,311.76,False
356,1419,2022-04-20,1,1,34.99,14.0,False
356,1762,2022-01-28,4,6,749.76,299.92,True
356,6955,2022-01-20,3,3,259.88,103.96,False
356,14404,2021-07-16,1,1,249.99,100.0,False
356,4176,2021-06-05,3,6,539.76,215.92,False
356,1518,2021-05-21,2,6,1589.67,635.88,False
356,8404,2020-08-29,4,7,499.66,199.88,False
356,278,2020-03-19,3,6,999.85,399.96,False
356,11830,2020-02-04,4,7,869.84,347.96,False
357,10094,2025-11-14,3,6,859.67,343.88,False
357,1013,2025-10-07,2,4,499.78,199.92,False
357,13156,2025-03-22,2,3,349.97,140.0,False
357,12254,2024-10-04,2,3,209.79,83.92,False
357,2921,2024-08-10,3,6,554.94,222.0,False
357,845,2024-08-05,4,8,514.74,205.92,False
357,4077,2024-07-19,2,5,321.68,128.68,False
357,1812,2024-03-07,1,3,539.97,216.0,False
357,8344,2024-02-03,4,10,1339.63,535.88,True
357,10393,2023-11-08,3,4,394.87,157.96,False
357,2104,2023-11-04,1,2,319.98,128.0,False
357,11641,2022-11-18,3,6,479.76,191.92,False
357,6746,2022-04-26,4,10,714.63,285.88,True
357,9450,2022-02-25,4,7,489.75,195.92,False
357,2598,2021-11-22,2,5,669.95,268.0,False
357,8959,2021-10-03,4,6,755.85,302.36,False
357,5097,2021-09-20,3,6,1049.67,419.88,False
357,7124,2021-06-15,3,7,1189.93,476.0,False
357,12625,2020-09-05,4,10,1039.36,415.76,False
358,3125,2024-12-04,1,2,319.98,128.0,False
358,12568,2024-08-05,4,9,384.91,154.0,False
358,9259,2024-07-30,2,3,219.88,87.96,False
358,8015,2024-05-27,4,7,789.57,315.84,False
358,9541,2024-03-27,2,6,299.94,120.0,False
358,13855,2024-03-18,2,2,259.98,104.0,False
358,3769,2023-11-13,4,9,1494.55,597.84,False
358,5475,2023-07-06,4,7,894.93,358.0,False
358,3098,2022-03-24,3,5,429.59,171.84,False
358,8717,2022-03-09,1,3,209.7,83.88,False
358,5213,2020-09-14,1,1,119.99,48.0,False
358,1399,2020-02-11,2,5,859.95,344.0,False
359,8313,2025-03-21,3,6,309.4,123.76,False
359,14278,2024-08-04,3,3,489.88,195.96,False
359,6622,2024-01-29,2,4,349.96,140.0,False
359,1074,2024-01-24,3,6,1164.67,465.88,False
359,13698,2023-12-24,2,4,399.96,160.0,False
359,2406,2023-01-17,1,2,199.8,79.92,False
359,5750,2022-09-28,2,5,829.68,331.88,False
359,12435,2022-09-26,3,8,689.65,275.88,False
359,3023,2022-08-16,1,2,79.8,31.92,False
359,13365,2022-03-11,4,8,574.92,230.0,False
359,1111,2021-09-10,1,2,59.98,24.0,False
359,1182,2021-04-28,3,6,739.76,295.92,False
359,3924,2020-12-25,4,7,929.75,371.92,False
359,6079,2020-11-01,1,2,379.98,152.0,False
359,3681,2020-09-03,4,10,2179.9,872.0,False
359,9657,2020-04-16,1,1,59.99,24.0,False
359,11073,2020-03-10,1,1,59.99,24.0,False
360,5896,2024-04-02,4,8,875.92,350.4,True
360,4764,2024-01-02,4,7,559.57,223.84,False
360,4201,2023-03-14,2,4,379.6,151.84,False
360,1667,2023-02-18,3,4,439.87,175.96,False
360,7159,2023-01-16,4,8,1059.56,423.84,True
360,12109,2022-11-30,1,3,569.97,228.0,False
360,9840,2022-11-10,3,8,1669.65,667.88,False
360,6262,2022-08-04,4,7,639.93,256.0,False
360,2384,2022-06-25,1,1,99.99,40.0,False
360,11329,2022-03-17,4,6,409.76,163.92,False
360,3227,2021-09-08,4,8,629.83,251.96,True
360,14084,2021-01-02,3,5,869.77,347.92,True
360,6575,2020-08-03,4,10,1359.63,543.88,False
361,9139,2025-12-14,2,4,199.96,80.0,False
361,14875,2025-09-03,1,3,239.97,96.0,False
361,9423,2025-07-25,4,8,2249.83,899.96,True
361,1555,2025-05-17,3,5,569.59,227.84,False
361,5467,2025-03-10,1,3,74.7,29.88,False
361,14085,2024-11-24,4,7,779.3,311.72,False
361,11753,2024-09-13,1,1,19.99,8.0,False
361,10014,2024-08-30,4,8,969.65,387.88,False
361,7593,2024-01-20,4,8,1299.56,519.84,False
361,917,2023-09-05,1,2,699.98,280.0,False
361,12463,2023-02-24,2,5,499.5,199.8,False
361,7287,2022-05-17,2,4,309.96,124.0,False
361,7046,2021-11-19,2,6,719.67,287.88,False
361,5463,2021-05-11,1,1,79.99,32.0,False
361,1134,2021-04-27,1,2,119.98,48.0,False
361,11231,2020-01-19,4,7,639.93,256.0,False
362,9792,2025-08-27,1,1,89.99,36.0,False
362,345,2024-09-01,3,8,1101.92,440.8,False
362,9502,2024-08-04,4,9,1074.64,429.88,False
362,8407,2022-05-10,3,5,569.86,227.96,False
362,11969,2021-04-10,2,2,319.89,127.96,False
362,2407,2021-02-15,4,9,759.55,303.84,False
362,4130,2020-11-21,3,7,1659.93,664.0,False
362,9822,2020-03-13,4,8,469.56,187.84,False
363,13498,2025-01-16,3,4,359.96,144.0,False
363,3253,2024-12-28,4,8,535.92,214.4,False
363,10723,2024-12-24,2,5,759.95,304.0,False
363,2054,2023-11-26,2,4,269.96,108.0,False
363,6188,2023-01-29,1,2,259.8,103.92,True
363,14185,2022-10-17,1,1,299.99,120.0,False
363,12661,2022-07-29,4,7,629.93,252.0,False
363,8121,2022-07-14,3,5,469.77,187.92,False
363,305,2021-09-11,4,9,1409.73,563.92,False
363,9779,2021-08-09,3,6,834.94,334.0,False
363,3114,2021-07-04,1,2,359.98,144.0,False
363,3296,2021-07-01,1,3,164.7,65.88,True
363,7282,2021-06-20,4,10,994.63,397.88,False
363,12147,2020-05-21,3,6,839.76,335.92,False
363,987,2020-01-12,3,7,549.57,219.84,False
364,13832,2025-12-07,4,7,989.93,396.0,False
364,9380,2025-10-04,4,8,789.65,315.88,True
364,9830,2025-01-15,2,6,149.94,60.0,False
364,7771,2024-11-08,2,6,1199.94,480.0,False
364,11069,2024-06-26,1,2,299.98,120.0,False
364,6273,2024-02-10,3,3,349.88,139.96,False
364,9769,2024-01-27,4,7,699.75,279.92,False
364,4191,2024-01-17,2,5,609.95,244.0,False
364,12402,2024-01-10,3,7,659.75,263.92,False
364,462,2023-08-29,1,2,259.8,103.92,False
364,1043,2023-08-28,1,2,39.98,16.0,False
364,3961,2023-02-10,4,9,1009.91,404.0,False
364,5490,2022-12-06,4,6,694.85,277.96,False
364,14052,2022-05-05,4,7,569.39,227.76,False
364,13045,2022-04-24,2,5,197.95,79.2,False
364,9911,2022-02-06,2,5,1249.77,499.92,False
364,12679,2021-12-28,4,9,1269.64,507.88,False
364,7712,2021-12-13,4,9,1209.64,483.88,False
364,6249,2021-03-21,4,5,619.86,247.96,False
364,2513,2021-02-25,2,4,334.69,133.88,False
364,1750,2020-12-12,1,2,39.98,16.0,False
364,11,2020-08-03,3,7,1209.48,483.8,False
364,637,2020-04-13,1,2,279.98,112.0,False
365,10502,2024-12-02,2,5,1279.95,512.0,False
365,4923,2024-06-24,3,7,539.75,215.92,False
365,9590,2024-04-12,4,7,641.93,256.8,True
365,6637,2024-01-10,2,6,269.94,108.0,False
365,12583,2022-11-13,3,8,609.47,243.8,False
365,6416,2022-10-17,3,5,439.68,175.88,False
365,12969,2022-04-05,3,7,1239.66,495.88,False
365,6511,2021-11-23,2,6,689.67,275.88,False
365,3334,2021-05-17,1,2,199.8,79.92,False
365,6820,2021-05-08,3,4,374.87,149.96,False
365,12603,2020-12-18,3,6,619.94,248.0,False
365,11549,2020-11-24,4,9,849.73,339.92,False
365,6657,2020-07-05,1,3,1049.97,420.0,True
365,10130,2020-06-28,2,6,359.94,144.0,False
365,13029,2020-06-14,1,3,239.97,96.0,False
366,9815,2025-09-18,4,10,1521.72,608.72,True
366,9731,2025-07-13,2,3,74.97,30.0,False
366,12067,2025-05-03,2,4,189.6,75.84,False
366,1851,2025-01-04,2,3,429.88,171.96,False
366,5528,2024-12-14,4,10,1489.63,595.88,True
366,7535,2024-11-18,1,2,299.8,119.92,False
366,10869,2024-10-11,3,7,719.57,287.84,True
366,8876,2024-09-18,3,6,869.94,348.0,False
366,9664,2024-09-12,2,5,719.95,288.0,True
366,12770,2024-08-22,1,1,159.99,64.0,False
366,4213,2024-05-30,2,4,499.96,200.0,False
366,14867,2023-08-09,3,7,789.3,315.72,True
366,5219,2023-06-24,3,6,729.76,291.92,False
366,1855,2023-05-15,1,1,79.99,32.0,False
366,3782,2022-12-06,3,4,189.96,76.0,False
366,11883,2022-06-09,1,2,39.98,16.0,False
366,11684,2022-05-05,2,5,159.95,64.0,False
366,2714,2022-04-01,2,4,189.6,75.84,False
366,12007,2022-03-25,2,5,679.95,272.0,False
366,13791,2021-07-07,2,4,709.78,283.92,False
366,2723,2021-06-20,2,2,229.89,91.96,False
366,5168,2021-04-15,2,2,154.89,61.96,False
366,5534,2021-03-31,4,6,535.76,214.32,False
366,12552,2021-03-12,4,6,765.49,306.2,False
366,10522,2021-02-03,3,7,389.75,155.92,False
366,14929,2020-12-24,4,9,1439.37,575.76,False
366,10251,2020-05-09,2,3,209.97,84.0,False
366,4499,2020-04-24,4,10,974.45,389.8,False
367,5231,2025-12-15,2,2,289.89,115.96,False
367,10730,2025-08-04,2,2,229.98,92.0,False
367,12762,2025-04-16,1,3,419.97,168.0,False
367,10648,2023-12-22,1,1,179.99,72.0,False
367,7055,2023-12-21,1,2,259.98,104.0,False
367,5553,2023-11-04,3,7,739.57,295.84,False
367,1962,2023-10-10,4,7,794.66,317.88,True
367,14228,2023-09-25,3,6,599.94,240.0,False
367,13368,2023-05-06,4,11,717.89,287.2,False
367,11374,2023-04-26,2,4,549.69,219.88,True
367,1878,2022-10-16,1,2,399.8,159.92,False
367,505,2022-08-25,2,4,319.96,128.0,False
367,11392,2022-05-15,1,3,74.97,30.0,False
367,1254,2021-07-10,1,1,349.99,140.0,False
367,3284,2021-02-18,2,4,919.96,368.0,False
367,1751,2020-11-02,2,4,1599.96,640.0,False
367,5700,2020-03-28,3,5,869.59,347.84,False
367,9789,2020-01-24,2,5,889.95,356.0,False
367,4551,2020-01-05,1,1,69.99,28.0,False
368,14223,2025-11-09,1,1,199.99,80.0,False
368,2302,2025-04-24,4,7,379.48,151.8,False
368,14706,2024-07-07,3,5,789.68,315.88,True
368,463,2024-04-24,4,6,834.85,333.96,False
368,689,2023-01-26,4,7,1609.93,644.0,False
368,9959,2022-05-14,1,1,189.99,76.0,False
368,8915,2021-12-24,4,8,609.56,243.84,False
368,13452,2021-10-13,3,5,769.77,307.92,False
368,13174,2021-05-29,3,7,309.84,123.96,False
368,10796,2021-05-09,3,8,629.65,251.88,False
368,12806,2021-04-30,2,5,169.77,67.92,False
368,5578,2021-03-09,2,4,639.69,255.88,False
368,11758,2020-02-03,1,2,69.98,28.0,False
368,3688,2020-01-23,4,9,1074.82,429.96,False
368,7202,2020-01-21,3,5,319.77,127.92,False
368,228,2020-01-11,1,2,119.98,48.0,False
369,7524,2025-03-25,4,7,1779.93,712.0,True
369,12941,2024-10-30,4,9,2159.73,863.92,False
369,1987,2023-09-29,4,8,1649.92,660.0,False
369,2160,2022-07-29,3,6,1379.94,552.0,True
369,9071,2022-05-23,2,2,144.89,57.96,False
369,10667,2022-02-28,1,3,359.7,143.88,False
369,1463,2021-12-11,3,6,629.67,251.88,False
369,4010,2021-09-25,3,6,609.94,244.0,False
369,4309,2021-07-17,2,4,339.78,135.92,False
369,1888,2021-07-07,1,3,389.97,156.0,False
369,3449,2021-07-04,3,6,1259.94,504.0,False
369,14431,2021-01-18,3,4,799.96,320.0,False
370,12333,2025-11-13,4,9,739.82,295.96,True
370,8920,2025-08-06,4,8,629.38,251.76,True
370,9400,2024-09-13,2,6,629.94,252.0,False
370,1876,2024-07-05,3,5,559.86,223.96,False
370,11273,2024-06-14,2,4,699.96,280.0,True
370,6436,2024-06-12,3,5,364.68,145.88,False
370,9049,2024-03-25,4,8,869.65,347.88,False
370,14920,2024-03-24,2,3,125.97,50.4,False
370,5225,2022-09-02,2,4,291.96,116.8,True
370,3472,2022-07-25,3,5,609.95,244.0,False
370,1202,2021-12-29,4,8,685.83,274.36,True
370,3078,2021-10-13,2,5,519.5,207.8,False
370,6031,2021-08-01,1,3,539.97,216.0,False
370,2586,2021-05-06,4,6,1089.76,435.92,False
370,2102,2021-04-30,3,6,959.94,384.0,False
370,6013,2021-03-06,1,1,349.99,140.0,False
370,12723,2020-06-27,1,2,119.98,48.0,False
370,10533,2020-01-07,1,3,299.97,120.0,False
371,6443,2025-05-22,2,5,809.95,324.0,False
371,3485,2025-03-24,1,3,77.97,31.2,False
371,10987,2025-03-24,1,1,299.99,120.0,False
371,448,2025-01-05,3,8,1069.65,427.88,True
371,4419,2024-10-21,2,3,369.79,147.92,False
371,2748,2024-08-09,3,4,369.69,147.88,False
371,9309,2024-05-14,2,5,649.95,260.0,False
371,2936,2023-06-25,4,11,954.62,381.88,False
371,13935,2023-04-18,3,7,2009.93,804.0,False
371,6198,2023-02-13,2,4,219.87,87.96,False
371,7739,2022-06-01,1,1,89.99,36.0,False
371,7178,2022-03-21,2,4,157.96,63.2,False
371,6023,2022-03-09,4,8,669.92,268.0,False
371,10436,2022-02-09,2,4,319.78,127.92,False
371,12566,2022-01-29,2,5,649.77,259.92,False
371,11108,2021-12-09,4,8,1289.92,516.0,False
371,6320,2021-08-23,4,9,727.64,291.08,False
371,4651,2021-05-11,3,5,579.95,232.0,False
371,6141,2021-03-22,4,7,804.75,321.92,False
371,4705,2020-08-21,1,2,499.98,200.0,False
371,5509,2020-07-26,4,11,1559.62,623.88,False
371,3972,2020-05-04,2,3,439.97,176.0,False
371,2017,2020-03-05,2,3,329.79,131.92,False
371,2413,2020-02-19,3,7,1699.93,680.0,False
372,8691,2024-08-03,1,3,104.97,42.0,False
372,11646,2024-04-26,4,7,809.39,323.76,False
372,7365,2023-12-08,4,10,1029.81,411.96,False
372,12987,2023-09-01,2,4,504.87,201.96,True
372,8775,2023-01-02,1,1,39.9,15.96,False
372,8613,2022-06-11,3,7,1439.93,576.0,False
372,6372,2022-03-31,3,7,1149.93,460.0,False
372,5087,2021-11-16,1,1,39.9,15.96,False
372,1507,2021-07-05,1,3,77.97,31.2,False
372,6039,2021-06-29,4,6,484.67,193.88,True
372,12433,2021-06-07,2,2,299.89,119.96,False
372,8164,2021-05-03,1,3,164.7,65.88,False
372,2492,2021-02-13,1,2,179.98,72.0,False
372,6663,2021-02-01,3,7,1749.93,700.0,False
372,2370,2020-11-15,2,5,439.77,175.92,False
372,2694,2020-10-26,3,6,329.85,131.96,True
372,1101,2020-10-10,3,5,499.68,199.88,False
372,9939,2020-08-17,4,7,799.84,319.96,False
372,13475,2020-02-01,3,7,1069.66,427.88,False
372,5014,2020-01-22,4,6,569.94,228.0,False
372,11241,2020-01-05,4,5,529.95,212.0,False
372,9092,2020-01-02,1,1,299.99,120.0,False
373,3341,2025-12-24,4,10,1769.9,708.0,False
373,13069,2025-11-29,1,3,119.7,47.88,True
373,374,2025-10-27,4,8,1149.74,459.92,False
373,13470,2025-09-24,1,2,179.98,72.0,False
373,13654,2025-05-15,3,5,569.5,227.8,True
373,11716,2025-02-28,2,4,379.96,152.0,False
373,6448,2024-12-05,3,4,289.96,116.0,False
373,2036,2024-12-04,4,9,1489.91,596.0,False
373,199,2024-07-09,1,2,99.8,39.92,False
373,12836,2024-07-01,1,1,139.99,56.0,False
373,12022,2024-06-22,2,4,409.96,164.0,False
373,13267,2024-02-29,2,6,479.67,191.88,False
373,11439,2023-12-01,4,10,979.18,391.68,True
373,3177,2023-08-06,2,4,279.96,112.0,False
373,13905,2023-06-10,4,9,1419.55,567.84,False
373,2608,2023-05-27,4,9,791.91,316.8,True
373,13213,2023-05-08,2,3,309.88,123.96,False
373,6571,2023-01-25,2,2,349.98,140.0,False
373,12646,2022-06-21,4,7,604.93,242.0,False
373,11721,2022-04-28,1,2,49.8,19.92,False
373,14011,2022-02-13,3,8,1289.65,515.88,False
373,5356,2022-01-10,2,2,149.98,60.0,True
373,11167,2021-10-29,3,7,699.57,279.84,True
373,13986,2021-10-08,3,5,544.95,218.0,False
373,916,2020-11-11,1,2,239.98,96.0,False
373,13870,2020-10-01,1,1,149.99,60.0,False
373,6683,2020-09-10,3,8,719.74,287.92,False
373,14447,2020-09-03,4,8,1239.65,495.88,False
373,3300,2020-04-14,4,7,424.84,169.96,False
374,8710,2025-10-05,3,7,1209.93,484.0,False
374,12190,2025-08-16,3,5,419.95,168.0,False
374,7410,2024-08-23,4,7,1379.93,552.0,False
374,5285,2024-07-11,3,8,2149.92,860.0,False
374,13051,2024-07-03,4,8,1739.65,695.88,False
374,12749,2023-09-30,3,9,1034.91,414.0,False
374,12161,2023-09-11,1,2,79.98,32.0,False
374,13476,2023-06-06,1,1,79.99,32.0,False
374,4271,2022-10-27,4,7,549.3,219.72,False
374,5159,2022-10-10,2,3,469.88,187.96,False
374,10561,2022-09-27,3,6,609.94,244.0,False
374,32,2022-09-22,1,2,799.98,320.0,False
374,4067,2022-07-19,2,5,564.5,225.8,False
374,9688,2022-01-06,4,7,621.93,248.8,True
374,396,2021-10-18,2,5,429.95,172.0,False
374,12845,2021-05-31,2,4,569.96,228.0,False
374,9858,2021-04-18,1,1,24.9,9.96,False
374,8586,2021-04-14,2,5,499.68,199.88,False
374,13976,2021-02-02,2,5,439.95,176.0,False
374,5385,2020-10-12,2,3,279.7,111.88,False
375,6516,2025-10-09,3,3,589.97,236.0,False
375,14825,2025-04-22,4,8,396.65,158.68,False
375,13252,2025-02-19,2,4,219.96,88.0,False
375,10874,2025-02-17,1,2,399.98,160.0,False
375,690,2024-11-26,4,7,729.75,291.92,False
375,12235,2024-08-13,4,9,744.91,298.0,False
375,13761,2024-07-04,3,6,479.94,192.0,False
375,14010,2024-05-01,1,3,449.97,180.0,False
375,1142,2023-11-04,3,7,474.48,189.8,False
375,11957,2023-01-04,3,7,959.66,383.88,False
375,5937,2021-12-04,2,6,419.4,167.76,True
375,12985,2021-11-01,4,8,591.65,236.68,False
375,3821,2021-10-23,4,7,769.66,307.88,False
375,2882,2021-06-13,4,8,809.47,323.8,False
375,5537,2021-04-02,2,2,429.98,172.0,False
375,11947,2021-03-06,1,2,179.98,72.0,False
375,6322,2020-06-18,4,9,1469.37,587.76,False
375,10384,2020-05-07,2,3,319.79,127.92,False
375,9614,2020-04-11,1,2,139.98,56.0,False
375,12297,2020-03-31,1,1,25.99,10.4,False
376,3016,2025-11-21,3,7,1199.93,480.0,False
376,2847,2025-07-13,2,2,169.8,67.92,False
376,8323,2025-04-27,4,9,1254.73,501.92,False
376,5246,2025-01-16,4,7,1089.66,435.88,False
376,12514,2024-09-05,3,7,509.66,203.88,False
376,5715,2024-09-01,3,5,374.95,150.0,False
376,9821,2024-07-29,1,3,179.97,72.0,False
376,4636,2024-07-08,1,1,99.9,39.96,False
376,12064,2024-03-17,2,4,1229.96,492.0,False
376,3066,2024-01-30,1,2,69.98,28.0,False
376,10983,2023-11-27,2,4,869.96,348.0,False
376,8,2023-09-23,4,8,741.65,296.68,True
376,5348,2023-05-04,4,8,849.74,339.92,False
376,12787,2023-04-19,4,10,809.9,324.0,True
376,5855,2022-10-16,2,4,479.87,191.96,False
376,3455,2022-10-11,2,4,979.96,392.0,False
376,3415,2022-08-26,1,3,149.7,59.88,False
376,14266,2021-12-30,4,8,604.65,241.88,False
376,12512,2021-12-29,3,3,284.79,113.92,False
376,13722,2021-11-03,1,2,379.98,152.0,False
376,9215,2021-04-17,2,4,219.96,88.0,False
376,9666,2021-01-18,2,4,229.96,92.0,False
376,1537,2020-07-17,4,6,384.58,153.84,False
376,1406,2020-03-11,1,2,79.8,31.92,False
376,3209,2020-03-11,3,7,889.93,356.0,True
376,7698,2020-03-07,2,4,299.78,119.92,False
376,4044,2020-02-27,4,8,955.92,382.4,False
377,4921,2025-06-15,4,9,441.91,176.8,True
377,12063,2024-08-30,4,9,747.91,299.2,False
377,1454,2024-05-16,4,7,749.75,299.92,False
377,10102,2024-03-29,1,1,99.99,40.0,False
377,8071,2023-11-09,2,4,449.78,179.92,False
377,9091,2023-05-22,4,6,794.85,317.96,False
377,9318,2022-09-15,2,3,209.79,83.92,False
377,7466,2022-03-20,4,9,1989.91,796.0,False
377,12001,2022-01-13,1,2,239.8,95.92,False
377,10177,2022-01-02,3,7,249.48,99.8,False
377,2941,2021-03-09,2,3,309.88,123.96,False
377,822,2020-02-24,1,3,749.97,300.0,False
378,2489,2025-08-10,2,5,439.77,175.92,False
378,9668,2025-07-23,4,6,569.76,227.92,False
378,7321,2024-11-17,2,6,629.94,252.0,True
378,5817,2024-11-01,4,8,839.29,335.72,True
378,12168,2024-03-27,4,5,449.68,179.88,False
378,11996,2024-02-11,3,6,1079.76,431.92,False
378,4717,2024-01-03,2,4,399.96,160.0,False
378,12693,2023-09-04,4,10,1009.45,403.8,False
378,5492,2023-03-05,3,4,879.96,352.0,False
378,99,2023-02-05,1,2,199.8,79.92,False
378,1020,2023-02-02,2,3,489.97,196.0,False
378,6577,2022-11-20,4,8,1209.56,483.84,False
378,12293,2022-07-29,3,6,919.94,368.0,True
378,2898,2022-06-13,3,6,1539.85,615.96,False
378,12802,2022-05-12,4,5,899.95,360.0,False
378,11840,2020-12-14,1,2,179.98,72.0,True
378,2937,2020-05-23,2,5,499.95,200.0,False
378,9573,2020-02-21,1,3,179.97,72.0,False
378,3854,2020-02-03,1,2,199.98,80.0,False
378,14363,2020-01-28,1,1,69.99,28.0,False
379,9548,2025-01-30,3,5,474.68,189.88,False
379,10586,2024-09-08,2,3,359.79,143.92,False
379,7649,2024-08-26,4,11,2419.89,968.0,False
379,6459,2024-07-25,3,6,1679.94,672.0,False
379,8424,2024-07-22,1,1,39.9,15.96,False
379,7038,2023-06-24,4,8,1029.74,411.92,False
379,11848,2023-06-23,1,1,99.99,40.0,False
379,4100,2023-04-13,2,6,1109.94,444.0,False
379,5434,2023-01-06,2,4,229.96,92.0,True
379,7390,2022-09-29,2,2,59.89,23.96,False
379,12019,2022-08-25,4,9,799.91,320.0,False
379,402,2022-05-10,2,2,279.89,111.96,False
379,9613,2021-12-08,3,8,516.38,206.56,False
379,7192,2021-11-30,3,6,405.76,162.32,True
379,4720,2021-03-05,2,3,119.97,48.0,False
379,13332,2021-02-18,4,11,1239.35,495.76,False
379,6308,2021-01-24,1,1,54.9,21.96,False
379,11807,2020-11-24,4,10,894.72,357.92,False
379,208,2020-09-27,2,5,469.95,188.0,True
379,9020,2020-08-03,2,2,389.98,156.0,False
379,4481,2020-07-21,3,3,209.88,83.96,False
379,1392,2020-06-01,3,4,339.87,135.96,False
380,14589,2025-10-16,4,11,2149.89,860.0,True
380,12094,2025-07-30,3,8,809.65,323.88,False
380,2147,2025-06-18,1,2,59.98,24.0,False
380,7380,2025-05-11,4,6,349.85,139.96,False
380,7606,2025-05-11,2,4,269.78,107.92,False
380,3130,2025-02-21,3,5,300.95,120.4,False
380,8708,2024-12-21,2,4,539.69,215.88,False
380,6052,2024-11-14,1,1,19.99,8.0,False
380,14043,2024-06-12,3,8,799.65,319.88,False
380,8983,2024-04-20,3,7,1199.93,480.0,False
380,1220,2023-05-01,3,8,1109.92,444.0,False
380,8074,2023-03-14,3,7,411.75,164.72,False
380,12728,2023-02-11,4,10,1829.63,731.88,False
380,8922,2022-12-11,3,8,829.47,331.8,False
380,7374,2022-11-15,2,4,359.96,144.0,False
380,13362,2022-05-17,2,3,309.88,123.96,False
380,1243,2022-04-21,3,5,659.95,264.0,True
380,4743,2022-03-21,1,3,389.7,155.88,False
380,3761,2022-02-14,1,2,499.98,200.0,False
380,13005,2022-02-08,1,1,349.99,140.0,False
380,4801,2021-12-22,3,5,239.77,95.92,True
380,9468,2021-12-03,3,6,839.76,335.92,True
380,2706,2021-09-22,3,5,489.77,195.92,True
380,11497,2021-06-15,2,3,689.97,276.0,False
380,8011,2021-02-06,3,6,517.76,207.12,False
380,14983,2020-08-26,3,9,1559.64,623.88,False
380,166,2020-07-27,1,1,159.99,64.0,False
380,5653,2020-03-10,1,3,899.97,360.0,False
381,2665,2025-07-24,2,5,619.77,247.92,False
381,12765,2025-07-02,2,2,299.8,119.92,False
381,3608,2025-01-09,1,2,699.98,280.0,False
381,10663,2025-01-05,3,8,679.74,271.92,False
381,585,2024-07-31,4,7,584.66,233.88,False
381,4908,2024-04-07,4,11,929.62,371.88,False
381,10861,2024-02-12,2,2,119.98,48.0,False
381,14557,2023-12-26,3,5,1459.95,584.0,False
381,3395,2023-10-25,3,4,144.69,57.88,False
381,14016,2023-02-04,2,3,179.7,71.88,False
381,3642,2023-01-19,2,5,229.77,91.92,False
381,6906,2022-08-26,1,1,59.99,24.0,False
381,14075,2022-08-20,1,1,129.99,52.0,False
381,4356,2022-01-12,3,3,254.88,101.96,False
381,11694,2021-11-15,2,5,1209.95,484.0,False
381,3339,2021-10-24,3,5,519.59,207.84,False
381,4885,2020-09-24,2,6,869.94,348.0,False
381,4048,2020-08-04,3,6,899.76,359.92,False
381,8173,2020-05-20,4,9,1404.82,561.96,False
381,14248,2020-02-19,3,5,534.95,214.0,False
382,10986,2025-02-19,2,4,619.96,248.0,False
382,13537,2024-07-03,3,5,1199.77,479.92,False
382,5596,2024-03-05,1,3,74.97,30.0,False
382,5468,2023-08-04,1,3,119.7,47.88,False
382,9367,2023-05-29,1,3,569.97,228.0,False
382,3255,2023-05-15,3,5,539.68,215.88,False
382,11922,2022-06-30,3,6,779.94,312.0,False
382,9239,2022-05-02,3,6,1229.85,491.96,False
382,6674,2021-11-27,3,4,499.78,199.92,False
382,10493,2020-11-12,3,6,621.94,248.8,False
382,2264,2020-02-24,4,7,829.93,332.0,False
383,1106,2025-10-11,1,1,24.99,10.0,False
383,8251,2025-09-09,2,3,209.88,83.96,False
383,12077,2024-02-25,3,7,709.66,283.88,False
383,3217,2023-11-19,3,5,929.77,371.92,False
383,1992,2023-10-25,3,7,1099.93,440.0,False
383,10902,2023-09-26,3,8,579.92,232.0,False
383,13423,2023-09-13,1,1,24.99,10.0,False
383,5474,2023-06-28,3,8,1159.47,463.8,False
383,8841,2022-09-17,4,8,939.92,376.0,False
383,7641,2022-08-07,3,6,769.58,307.84,False
383,8222,2022-08-06,2,6,659.94,264.0,False
383,10112,2022-05-20,2,5,589.95,236.0,False
383,2256,2022-02-02,1,2,279.98,112.0,False
383,5689,2021-10-24,4,9,919.46,367.8,False
383,2022,2021-05-08,2,5,217.95,87.2,False
383,10907,2021-04-24,3,6,709.76,283.92,False
383,7827,2021-04-08,1,1,24.9,9.96,False
383,11346,2021-03-15,4,9,1499.91,600.0,False
383,1826,2021-02-05,2,6,539.4,215.76,False
383,14110,2020-11-18,2,4,539.96,216.0,False
383,2107,2020-07-04,1,1,129.99,52.0,False
383,5680,2020-07-04,4,9,1714.64,685.88,False
383,1263,2020-04-21,1,2,299.98,120.0,False
384,6903,2025-12-11,3,4,591.96,236.8,False
384,7236,2025-08-23,2,2,359.89,143.96,True
384,8644,2025-04-25,4,11,1499.62,599.88,False
384,9719,2025-04-01,1,1,54.9,21.96,False
384,13009,2024-05-02,3,6,321.77,120.93,False
384,12501,2024-03-31,2,2,55.98,22.4,True
384,9141,2023-12-16,4,8,399.56,159.84,False
384,9602,2022-12-06,1,2,279.98,112.0,False
384,6457,2022-09-06,3,7,599.75,239.92,False
384,9651,2022-08-12,4,9,1049.91,420.0,False
384,4228,2022-06-02,3,5,499.59,199.84,False
384,8795,2022-04-17,4,10,489.36,195.76,False
384,4084,2021-12-22,2,4,909.96,364.0,False
384,9529,2021-09-17,3,6,609.67,243.88,False
384,6765,2021-09-09,4,5,534.68,213.88,False
384,10941,2021-01-20,4,5,964.77,385.92,True
384,1663,2021-01-05,2,4,559.78,223.92,False
384,3990,2020-12-28,4,11,861.62,344.68,False
384,1530,2020-12-10,3,6,559.94,224.0,False
384,11601,2020-11-20,4,11,819.35,327.76,False
384,2239,2020-10-21,4,6,715.94,286.4,False
384,11412,2020-05-13,4,10,2049.81,819.96,True
384,13167,2020-02-10,2,3,589.97,236.0,False
385,11999,2025-12-19,1,2,319.98,128.0,False
385,3450,2025-10-02,3,6,659.67,263.88,False
385,9605,2025-04-02,4,6,264.76,105.92,False
385,2263,2025-02-09,3,6,629.67,251.88,False
385,4027,2024-04-13,4,9,566.64,226.68,False
385,5711,2024-01-29,2,4,159.96,64.0,False
385,4983,2024-01-22,2,4,279.87,111.96,False
385,10253,2024-01-05,1,2,79.98,32.0,False
385,12323,2023-11-27,1,2,279.98,112.0,False
385,5743,2023-09-09,1,3,179.97,72.0,False
385,11558,2023-08-24,4,10,824.36,329.76,False
385,7702,2023-03-02,2,5,1459.77,583.92,False
385,1554,2023-02-25,3,6,819.94,328.0,False
385,4159,2022-10-11,3,8,726.92,290.8,False
385,5919,2021-10-02,4,9,599.64,239.88,False
385,7832,2020-12-06,1,2,319.98,128.0,False
385,12477,2020-09-03,2,4,399.96,160.0,False
385,12666,2020-05-22,2,5,374.95,150.0,False
386,11298,2025-09-02,2,4,269.96,108.0,False
386,2357,2025-05-27,1,3,239.97,96.0,False
386,621,2024-09-29,4,8,784.74,313.92,False
386,14037,2024-08-14,4,9,1059.82,423.96,False
386,9699,2024-07-25,2,6,479.67,191.88,False
386,13736,2024-04-28,1,3,179.97,72.0,False
386,638,2024-03-08,2,3,579.97,232.0,False
386,3225,2023-12-12,4,9,607.64,243.08,False
386,3974,2023-09-18,2,4,549.69,219.88,False
386,11988,2023-06-21,3,8,619.47,247.8,False
386,11754,2023-02-23,3,5,549.95,220.0,True
386,12889,2022-10-24,2,3,359.97,144.0,False
386,7878,2022-08-25,3,7,699.66,279.88,True
386,12892,2022-07-29,1,1,49.9,19.96,True
386,9140,2022-01-09,1,3,449.97,180.0,False
386,3871,2021-08-23,2,5,399.77,159.92,False
386,6492,2021-07-27,4,9,1129.91,452.0,True
386,7708,2021-07-19,4,10,699.72,279.92,False
386,1580,2020-06-10,3,7,1299.93,520.0,False
386,16,2020-05-27,1,2,259.8,103.92,False
386,12233,2020-01-08,1,1,39.99,16.0,False
387,2906,2025-11-10,1,2,279.98,112.0,False
387,1478,2025-04-10,1,2,139.8,55.92,False
387,1666,2025-01-13,2,4,999.96,400.0,False
387,4512,2025-01-04,1,2,39.98,16.0,False
387,13367,2024-06-11,3,6,277.94,111.2,True
387,3810,2024-06-01,4,8,491.92,196.8,False
387,14191,2024-03-18,3,8,1174.92,470.0,True
387,14394,2023-10-09,3,6,1539.94,616.0,False
387,7317,2023-07-13,2,5,989.95,396.0,False
387,12179,2023-02-04,4,6,749.94,300.0,False
387,3404,2022-11-29,2,4,839.96,336.0,False
387,10293,2022-11-13,1,2,119.98,48.0,False
387,14137,2022-02-11,3,5,419.68,167.88,False
387,7293,2021-09-16,3,7,929.93,372.0,False
387,962,2021-06-24,1,1,59.99,24.0,False
387,13950,2021-06-22,4,7,599.84,239.96,False
387,6770,2021-04-30,1,1,24.99,10.0,False
387,4172,2020-09-07,1,3,359.7,143.88,False
387,28,2020-07-28,2,3,899.97,360.0,False
387,13065,2020-07-23,4,7,784.48,313.8,False
388,6555,2024-10-22,2,4,679.96,272.0,False
388,3194,2024-10-02,1,3,359.7,143.88,False
388,2865,2023-10-29,4,9,1029.64,411.88,True
388,1772,2023-06-21,4,8,729.65,291.88,True
388,1615,2023-06-15,3,9,764.64,305.88,False
388,491,2023-06-09,3,8,609.92,244.0,False
388,4440,2023-06-08,4,7,1149.84,459.96,False
388,13447,2022-11-11,2,3,579.97,232.0,False
388,3979,2022-01-11,1,3,749.97,300.0,False
388,12223,2021-11-26,3,6,569.94,228.0,False
388,13186,2021-07-09,4,7,599.93,240.0,False
388,13750,2021-05-19,2,5,519.95,208.0,False
388,4385,2020-12-08,4,10,1799.9,720.0,False
388,3702,2020-10-14,2,4,439.69,175.88,True
388,1272,2020-08-20,4,5,899.95,360.0,False
388,12733,2020-06-13,3,7,1159.93,464.0,False
388,7557,2020-05-14,3,7,639.84,255.96,False
388,14274,2020-01-20,2,5,539.95,216.0,True
389,10572,2025-06-28,4,7,519.93,208.0,False
389,14538,2025-03-10,4,10,689.54,275.84,False
389,2345,2024-08-05,3,7,1539.75,615.92,False
389,14857,2024-03-30,1,2,179.98,72.0,False
389,8207,2024-03-16,4,4,599.87,239.96,False
389,6528,2023-12-13,1,1,399.99,160.0,False
389,8460,2022-11-24,4,9,774.46,309.8,False
389,1753,2022-10-19,4,10,1249.72,499.92,False
389,656,2022-09-19,1,1,399.99,160.0,False
389,2314,2022-05-31,2,4,559.96,224.0,False
389,1957,2022-03-28,3,7,529.48,211.8,False
389,13780,2020-11-21,1,2,79.8,31.92,False
389,10486,2020-04-23,4,8,1849.92,740.0,False
390,344,2025-11-21,4,9,1454.46,581.8,True
390,970,2025-10-18,2,2,239.89,95.96,False
390,12978,2025-09-12,1,3,479.97,192.0,False
390,3447,2025-07-17,2,4,269.96,108.0,False
390,727,2025-05-16,2,3,109.88,43.96,False
390,6933,2024-09-16,2,5,1099.95,440.0,False
390,1590,2024-09-11,1,1,39.9,15.96,False
390,5484,2024-02-05,1,3,59.97,24.0,False
390,504,2023-12-27,2,3,149.97,60.0,True
390,11077,2023-10-17,4,8,389.83,155.96,True
390,10950,2023-06-30,2,4,145.96,58.4,False
390,3365,2023-04-25,1,1,69.9,27.96,False
390,293,2023-04-22,2,3,799.88,319.96,False
390,9554,2023-04-18,3,6,839.67,335.88,False
390,9980,2023-04-14,4,10,986.63,394.68,False
390,11191,2022-11-19,2,2,319.98,128.0,False
390,12914,2022-09-03,4,8,1279.83,511.96,False
390,6421,2022-08-29,2,2,129.89,51.96,False
390,12950,2022-03-18,4,7,569.93,228.0,False
390,11218,2022-02-06,3,4,719.96,288.0,False
390,3045,2021-05-11,1,1,99.9,39.96,False
390,11079,2020-08-17,3,5,1449.77,579.92,False
391,13471,2025-04-09,1,2,299.8,119.92,True
391,13524,2025-04-04,2,5,619.68,247.88,False
391,7887,2025-03-30,2,6,1259.94,504.0,False
391,12157,2025-01-31,2,6,659.67,263.88,False
391,2503,2024-08-23,3,7,499.66,199.88,False
391,1927,2024-04-10,3,6,1029.67,411.88,False
391,163,2024-03-24,1,1,59.99,24.0,False
391,9039,2023-11-24,1,1,129.99,52.0,False
391,11934,2023-11-03,3,3,429.88,171.96,False
391,2519,2023-05-28,3,6,579.94,232.0,False
391,5755,2023-03-27,2,2,105.98,42.4,False
391,5256,2022-12-23,1,3,299.7,119.88,False
391,8257,2021-01-27,1,2,139.8,55.92,False
391,7919,2020-08-24,3,7,849.57,339.84,False
391,8204,2020-06-22,3,7,1239.93,496.0,False
391,2477,2020-06-12,1,3,239.97,96.0,False
391,4495,2020-03-12,1,3,899.97,360.0,False
391,296,2020-03-07,4,11,919.35,367.76,False
392,5513,2025-09-20,4,9,309.64,123.88,False
392,10453,2025-04-02,1,2,179.98,72.0,False
392,990,2024-10-12,1,1,149.99,60.0,False
392,9084,2024-10-01,3,7,809.93,324.0,False
392,10738,2024-09-15,4,7,1064.93,426.0,True
392,8542,2024-06-08,1,2,299.8,119.92,False
392,7297,2024-02-25,4,5,539.68,215.88,False
392,1218,2024-02-22,2,4,429.78,171.92,False
392,8865,2023-11-28,3,5,539.95,216.0,False
392,8946,2023-08-07,1,1,69.99,28.0,False
392,7255,2023-03-09,4,8,909.92,364.0,True
392,82,2022-10-15,2,3,629.97,252.0,False
392,13125,2022-09-12,4,6,684.85,273.96,False
392,938,2022-07-13,1,2,239.98,96.0,False
392,12097,2022-06-10,3,6,939.94,376.0,False
392,11208,2022-05-12,2,5,639.95,256.0,False
392,11111,2022-05-03,1,3,119.7,47.88,False
392,2615,2021-01-15,4,8,849.65,339.88,True
392,14368,2021-01-07,1,1,149.99,60.0,True
392,12461,2020-02-05,2,2,339.98,136.0,False
392,3196,2020-01-23,1,2,199.8,79.92,False
393,9182,2025-06-08,2,5,126.68,50.68,False
393,1793,2025-05-16,4,8,1099.92,440.0,False
393,4598,2025-05-10,1,2,499.98,200.0,False
393,13128,2024-12-08,2,3,209.88,83.96,False
393,11778,2024-10-05,2,5,809.95,324.0,False
393,4632,2024-06-29,2,3,319.97,128.0,False
393,1097,2024-04-08,2,5,259.77,103.92,False
393,1301,2024-03-03,4,8,1139.74,455.92,True
393,2931,2023-12-05,1,3,599.97,240.0,False
393,13265,2023-09-02,4,6,949.49,379.8,True
393,1609,2022-12-25,1,1,29.99,12.0,False
393,7160,2022-11-23,4,8,1789.92,716.0,False
393,14836,2022-04-01,3,4,269.96,108.0,False
393,5833,2022-03-30,2,4,869.96,348.0,False
393,8116,2022-01-26,1,2,499.98,200.0,False
393,3251,2021-12-27,4,9,2549.91,1020.0,False
393,7696,2021-12-21,3,5,449.95,180.0,False
393,6374,2021-11-27,4,6,829.67,331.88,True
393,6907,2021-05-07,3,5,984.86,393.96,True
393,9926,2020-08-20,2,2,209.98,84.0,False
393,14752,2020-07-06,4,7,1749.93,700.0,False
393,11914,2020-07-04,4,7,1114.48,445.8,False
393,9077,2020-01-19,4,5,999.86,399.96,False
394,5223,2025-12-03,2,4,329.87,131.96,False
394,14381,2025-09-07,4,6,609.76,243.92,False
394,22,2025-09-04,1,3,179.97,72.0,False
394,1951,2025-09-02,2,3,249.88,99.96,True
394,8053,2025-02-11,2,5,949.68,379.88,False
394,4539,2025-02-05,3,4,1159.96,464.0,False
394,12759,2024-09-21,4,8,619.83,247.96,False
394,8334,2024-08-18,1,3,89.97,36.0,False
394,8985,2024-08-05,4,8,884.65,353.88,False
394,9676,2024-06-03,4,11,1819.44,727.8,False
394,14292,2024-05-08,3,3,254.97,102.0,False
394,14060,2023-07-02,1,1,179.99,72.0,False
394,10360,2023-03-06,3,7,749.84,299.96,False
394,4110,2023-01-31,1,3,59.97,24.0,True
394,1040,2022-12-28,3,6,699.76,279.92,False
394,12976,2022-12-10,2,5,217.95,87.2,False
394,1219,2022-11-30,3,7,407.93,163.2,False
394,12442,2022-11-23,1,3,599.97,240.0,False
394,14533,2022-10-06,2,4,959.96,384.0,False
394,11874,2022-07-09,1,1,99.99,40.0,False
394,12213,2022-06-08,4,6,389.67,155.88,False
394,8546,2022-05-31,1,3,449.97,180.0,False
394,14387,2022-04-25,3,8,709.92,284.0,False
394,2604,2022-01-30,2,4,589.96,236.0,True
394,13834,2022-01-18,1,1,39.9,15.96,False
394,7364,2021-12-27,3,7,324.93,130.0,False
394,11402,2021-12-15,3,5,549.59,219.84,False
394,5998,2021-10-19,2,5,589.5,235.8,False
394,2129,2021-04-25,3,6,579.94,232.0,False
394,11731,2020-07-05,2,4,327.96,131.2,False
394,2385,2020-04-14,1,1,129.99,52.0,False
394,14347,2020-04-09,1,3,1199.97,480.0,False
395,8860,2025-09-12,4,4,414.96,166.0,False
395,5296,2025-09-10,3,5,489.77,195.92,False
395,4429,2025-07-30,1,2,119.98,48.0,False
395,3092,2025-03-10,3,6,979.76,391.92,True
395,11043,2025-02-22,1,2,599.98,240.0,True
395,9252,2025-01-02,1,3,749.97,300.0,False
395,11599,2024-11-29,1,1,19.99,8.0,False
395,346,2024-11-04,3,5,509.77,203.92,False
395,6156,2024-01-14,1,2,499.98,200.0,False
395,9907,2023-10-18,3,4,359.87,143.96,False
395,5319,2023-04-25,2,4,619.96,248.0,False
395,774,2023-01-31,4,8,1219.65,487.88,False
395,3832,2023-01-07,4,6,709.94,284.0,False
395,9221,2022-10-18,4,10,689.45,275.8,False
395,6149,2022-06-18,4,8,494.92,198.0,False
395,6632,2021-11-18,1,2,199.8,79.92,False
395,330,2021-11-04,2,4,249.6,99.84,False
395,4454,2021-09-28,1,2,119.98,48.0,False
395,6502,2021-09-11,3,7,667.93,267.2,False
395,7122,2021-09-06,1,3,179.97,72.0,False
395,5212,2020-12-10,2,5,469.77,187.92,True
395,349,2020-04-28,4,6,244.94,98.0,False
395,8864,2020-02-22,1,2,99.98,40.0,False
396,13033,2025-12-16,2,3,549.79,219.92,False
396,2860,2025-04-06,4,9,1259.91,504.0,False
396,3213,2025-03-12,4,8,669.92,268.0,False
396,12691,2025-01-17,1,3,119.97,48.0,False
396,7004,2023-07-30,4,6,559.85,223.96,True
396,7529,2023-06-20,2,3,379.97,152.0,False
396,10967,2022-11-03,2,2,214.89,85.96,False
396,12534,2022-07-04,3,5,579.95,232.0,False
396,9236,2022-05-17,1,3,449.7,179.88,False
396,8597,2022-05-13,1,3,149.7,59.88,True
396,9202,2022-04-27,4,9,549.46,219.8,False
396,202,2021-10-31,1,1,249.99,100.0,False
396,8893,2021-07-09,3,8,719.74,287.92,False
396,5426,2021-06-22,4,7,461.57,184.64,True
396,4911,2021-03-25,3,6,779.85,311.96,False
396,6684,2020-11-03,1,1,199.99,80.0,False
396,8935,2020-08-11,3,4,534.87,213.96,False
396,8781,2020-05-20,3,6,615.49,246.2,False
396,5861,2020-01-02,4,5,669.86,267.96,False
397,8986,2025-08-26,3,5,479.95,192.0,False
397,790,2025-08-04,1,3,899.97,360.0,False
397,5543,2024-11-08,4,7,546.93,218.8,False
397,5491,2024-11-03,2,5,1399.95,560.0,False
397,12523,2023-06-08,1,2,159.98,64.0,False
397,6196,2022-10-05,4,7,689.39,275.76,False
397,5603,2022-04-22,4,8,1164.92,466.0,False
397,10529,2022-03-16,4,8,604.92,242.0,False
397,6390,2022-01-13,4,10,265.63,106.28,True
397,4211,2021-11-24,2,2,239.8,95.92,True
397,9183,2021-03-21,2,4,294.69,117.88,False
397,14233,2021-01-15,2,4,469.96,188.0,False
397,9303,2020-07-23,1,1,39.9,15.96,False
397,657,2020-04-11,4,9,1359.91,544.0,False
397,170,2020-03-14,4,5,854.86,341.96,False
397,11242,2020-02-14,1,2,51.98,20.8,False
398,10765,2025-10-24,1,2,179.8,71.92,False
398,747,2025-07-17,1,3,149.7,59.88,False
398,923,2024-07-04,1,2,319.98,128.0,False
398,7090,2023-11-06,2,3,449.88,179.96,False
398,7099,2023-09-02,1,1,19.99,8.0,True
398,1002,2023-04-27,4,8,929.83,371.96,False
398,9260,2022-11-18,4,7,789.93,316.0,True
398,11693,2022-11-08,3,6,469.76,187.92,False
398,3107,2022-07-18,4,5,379.86,151.96,False
398,2212,2022-04-11,4,9,944.1,377.64,False
398,4759,2021-10-12,1,1,19.99,8.0,False
398,4849,2021-07-22,1,1,34.99,14.0,False
398,5222,2020-11-15,1,1,99.99,40.0,False
398,13094,2020-03-28,2,4,949.69,379.88,False
399,7819,2025-08-14,3,6,449.76,179.92,False
399,13988,2025-05-04,4,7,879.75,351.92,False
399,14503,2025-04-04,1,2,51.98,20.8,False
399,7198,2024-02-14,4,7,599.93,240.0,True
399,8311,2024-02-09,3,3,469.79,187.92,False
399,4650,2023-11-15,1,2,699.98,280.0,False
399,8431,2022-05-02,2,4,439.96,176.0,False
399,14575,2022-03-02,3,6,709.94,284.0,False
399,875,2022-02-04,3,7,1851.93,740.8,False
399,8270,2021-12-03,1,1,59.99,24.0,False
399,610,2021-02-19,4,6,904.94,362.0,True
399,13914,2020-07-24,1,3,59.97,24.0,False
399,939,2020-07-22,3,6,459.67,183.88,False
399,6271,2020-07-07,1,3,1199.97,480.0,False
400,1428,2025-09-13,3,3,509.97,204.0,False
400,13584,2025-07-22,2,2,154.89,61.96,False
400,1562,2025-05-17,4,9,649.19,259.68,False
400,11199,2025-03-09,1,1,119.9,47.96,False
400,11798,2024-07-31,4,7,1074.48,429.8,False
400,8296,2024-03-05,4,10,709.9,284.0,False
400,3630,2024-02-03,4,11,1659.62,663.88,False
400,12099,2023-09-01,1,1,349.99,140.0,True
400,9219,2023-03-16,2,3,859.97,344.0,False
400,4457,2023-02-04,1,2,139.8,55.92,False
400,4517,2023-01-30,2,4,1119.87,447.96,False
400,7292,2022-11-25,4,8,579.56,231.84,False
400,7385,2022-06-30,4,6,669.85,267.96,True
400,12654,2021-06-14,1,2,179.98,72.0,False
400,5791,2021-03-06,4,9,944.73,377.92,False
401,5125,2025-05-03,2,4,299.78,119.92,False
401,3314,2024-09-09,2,3,679.97,272.0,False
401,11810,2024-03-11,4,7,979.75,391.92,False
401,2090,2024-03-09,4,10,509.63,203.88,False
401,4335,2023-12-15,2,5,234.68,93.88,False
401,2732,2023-09-29,1,1,199.9,79.96,False
401,2758,2023-09-21,3,9,1469.64,587.88,False
401,6543,2023-09-20,4,9,1805.91,722.4,False
401,1056,2023-04-29,1,1,69.99,28.0,False
401,5987,2023-04-16,4,7,434.75,173.92,False
401,11548,2023-03-08,3,5,889.68,355.88,False
401,6852,2023-01-27,1,3,299.7,119.88,False
401,9975,2023-01-06,1,2,99.98,40.0,False
401,2462,2022-11-26,4,6,529.94,212.0,True
401,13043,2022-09-06,3,4,619.96,248.0,True
401,652,2022-06-07,1,3,119.7,47.88,True
401,1105,2022-05-29,2,3,354.97,142.0,False
401,8229,2022-04-27,4,8,1349.74,539.92,False
401,13251,2022-04-26,1,3,239.97,96.0,False
401,10576,2022-01-11,4,7,929.93,372.0,False
401,14502,2021-06-10,3,5,589.95,236.0,False
401,13508,2021-05-17,3,7,749.66,299.88,False
401,3880,2021-05-15,3,4,349.69,139.88,False
401,14420,2020-10-20,4,8,629.74,251.92,False
401,7775,2020-02-24,1,1,129.99,52.0,False
402,9278,2025-09-12,4,8,1019.92,408.0,True
402,13464,2025-08-02,3,5,959.86,383.96,False
402,5477,2025-07-10,2,3,759.97,304.0,False
402,14705,2025-04-01,2,4,379.96,152.0,False
402,5859,2024-08-02,2,2,399.98,160.0,False
402,2846,2024-05-26,4,6,479.94,192.0,True
402,10503,2024-03-24,4,7,609.66,243.88,False
402,8095,2024-02-29,3,7,1449.93,580.0,False
402,9426,2024-02-04,3,5,459.77,183.92,False
402,3929,2023-11-30,3,5,1189.86,475.96,False
402,11462,2023-03-20,2,3,199.88,79.96,False
402,12202,2022-05-18,4,7,465.57,186.24,False
402,14131,2022-04-15,4,8,533.74,213.52,False
402,6931,2021-03-02,1,3,179.97,72.0,False
402,7559,2020-12-19,3,7,779.66,311.88,False
402,827,2020-09-26,3,8,644.65,257.88,False
402,14830,2020-08-29,3,5,909.77,363.92,False
403,14824,2025-08-15,3,6,489.67,195.88,False
403,9476,2024-07-04,4,5,889.95,356.0,False
403,6719,2024-06-10,3,4,709.96,284.0,False
403,6323,2024-04-14,3,7,909.75,363.92,False
403,1966,2024-04-13,4,8,1199.65,479.88,False
403,1724,2024-01-09,3,6,999.4,399.76,False
403,10339,2023-09-16,1,1,24.9,9.96,False
403,11525,2023-07-01,2,5,459.68,183.88,False
403,4405,2023-04-14,2,5,429.68,171.88,False
403,11512,2022-03-19,4,9,1759.91,704.0,False
403,7261,2021-12-04,1,3,299.97,120.0,True
403,2968,2021-07-24,4,6,314.85,125.96,False
403,13660,2020-10-08,4,6,484.58,193.84,False
403,4931,2020-02-14,4,7,924.3,369.72,False
404,5610,2025-11-23,4,9,599.64,239.88,False
404,420,2025-10-18,4,8,501.92,200.8,True
404,12394,2025-06-26,2,3,629.97,252.0,False
404,8265,2024-12-31,1,3,269.97,108.0,False
404,12747,2024-12-10,4,8,699.92,280.0,False
404,11502,2024-04-08,4,8,1109.92,444.0,False
404,4554,2024-04-06,2,5,659.68,263.88,False
404,3851,2023-11-18,4,7,1379.48,551.8,False
404,11049,2023-11-15,1,3,59.97,24.0,False
404,12503,2023-11-07,3,4,459.78,183.92,False
404,5406,2023-11-06,3,7,809.93,324.0,True
404,12184,2023-09-18,4,7,659.84,263.96,False
404,9411,2023-09-09,4,7,924.93,370.0,True
404,256,2023-06-15,4,9,989.91,396.0,False
404,5975,2022-11-04,2,4,999.96,400.0,False
404,5722,2022-03-03,3,5,519.77,207.92,False
404,8895,2021-10-16,3,6,319.67,127.88,False
404,69,2021-09-25,3,9,1769.64,707.88,False
404,5130,2021-02-19,2,3,409.97,164.0,True
404,9597,2020-04-15,1,1,24.99,10.0,False
404,14989,2020-03-12,2,4,279.96,112.0,False
404,7773,2020-03-05,1,2,359.98,144.0,False
405,13629,2024-09-28,1,3,389.97,156.0,False
405,4523,2023-12-02,1,1,149.99,60.0,False
405,734,2023-06-14,1,1,89.9,35.96,False
405,3988,2023-01-11,1,2,39.98,16.0,False
405,5524,2022-12-21,3,6,579.76,231.92,False
405,8722,2022-09-28,2,3,399.7,159.88,False
405,4594,2022-08-26,2,3,309.7,123.88,False
405,11622,2022-06-24,4,7,799.75,319.92,False
405,717,2022-06-10,1,3,569.97,228.0,False
405,11606,2022-05-26,4,8,999.47,399.8,False
405,10015,2022-05-14,1,3,569.97,228.0,False
405,9403,2021-07-31,2,4,539.6,215.84,False
405,7363,2021-06-26,2,5,359.5,143.8,False
405,4039,2020-08-27,3,6,849.94,340.0,False
405,570,2020-01-13,1,1,149.99,60.0,False
406,3414,2025-11-24,2,3,469.79,187.92,False
406,10295,2025-10-31,3,6,759.67,303.88,False
406,4902,2025-07-15,3,8,869.74,347.92,True
406,14662,2025-04-15,3,9,824.37,329.76,False
406,7238,2024-11-07,2,5,1399.95,560.0,False
406,13315,2024-06-06,1,1,39.9,15.96,False
406,11530,2024-05-11,4,10,919.45,367.8,True
406,144,2024-04-08,1,1,59.99,24.0,False
406,7443,2023-03-05,3,8,1269.65,507.88,False
406,8875,2023-01-30,3,6,499.67,199.88,False
406,5086,2022-11-10,2,4,239.78,95.92,True
406,7901,2022-02-16,1,1,399.99,160.0,False
406,2001,2021-05-09,3,4,269.69,107.88,False
406,3696,2021-02-08,4,11,734.35,293.76,False
406,10127,2021-01-20,4,8,1519.74,607.92,False
406,11551,2020-12-16,2,4,309.6,123.84,False
406,10054,2020-11-19,2,3,649.97,260.0,False
406,5013,2020-07-30,3,6,919.76,367.92,False
406,43,2020-06-23,1,3,389.97,156.0,False
406,10977,2020-06-19,4,8,1469.65,587.88,False
406,14192,2020-06-04,3,4,629.96,252.0,False
407,46,2025-11-06,3,6,1469.85,587.96,False
407,8967,2025-09-07,2,4,299.96,120.0,False
407,3658,2025-08-23,1,1,139.99,56.0,False
407,1330,2025-06-10,3,4,179.96,72.0,False
407,1473,2025-02-13,2,5,479.95,192.0,False
407,3567,2024-09-07,4,7,581.66,232.68,False
407,13134,2024-08-15,2,4,209.96,84.0,False
407,6932,2024-06-20,2,4,929.96,372.0,False
407,8790,2023-01-17,1,2,39.98,16.0,False
407,13724,2021-10-13,3,4,629.96,252.0,False
407,7367,2021-05-14,4,8,629.74,251.92,False
407,3895,2021-03-03,2,5,569.68,227.88,False
407,1997,2020-11-11,3,6,1049.85,419.96,False
407,7840,2020-06-04,1,2,319.98,128.0,False
408,1155,2025-12-30,1,1,24.9,9.96,False
408,9029,2025-10-11,2,3,224.7,89.88,False
408,3714,2025-09-10,2,5,214.5,85.8,False
408,13049,2024-10-13,2,4,489.6,195.84,True
408,9033,2024-10-09,1,3,449.7,179.88,False
408,55,2024-07-14,2,6,509.4,203.76,False
408,11278,2024-05-29,1,2,239.98,96.0,False
408,77,2023-10-05,4,7,929.48,371.8,False
408,1141,2023-10-02,2,4,299.69,119.88,False
408,13183,2023-10-01,3,5,799.5,319.8,False
408,8797,2022-04-04,4,7,985.75,394.32,False
408,6244,2022-02-10,4,5,769.95,308.0,False
408,6614,2021-10-17,3,6,240.76,96.32,False
408,4294,2021-09-23,3,8,889.65,355.88,True
408,11064,2021-07-01,2,3,209.88,83.96,False
408,9862,2021-03-27,1,3,269.97,108.0,False
408,10955,2021-01-02,4,10,664.9,266.0,False
408,9172,2020-12-27,1,1,39.9,15.96,False
408,12145,2020-12-21,1,3,179.97,72.0,False
408,2028,2020-11-30,3,3,329.88,131.96,False
408,13820,2020-10-06,3,7,699.75,279.92,False
408,10591,2020-01-20,4,9,529.82,211.96,False
409,5074,2025-11-24,3,7,429.75,171.92,True
409,9096,2025-06-25,1,3,179.97,72.0,False
409,11135,2025-05-28,4,9,1229.46,491.8,False
409,12398,2025-02-01,2,6,1049.94,420.0,True
409,12324,2024-10-06,1,3,899.97,360.0,False
409,4482,2024-08-27,3,9,899.64,359.88,False
409,13572,2024-07-17,4,8,879.74,351.92,True
409,7908,2024-07-13,2,4,509.96,204.0,False
409,8715,2024-05-02,4,7,363.57,141.84,False
409,9109,2024-04-27,2,4,179.96,72.0,True
409,2596,2023-01-15,1,1,79.99,32.0,False
409,9704,2022-10-11,4,7,885.57,354.24,False
409,6384,2022-08-12,3,6,377.67,151.08,False
409,6086,2022-04-13,2,3,189.7,75.88,False
409,8716,2021-07-01,1,2,299.98,120.0,False
409,4299,2021-01-09,1,2,99.98,40.0,False
409,3219,2020-10-26,3,9,1589.91,636.0,False
409,10789,2020-08-23,3,3,324.88,129.96,False
409,12895,2020-07-09,2,5,289.95,116.0,False
409,5023,2020-05-24,1,2,139.8,55.92,False
409,6888,2020-03-28,1,1,19.99,8.0,False
409,3234,2020-03-24,1,1,299.99,120.0,False
410,10087,2025-09-05,3,7,1449.93,580.0,False
410,2959,2025-03-09,2,4,249.87,99.96,False
410,8099,2025-01-17,2,2,69.98,28.0,False
410,11340,2023-09-21,3,5,574.77,229.92,False
410,12781,2023-03-23,4,8,711.92,284.8,True
410,4623,2023-03-17,2,5,189.95,76.0,False
410,2265,2022-11-16,3,5,859.95,344.0,False
410,6185,2021-10-24,3,5,489.59,195.84,False
410,12151,2021-10-17,2,4,939.96,376.0,False
410,11112,2021-08-28,3,3,469.88,187.96,False
410,655,2021-06-13,2,3,249.88,99.96,False
410,2449,2021-02-20,2,2,309.98,124.0,False
410,10593,2020-04-26,2,5,289.77,115.92,False
410,4716,2020-02-02,3,4,269.87,107.96,False
411,3816,2025-11-01,2,3,159.88,63.96,False
411,7850,2025-02-03,3,5,399.77,159.92,False
411,4286,2024-06-29,1,3,449.97,180.0,False
411,12758,2024-03-30,4,8,699.92,280.0,False
411,13842,2024-03-04,1,2,499.98,200.0,False
411,11046,2023-10-09,1,2,799.98,320.0,False
411,6286,2023-08-12,1,3,299.7,119.88,False
411,1021,2023-06-21,4,8,1079.92,432.0,False
411,6870,2023-02-21,4,12,2279.61,911.88,False
411,9586,2022-09-20,1,1,149.99,60.0,False
411,823,2022-07-23,1,3,269.97,108.0,False
411,8194,2022-03-07,1,1,49.99,20.0,False
411,5327,2022-01-26,3,8,1899.92,760.0,False
411,2701,2021-05-05,3,6,899.76,359.92,False
411,7130,2021-04-29,1,2,69.98,28.0,False
411,4496,2021-03-11,1,1,24.99,10.0,False
411,14648,2020-03-03,2,4,519.96,208.0,False
412,4634,2025-12-04,4,5,629.86,251.96,False
412,11145,2025-08-31,4,7,489.93,196.0,False
412,14603,2025-04-15,3,4,184.78,73.92,False
412,14331,2024-11-22,2,3,529.97,212.0,False
412,5588,2023-10-01,4,10,379.9,152.0,False
412,2870,2023-07-31,1,1,199.99,80.0,False
412,1886,2023-04-30,4,10,1489.63,595.88,False
412,9768,2022-06-24,3,5,579.95,232.0,False
412,527,2022-03-27,4,7,304.39,121.76,False
412,1682,2022-01-19,1,3,359.7,143.88,False
412,12199,2021-10-01,3,7,1179.84,471.96,False
412,12971,2021-09-23,4,8,1029.74,411.92,False
412,7345,2021-08-26,3,4,449.87,179.96,True
412,13826,2021-08-09,2,6,749.94,300.0,False
412,4377,2021-06-13,3,7,264.93,106.0,False
412,1018,2020-12-17,1,1,99.9,39.96,False
412,9905,2020-11-24,2,3,309.97,124.0,False
412,11858,2020-11-07,3,5,349.59,139.84,False
412,6668,2020-09-11,2,4,129.87,51.96,False
413,2781,2025-09-22,1,3,1049.97,420.0,False
413,7352,2025-07-09,2,2,259.98,104.0,False
413,1871,2025-04-30,2,3,569.97,228.0,True
413,3841,2024-11-05,1,1,119.99,48.0,False
413,13329,2024-08-13,1,3,569.97,228.0,False
413,10443,2023-11-19,3,7,579.66,231.88,False
413,709,2023-06-06,1,1,149.99,60.0,False
413,1054,2023-04-25,4,9,589.37,235.76,False
413,7575,2023-02-17,2,6,1439.94,576.0,True
413,11287,2022-11-04,2,4,179.96,72.0,False
413,2610,2022-01-10,3,5,479.68,191.88,False
413,1823,2021-10-01,4,5,549.95,220.0,False
413,13702,2021-05-25,1,2,599.98,240.0,False
413,339,2021-01-30,2,4,479.96,192.0,True
413,1376,2020-11-25,2,3,239.97,96.0,False
413,3128,2020-10-09,2,3,209.97,84.0,False
413,216,2020-07-09,1,1,129.99,52.0,False
413,1670,2020-05-24,4,8,739.56,295.84,False
413,14235,2020-04-02,3,7,539.93,216.0,False
413,4502,2020-02-10,1,3,119.7,47.88,False
414,1594,2025-10-19,2,4,399.96,160.0,False
414,14361,2024-12-16,3,4,699.96,280.0,False
414,7144,2024-10-24,3,6,391.94,156.8,False
414,4570,2024-07-04,1,2,39.98,16.0,False
414,5211,2024-06-12,1,1,399.99,160.0,False
414,7258,2024-03-11,4,8,264.83,105.96,False
414,3921,2024-03-01,1,3,479.97,192.0,False
414,9652,2024-02-03,3,7,1139.66,455.88,False
414,14736,2023-03-22,4,9,629.46,251.8,False
414,2353,2022-12-10,4,7,1249.93,500.0,False
414,13450,2022-11-01,1,1,119.99,48.0,False
414,14802,2022-10-02,3,4,429.96,172.0,False
414,10504,2022-08-26,3,7,1154.93,462.0,False
414,2069,2022-07-16,3,5,1099.95,440.0,False
414,2452,2022-04-19,1,2,239.8,95.92,False
414,10939,2022-03-25,3,5,739.95,296.0,False
414,6380,2022-02-22,1,3,299.97,120.0,False
414,10419,2021-05-13,1,2,259.8,103.92,False
414,4750,2021-04-18,1,2,599.98,240.0,False
414,4029,2020-03-09,3,7,439.93,176.0,False
415,13729,2025-11-05,4,10,1389.9,556.0,False
415,11343,2025-08-04,4,11,1199.62,479.88,True
415,11953,2025-07-04,3,7,1579.66,631.88,False
415,8589,2025-02-18,1,1,99.9,39.96,False
415,14163,2025-01-24,1,3,269.97,108.0,False
415,3839,2024-09-01,1,3,389.97,156.0,False
415,1310,2024-04-29,1,1,39.9,15.96,False
415,12835,2024-04-21,1,3,104.97,42.0,False
415,1287,2024-02-03,2,4,449.78,179.92,False
415,10072,2023-12-13,1,1,249.99,100.0,True
415,3323,2023-11-22,1,2,319.98,128.0,False
415,9294,2023-10-29,4,8,799.38,319.76,False
415,12715,2023-04-09,4,10,1044.36,417.76,False
415,816,2023-03-20,1,3,269.97,108.0,False
415,1816,2022-11-27,2,4,299.96,120.0,False
415,14691,2022-11-01,1,2,59.98,24.0,False
415,7313,2022-10-19,2,5,579.95,232.0,True
415,9269,2022-07-01,3,7,1389.84,555.96,False
415,14293,2022-04-28,1,2,239.8,95.92,False
415,9054,2021-12-01,1,2,99.98,40.0,False
415,14412,2021-01-23,4,8,579.92,232.0,False
415,7804,2020-05-02,1,2,59.98,24.0,False
415,7965,2020-03-03,1,3,1199.97,480.0,False
416,13664,2025-06-20,1,3,119.7,47.88,False
416,4083,2024-12-29,3,4,549.87,219.96,False
416,9390,2024-09-03,1,3,239.97,96.0,False
416,9330,2024-05-17,2,4,799.78,319.92,False
416,4338,2024-03-16,2,4,419.96,168.0,False
416,4980,2024-03-11,1,2,159.98,64.0,False
416,1923,2023-06-19,3,4,249.87,99.96,False
416,11640,2023-05-23,4,8,1409.65,563.88,True
416,331,2023-03-29,1,2,39.98,16.0,False
416,9361,2022-03-21,1,3,749.97,300.0,False
416,2822,2022-02-10,4,10,492.54,197.04,False
416,10691,2022-01-07,1,1,159.99,64.0,False
416,11775,2021-09-01,2,4,419.69,167.88,False
416,12594,2021-08-08,4,10,504.81,201.96,False
416,1418,2021-07-28,4,8,829.74,331.92,False
416,3665,2021-01-30,1,1,299.99,120.0,False
416,14893,2021-01-12,3,7,429.75,171.92,True
416,11150,2020-12-01,2,2,249.98,100.0,False
416,4169,2020-06-26,2,4,579.87,231.96,False
417,12636,2025-10-29,1,3,119.7,47.88,False
417,7371,2025-02-11,1,2,119.98,48.0,False
417,5383,2024-11-29,3,6,829.94,332.0,False
417,11750,2024-11-25,3,5,329.86,131.96,False
417,11499,2024-11-16,4,5,669.86,267.96,True
417,13083,2024-08-10,4,6,589.85,235.96,False
417,13924,2024-06-09,3,8,404.65,161.88,False
417,8780,2024-05-12,2,3,104.88,41.96,False
417,8098,2023-10-17,2,4,399.78,159.92,False
417,12851,2023-06-01,2,6,479.94,192.0,False
417,2451,2022-09-21,3,9,839.91,336.0,True
417,6465,2022-08-26,2,3,219.97,88.0,True
417,1385,2022-07-27,3,4,479.87,191.96,False
417,7113,2022-06-05,4,6,1639.94,656.0,False
417,2161,2022-05-31,2,2,419.98,168.0,False
417,14811,2022-05-14,2,5,419.68,167.88,False
417,7508,2022-02-19,2,3,899.97,360.0,False
417,14115,2021-06-13,4,7,589.75,235.92,False
417,8005,2021-05-31,3,6,1589.94,636.0,False
417,4336,2021-04-10,4,6,439.94,176.0,False
417,14818,2021-03-14,2,4,279.96,112.0,False
417,4241,2021-02-10,4,9,1179.73,471.92,False
417,5111,2021-01-07,2,3,99.97,40.0,False
417,12530,2020-08-15,4,12,734.34,293.76,False
417,8442,2020-03-29,1,2,499.98,200.0,False
418,13117,2025-10-04,3,5,354.86,141.96,False
418,9445,2025-02-07,4,10,1689.45,675.8,True
418,9008,2024-11-02,2,3,299.79,119.92,False
418,9267,2024-10-08,2,5,589.68,235.88,False
418,12622,2024-06-09,1,3,179.97,72.0,False
418,6122,2024-04-23,1,3,389.7,155.88,False
418,3672,2024-01-02,1,3,389.7,155.88,False
418,9479,2023-10-27,4,9,1039.91,416.0,True
418,6477,2023-05-17,2,5,169.68,67.88,True
418,3570,2023-05-03,4,8,529.74,211.92,False
418,13235,2022-10-07,2,5,509.68,203.88,False
418,5461,2022-08-31,3,8,569.65,227.88,False
418,6944,2022-05-17,4,8,1049.74,419.92,True
418,11033,2022-05-02,1,1,25.99,10.4,False
418,11170,2022-04-09,4,10,999.72,399.92,False
418,5622,2021-12-30,1,1,399.99,160.0,False
418,6433,2021-10-05,4,8,984.83,393.96,False
418,10864,2021-09-11,3,7,869.75,347.92,False
418,12142,2021-06-02,4,9,619.37,247.76,False
418,2333,2021-02-23,4,5,299.95,120.0,False
418,8540,2021-02-12,3,5,679.95,272.0,False
418,14531,2020-11-24,2,4,1129.96,452.0,False
418,13441,2020-06-25,3,4,759.87,303.96,False
418,3207,2020-06-18,1,2,99.8,39.92,False
419,12725,2025-10-13,3,8,1389.74,555.92,False
419,2021,2025-08-18,4,10,354.63,141.88,False
419,9846,2025-05-29,2,3,139.79,55.92,False
419,12347,2025-05-17,1,3,749.97,300.0,False
419,14938,2025-02-21,3,7,549.66,219.88,False
419,10640,2025-01-11,2,3,289.97,116.0,False
419,6845,2024-11-03,1,1,59.99,24.0,False
419,2840,2024-08-16,1,1,39.9,15.96,False
419,12158,2024-04-28,4,10,1219.9,488.0,True
419,8538,2023-09-24,2,4,784.96,314.0,False
419,6562,2023-08-20,3,7,534.66,213.88,False
419,2337,2023-08-02,4,7,309.75,123.92,False
419,5541,2023-07-22,2,4,639.96,256.0,False
419,7885,2023-07-15,4,9,769.55,307.84,False
419,12722,2023-03-11,3,4,819.87,327.96,False
419,9819,2023-02-05,4,12,527.88,211.2,False
419,13354,2022-08-07,1,3,479.97,192.0,False
419,11133,2022-07-09,1,1,59.99,24.0,False
419,6518,2022-03-09,4,6,1014.67,405.88,False
419,10370,2021-10-13,3,7,444.93,178.0,False
419,13139,2021-08-08,4,12,1799.61,719.88,False
419,865,2021-06-03,1,1,99.99,40.0,False
419,8762,2021-04-02,3,6,879.94,352.0,False
419,13078,2021-01-01,1,1,59.99,24.0,False
419,13503,2020-05-09,4,7,719.84,287.96,False
419,7312,2020-01-23,4,9,1439.91,576.0,False
420,6056,2025-08-04,3,6,459.85,183.96,False
420,886,2025-07-30,2,4,1169.87,467.96,False
420,12681,2025-07-10,4,6,879.67,351.88,True
420,10643,2025-06-14,3,7,1349.93,540.0,False
420,7736,2025-01-17,4,8,355.74,142.32,False
420,1193,2025-01-13,1,3,359.97,144.0,False
420,8827,2024-06-16,3,8,1069.65,427.88,False
420,10075,2023-07-28,3,5,279.95,112.0,False
420,5308,2023-07-04,4,6,919.94,368.0,True
420,8760,2023-06-10,1,1,249.99,100.0,False
420,7744,2023-04-02,1,2,139.98,56.0,False
420,3410,2023-01-22,4,8,1499.56,599.84,False
420,8201,2023-01-11,4,6,294.58,117.84,False
420,8756,2022-08-28,1,3,239.97,96.0,False
420,3002,2021-12-31,4,9,1604.64,641.88,False
420,7533,2021-11-15,3,5,1139.95,456.0,False
420,5651,2021-11-02,2,2,64.89,25.96,False
420,10916,2021-09-26,2,5,1009.95,404.0,False
420,7372,2021-09-15,2,4,639.87,255.96,False
420,3651,2021-06-18,1,2,79.8,31.92,False
420,4445,2020-09-16,4,7,909.75,363.92,False
420,316,2020-07-18,3,6,839.85,335.96,False
420,4892,2020-06-03,4,10,1149.9,460.0,False
421,2110,2025-11-10,1,3,299.7,119.88,False
421,3244,2025-09-21,4,9,1139.73,455.92,False
421,10348,2025-08-17,3,5,509.86,203.96,False
421,2666,2025-05-31,2,3,185.97,74.4,False
421,4463,2025-05-17,2,2,189.89,75.96,True
421,3191,2024-11-04,4,7,1619.93,648.0,False
421,14406,2024-10-28,4,7,579.84,231.96,True
421,1240,2024-10-01,2,4,179.69,71.88,False
421,6706,2023-10-01,3,9,569.64,227.88,False
421,4402,2023-03-24,2,5,154.77,61.92,False
421,907,2023-01-23,3,5,459.77,183.92,False
421,13433,2022-11-06,1,1,349.99,140.0,False
421,3659,2022-08-23,4,9,1809.91,724.0,True
421,10782,2022-07-04,2,6,434.4,173.76,False
421,9599,2022-01-23,1,3,749.97,300.0,False
421,8989,2021-10-25,4,8,459.74,183.92,False
421,290,2021-08-04,1,2,199.8,79.92,False
421,10746,2020-11-23,3,5,484.86,193.96,False
421,6986,2020-11-01,2,2,219.98,88.0,False
421,6240,2020-10-30,4,7,449.84,179.96,False
422,5891,2024-12-25,2,4,449.69,179.88,False
422,8316,2024-05-25,3,7,924.93,370.0,False
422,11706,2024-03-23,2,5,1199.95,480.0,False
422,3132,2024-03-16,2,4,799.87,319.96,False
422,11169,2024-03-12,1,1,24.9,9.96,False
422,12773,2024-02-25,1,1,149.99,60.0,False
422,11760,2023-12-08,2,3,289.97,116.0,False
422,10906,2023-08-09,3,6,659.4,263.76,False
422,13325,2023-04-24,4,9,519.37,207.76,True
422,14967,2022-10-18,3,5,419.59,167.84,False
422,6270,2021-03-31,4,9,869.37,347.76,False
422,14093,2021-03-18,3,5,585.95,234.4,False
422,7344,2020-12-21,2,5,264.95,106.0,False
422,7405,2020-09-06,2,3,339.79,135.92,False
422,6068,2020-05-02,1,2,49.8,19.92,False
422,13408,2020-03-18,1,2,179.98,72.0,False
423,14614,2025-06-19,4,6,609.94,244.0,False
423,8303,2025-04-24,3,7,809.93,324.0,False
423,8358,2025-03-11,3,5,589.77,235.92,False
423,45,2024-09-14,1,1,49.99,20.0,False
423,7403,2023-09-20,4,7,1129.84,451.96,False
423,10564,2022-08-28,4,8,854.65,341.88,False
423,2077,2022-08-27,1,2,359.98,144.0,False
423,972,2022-06-21,2,4,539.78,215.92,False
423,6840,2021-07-17,3,8,1149.38,459.76,False
423,12345,2021-06-08,4,6,339.94,136.0,False
423,8805,2021-05-30,3,5,689.68,275.88,False
423,11933,2020-10-26,2,2,399.89,159.96,False
423,2327,2020-08-26,2,4,719.96,288.0,False
423,3750,2020-07-10,3,9,449.91,180.0,False
423,7975,2020-06-07,3,5,494.95,198.0,False
423,8491,2020-04-07,1,1,19.99,8.0,False
423,158,2020-03-15,2,4,509.96,204.0,False
424,1949,2025-12-08,2,4,139.69,55.88,False
424,7768,2025-12-05,1,1,159.99,64.0,False
424,4085,2025-06-29,1,3,389.7,155.88,False
424,5132,2025-03-24,4,6,344.94,138.0,True
424,7757,2025-01-10,1,3,164.7,65.88,False
424,2185,2024-06-28,2,3,639.97,256.0,False
424,14308,2022-09-17,4,7,629.93,252.0,False
424,14455,2022-09-16,3,5,459.77,183.92,True
424,11003,2022-08-05,3,7,754.66,301.88,False
424,9066,2021-10-05,3,9,779.91,312.0,True
424,11865,2021-09-24,2,3,329.79,131.92,False
424,14124,2021-09-08,4,10,1709.9,684.0,True
424,6938,2020-08-20,4,6,294.67,117.88,False
424,416,2020-05-24,3,4,379.87,151.96,False
425,2682,2025-11-18,4,10,979.63,391.88,False
425,2443,2025-09-10,2,4,409.96,164.0,False
425,12867,2025-08-12,4,5,429.95,172.0,False
425,348,2025-05-18,3,3,329.88,131.96,False
425,8510,2025-05-07,3,7,569.93,228.0,False
425,7636,2024-11-25,2,4,309.96,124.0,False
425,8651,2024-11-20,3,5,869.5,347.8,False
425,12249,2024-09-16,2,4,144.87,57.96,False
425,9046,2024-02-07,4,5,404.86,161.96,False
425,14275,2023-12-12,4,7,469.84,187.96,True
425,6050,2022-06-23,2,4,299.6,119.84,False
425,6158,2021-11-09,1,3,899.97,360.0,False
425,11437,2021-11-02,2,5,249.95,100.0,False
425,5810,2021-09-08,1,3,449.97,180.0,False
425,12006,2021-08-15,3,7,1589.75,635.92,False
425,1559,2021-06-19,4,6,379.85,151.96,False
425,4852,2021-05-22,4,9,624.73,249.92,True
425,14558,2021-02-01,4,8,539.83,215.96,False
425,7453,2020-07-16,4,8,899.92,360.0,False
425,14699,2020-05-26,3,4,689.96,276.0,False
425,2086,2020-02-15,4,9,1699.64,679.88,False
426,8342,2025-04-03,4,8,1429.92,572.0,False
426,8329,2024-12-19,3,7,589.93,236.0,False
426,13383,2024-12-15,3,7,659.93,264.0,False
426,283,2024-10-11,2,3,369.97,148.0,False
426,3792,2024-09-27,2,5,689.95,276.0,False
426,14520,2024-04-20,1,2,179.8,71.92,False
426,37,2022-08-11,4,7,549.66,219.88,False
426,409,2021-11-09,3,5,509.95,204.0,False
426,5776,2021-04-09,3,5,384.5,153.8,False
426,7447,2020-12-12,1,2,49.8,19.92,False
426,1124,2020-12-03,4,8,1399.65,559.88,False
426,5439,2020-11-24,4,7,1349.75,539.92,True
426,1025,2020-08-19,3,4,279.69,111.88,False
427,5239,2025-11-18,4,10,1067.9,427.2,False
427,9292,2025-06-10,2,4,439.78,175.92,False
427,8487,2025-05-15,2,4,679.96,272.0,False
427,13881,2024-11-27,1,2,179.8,71.92,False
427,12785,2024-10-28,1,3,179.97,72.0,False
427,1348,2024-08-15,4,9,829.46,331.8,False
427,9107,2023-05-22,1,3,239.97,96.0,False
427,12128,2022-06-02,3,6,499.94,200.0,False
427,5813,2022-03-24,2,4,959.96,384.0,False
427,5175,2022-03-04,3,4,440.87,176.36,False
427,10,2022-01-03,3,7,1599.93,640.0,False
427,6364,2021-09-26,1,1,24.99,10.0,False
427,9627,2021-03-02,1,1,69.99,28.0,False
427,4395,2020-08-26,3,7,829.48,331.8,False
427,11472,2020-05-14,2,2,499.98,200.0,False
427,2554,2020-01-10,3,7,1159.93,464.0,False
428,13721,2025-12-16,2,4,309.6,123.84,False
428,4703,2025-11-27,3,6,579.58,231.84,False
428,6151,2025-10-14,4,11,954.62,381.88,False
428,447,2025-06-04,4,7,415.57,166.24,False
428,13514,2025-04-22,2,3,379.97,152.0,True
428,4860,2024-06-10,4,7,651.57,260.64,True
428,12847,2023-11-03,1,3,59.97,24.0,True
428,13954,2023-08-30,2,2,459.98,184.0,False
428,8278,2022-01-20,3,8,1064.38,425.76,False
428,13787,2022-01-15,1,2,599.98,240.0,False
428,6829,2021-05-09,1,2,69.98,28.0,False
428,9608,2021-04-23,4,4,264.87,105.96,False
428,2644,2020-07-16,1,3,419.97,168.0,False
428,6070,2020-04-05,4,7,1049.75,419.92,False
429,13331,2025-07-31,2,3,459.97,184.0,False
429,6255,2024-12-30,1,3,269.97,108.0,False
429,7430,2024-07-09,1,1,99.9,39.96,False
429,11577,2023-11-11,1,1,49.99,20.0,False
429,1976,2023-03-01,4,9,1169.64,467.88,True
429,9735,2023-01-06,2,5,449.68,179.88,False
429,12300,2022-08-10,2,6,527.94,211.2,False
429,12854,2022-08-07,1,3,299.7,119.88,False
429,13002,2021-11-07,1,2,299.98,120.0,False
429,5914,2021-10-27,4,9,729.73,291.92,False
429,9438,2021-10-27,3,5,1294.86,517.96,False
429,12231,2021-03-20,1,3,179.97,72.0,False
429,4774,2021-01-29,2,2,219.89,87.96,False
429,12479,2020-08-26,2,5,609.95,244.0,False
430,5249,2025-10-05,4,8,1109.74,443.92,True
430,2360,2024-12-23,1,1,59.99,24.0,False
430,10218,2024-10-16,3,6,649.94,260.0,False
430,1280,2023-10-21,1,1,99.9,39.96,False
430,3863,2023-10-05,2,4,669.87,267.96,False
430,2296,2023-09-17,2,4,759.96,304.0,True
430,23,2023-08-02,4,7,1379.93,552.0,True
430,11993,2023-04-28,1,2,159.98,64.0,False
430,2811,2023-02-15,2,4,459.96,184.0,False
430,6593,2023-01-06,4,9,1404.91,562.0,False
430,2386,2022-11-28,3,5,919.95,368.0,False
430,11519,2022-09-14,4,10,589.9,236.0,False
430,1854,2022-07-29,1,2,279.98,112.0,False
430,4240,2022-01-28,2,4,269.96,108.0,False
430,4842,2021-10-10,2,4,109.96,44.0,False
430,362,2021-09-15,1,2,49.98,20.0,False
430,9321,2021-06-18,4,10,809.81,323.96,True
430,4526,2020-04-26,3,5,159.86,63.96,False
431,2023,2025-12-24,4,9,1279.64,511.88,False
431,4256,2025-11-12,2,5,1459.95,584.0,True
431,156,2024-10-18,4,8,1149.47,459.8,False
431,10055,2024-04-09,4,7,584.57,233.84,False
431,5771,2023-12-14,2,2,139.98,56.0,False
431,1597,2023-11-18,4,7,1739.93,696.0,False
431,1665,2023-09-27,3,5,599.59,239.84,False
431,3650,2023-01-03,1,3,209.97,84.0,False
431,13801,2022-10-22,2,4,445.96,178.4,False
431,8896,2022-08-04,4,6,519.85,207.96,False
431,2374,2022-06-23,1,3,569.97,228.0,False
431,13697,2021-09-15,3,5,274.77,109.92,False
431,12217,2021-05-26,2,6,899.4,359.76,False
431,10615,2021-02-12,1,3,269.97,108.0,False
432,4626,2025-12-19,4,7,709.93,284.0,False
432,13119,2025-09-05,1,2,499.98,200.0,False
432,5424,2025-01-19,4,7,529.39,211.76,False
432,2231,2024-12-16,3,3,789.97,316.0,True
432,668,2024-09-19,2,3,64.88,25.96,False
432,10651,2024-09-18,2,2,189.89,75.96,False
432,8547,2024-05-08,3,8,1549.74,619.92,True
432,6309,2023-03-18,1,3,239.97,96.0,False
432,220,2023-02-22,2,3,229.7,91.88,False
432,3977,2022-11-04,2,4,339.87,135.96,False
432,12959,2022-05-28,3,8,2169.92,868.0,False
432,1893,2022-02-14,3,7,1039.75,415.92,True
432,3275,2021-11-07,1,1,129.99,52.0,True
432,9535,2021-11-05,2,5,359.77,143.92,False
432,6092,2021-09-12,1,1,39.9,15.96,False
432,6803,2021-02-19,1,2,299.98,120.0,False
432,2550,2021-02-16,3,7,669.84,267.96,False
432,12449,2020-10-17,4,8,1279.92,512.0,True
432,217,2020-06-13,4,8,1609.65,643.88,True
433,12692,2025-05-11,2,3,279.88,111.96,False
433,8677,2024-12-23,3,7,187.93,75.2,False
433,8970,2024-10-11,1,3,479.97,192.0,False
433,10089,2024-08-20,4,10,779.9,312.0,True
433,5120,2024-04-24,4,12,1109.34,443.76,False
433,11963,2024-02-16,3,5,639.68,255.88,False
433,3321,2024-01-05,2,5,674.95,270.0,False
433,10619,2024-01-04,2,4,519.96,208.0,False
433,12285,2023-06-21,2,4,459.78,183.92,False
433,10447,2022-12-31,1,2,199.8,79.92,False
433,12346,2022-06-20,2,4,759.96,304.0,True
433,13770,2021-10-15,3,7,304.48,121.8,False
433,3818,2021-10-11,3,6,1079.85,431.96,False
433,10587,2021-09-05,3,6,629.76,251.92,False
433,729,2021-08-28,1,3,119.7,47.88,False
433,5372,2021-05-18,3,6,319.49,127.8,False
433,1623,2021-05-07,2,6,929.94,372.0,False
433,8501,2021-05-06,4,9,949.46,379.8,False
433,4817,2020-12-06,4,8,769.65,307.88,True
433,184,2020-03-07,1,1,139.99,56.0,False
433,7536,2020-02-19,3,5,519.59,207.84,True
433,8332,2020-02-11,3,6,334.67,133.88,False
434,6087,2025-09-24,2,5,989.77,395.92,False
434,13704,2024-09-11,2,5,1009.77,403.92,True
434,11651,2024-08-07,1,1,139.99,56.0,False
434,7501,2024-04-20,2,6,449.94,180.0,False
434,8484,2024-02-15,1,2,179.98,72.0,False
434,14833,2023-02-15,3,7,789.57,315.84,True
434,1100,2023-01-21,3,5,339.59,135.84,False
434,9707,2022-03-06,3,7,1049.84,419.96,False
434,8306,2021-09-11,1,1,34.99,14.0,False
434,10900,2021-05-08,4,6,704.67,281.88,False
434,11505,2021-04-09,3,4,299.87,119.96,False
434,6879,2021-01-28,2,5,459.95,184.0,False
434,2875,2020-10-05,2,2,139.89,55.96,False
434,1190,2020-08-11,3,8,1389.65,555.88,True
434,14063,2020-03-05,3,8,1657.92,663.2,False
434,13651,2020-02-25,4,8,1049.92,420.0,False
435,3230,2025-10-05,3,5,739.77,295.92,False
435,11138,2025-07-28,4,7,499.75,199.92,False
435,14399,2025-07-25,2,5,329.95,132.0,False
435,9851,2025-07-04,3,8,859.92,344.0,False
435,8822,2025-04-17,3,8,1249.65,499.88,False
435,14061,2023-05-02,3,5,559.77,223.92,True
435,5204,2023-04-12,3,4,659.87,263.96,True
435,2143,2023-04-06,2,5,739.77,295.92,False
435,12252,2023-02-16,4,9,614.55,245.84,False
435,7687,2022-09-06,2,5,239.68,95.88,False
435,12748,2022-06-07,2,5,329.5,131.8,False
435,8034,2021-09-27,1,2,49.98,20.0,False
435,3476,2021-08-01,2,4,289.87,115.96,False
435,6058,2020-10-04,1,3,449.7,179.88,False
435,14152,2020-04-23,3,7,559.75,223.92,True
435,6692,2020-03-27,4,10,994.9,398.0,False
435,11945,2020-02-21,3,5,759.95,304.0,True
436,12271,2025-12-29,1,2,599.98,240.0,False
436,4961,2025-09-09,2,3,139.88,55.96,False
436,9301,2025-01-15,2,4,879.96,352.0,True
436,14325,2024-11-08,1,2,59.98,24.0,False
436,12353,2024-10-24,3,7,769.93,308.0,False
436,4300,2024-09-01,4,10,819.72,327.92,False
436,12113,2024-06-23,1,3,479.97,192.0,False
436,7019,2024-06-10,3,4,559.78,223.92,False
436,5398,2024-04-30,3,6,949.67,379.88,True
436,337,2024-01-10,2,5,439.95,176.0,False
436,323,2023-09-23,1,2,69.98,28.0,False
436,882,2023-08-26,4,9,1224.46,489.8,True
436,3554,2023-01-29,1,1,189.99,76.0,False
436,9871,2022-10-25,4,10,1529.9,612.0,False
436,8054,2022-06-26,2,4,479.96,192.0,False
436,12078,2022-06-20,2,5,1309.95,524.0,False
436,9531,2022-05-19,4,8,559.47,223.8,False
436,12238,2022-04-25,2,6,374.4,149.76,False
436,8899,2021-10-04,4,6,415.58,166.24,False
436,14039,2020-09-30,2,4,529.96,212.0,False
436,4505,2020-07-23,3,6,369.94,148.0,False
436,2641,2020-01-14,4,10,1979.9,792.0,False
437,10490,2025-07-12,1,2,259.98,104.0,False
437,11378,2025-06-07,3,5,429.95,172.0,False
437,5957,2025-04-05,4,7,401.84,160.76,False
437,1307,2024-11-11,4,8,879.92,352.0,False
437,8057,2024-09-29,1,1,249.99,100.0,False
437,10488,2024-08-15,3,4,789.96,316.0,False
437,284,2024-08-02,3,5,309.86,123.96,False
437,7496,2023-04-05,1,3,749.97,300.0,False
437,14973,2023-03-27,4,9,1519.91,608.0,False
437,11589,2023-03-07,1,3,104.97,42.0,False
437,6975,2023-02-23,1,2,119.98,48.0,False
437,515,2023-01-14,2,4,459.96,184.0,False
437,3006,2022-12-04,1,1,59.99,24.0,True
437,9229,2022-11-14,1,2,279.98,112.0,False
437,7033,2021-12-17,2,5,1089.95,436.0,False
437,9837,2021-09-17,2,3,419.97,168.0,False
437,11438,2021-05-28,4,5,364.68,145.88,False
437,10337,2021-02-19,1,2,259.8,103.92,False
437,11164,2021-02-09,1,3,599.97,240.0,False
437,6408,2020-04-04,4,9,619.64,247.88,False
437,2154,2020-03-29,3,5,409.86,163.96,True
438,14827,2025-11-20,4,8,1149.74,459.92,False
438,3531,2025-10-15,3,5,384.77,153.92,False
438,6108,2025-08-04,3,5,359.86,143.96,False
438,3989,2024-12-31,2,5,969.95,388.0,False
438,8976,2024-11-28,2,5,379.77,151.92,False
438,7295,2024-10-16,1,2,499.98,200.0,False
438,8772,2024-07-08,1,3,269.7,107.88,False
438,4074,2024-04-08,1,3,269.7,107.88,False
438,10539,2024-03-11,3,8,949.65,379.88,False
438,8714,2023-09-27,4,10,939.81,375.96,False
438,10300,2023-02-25,2,4,249.78,99.92,False
438,2812,2023-01-01,4,8,774.65,309.88,False
438,4940,2022-10-11,1,2,159.98,64.0,False
438,13302,2022-03-28,3,5,579.59,231.84,False
438,9197,2022-02-15,3,5,1089.86,435.96,False
438,7655,2021-11-29,2,5,1009.77,403.92,False
438,14470,2021-11-16,2,6,344.67,137.88,False
438,9345,2021-07-18,4,8,594.92,238.0,False
438,9366,2020-06-05,2,5,329.95,132.0,False
438,9031,2020-02-04,4,9,874.55,349.84,False
439,781,2025-09-10,3,8,1739.74,695.92,False
439,667,2025-08-03,3,7,599.66,239.88,False
439,7541,2025-07-09,2,4,279.6,111.84,False
439,7800,2025-06-19,4,9,1309.73,523.92,False
439,11688,2024-09-24,1,1,54.9,21.96,False
439,8430,2023-11-28,1,3,479.97,192.0,False
439,10322,2022-09-30,3,6,1579.94,632.0,False
439,1588,2022-03-10,4,6,879.85,351.96,True
439,10631,2022-02-21,3,7,614.93,246.0,False
439,13554,2021-12-20,4,7,749.75,299.92,False
439,5503,2021-10-05,4,10,1289.63,515.88,False
439,11382,2021-05-22,2,2,169.8,67.92,False
439,1704,2021-04-12,4,8,1209.47,483.8,False
439,12282,2020-10-25,2,5,269.68,107.88,False
439,2159,2020-10-24,4,11,1154.62,461.88,False
439,2125,2020-09-20,1,2,179.98,72.0,False
439,7614,2020-07-18,3,4,329.96,132.0,False
439,343,2020-04-03,1,1,59.99,24.0,False
440,7955,2025-07-29,3,6,709.85,283.96,False
440,12439,2024-10-10,3,6,659.67,263.88,False
440,6439,2024-04-06,2,3,259.88,103.96,False
440,12930,2023-12-03,4,8,629.74,251.92,False
440,2655,2023-10-15,3,5,389.95,156.0,False
440,4024,2023-10-08,3,4,399.78,159.92,False
440,10514,2022-12-26,1,2,379.98,152.0,False
440,12964,2022-04-18,2,5,1319.95,528.0,False
440,8093,2021-10-31,4,10,989.9,396.0,False
440,3725,2021-09-27,3,8,239.92,96.0,False
440,7161,2021-07-29,3,7,789.93,316.0,False
440,9088,2021-07-16,2,3,549.97,220.0,False
440,3848,2021-06-02,2,4,654.6,261.84,False
440,630,2021-05-17,1,2,279.98,112.0,False
440,1472,2020-12-24,1,3,899.97,360.0,True
440,13403,2020-12-02,1,1,299.99,120.0,False
440,609,2020-04-02,4,6,679.85,271.96,True
440,6250,2020-02-12,3,8,939.65,375.88,False
441,3674,2025-10-07,2,2,209.98,84.0,True
441,10878,2025-07-12,4,9,1189.73,475.92,False
441,6536,2025-05-22,2,3,399.88,159.96,False
441,2756,2024-10-29,1,1,129.9,51.96,False
441,4014,2024-08-02,4,12,1109.61,443.88,False
441,8807,2024-07-31,3,6,519.49,207.8,False
441,4189,2023-07-19,3,7,609.48,243.8,False
441,6808,2023-07-06,3,4,349.87,139.96,True
441,5199,2023-03-12,4,7,1464.75,585.92,True
441,8994,2023-03-03,4,7,779.75,311.92,False
441,10480,2022-04-03,2,5,239.77,95.92,False
441,1999,2022-01-31,1,1,129.9,51.96,False
441,12299,2021-01-07,1,3,74.97,30.0,False
441,4988,2020-11-25,4,9,679.64,271.88,True
441,10406,2020-11-22,4,9,1679.37,671.76,True
441,9034,2020-07-22,2,5,609.77,243.92,True
442,868,2025-12-20,4,9,1339.64,535.88,False
442,6639,2025-10-22,1,3,389.7,155.88,False
442,14236,2025-09-28,1,3,449.97,180.0,False
442,11813,2025-08-23,3,7,777.75,311.12,False
442,3581,2025-01-15,2,3,439.79,175.92,False
442,11478,2024-03-10,3,4,419.87,167.96,False
442,14094,2024-01-02,2,3,439.97,176.0,False
442,5271,2023-06-15,3,4,399.96,160.0,False
442,12122,2023-06-12,3,7,799.93,320.0,False
442,6900,2022-12-11,2,4,294.96,118.0,False
442,6925,2021-12-30,3,8,929.65,371.88,False
442,14994,2021-04-22,4,9,464.73,185.92,False
442,6824,2020-12-27,4,7,524.75,209.92,False
442,3993,2020-11-11,2,2,374.89,149.96,False
442,3546,2020-08-30,2,5,309.95,124.0,True
442,3102,2020-01-26,2,4,399.87,159.96,False
443,7794,2025-01-27,4,9,969.82,387.96,False
443,11648,2025-01-21,4,4,449.87,179.96,False
443,3267,2024-09-03,1,2,179.98,72.0,False
443,2340,2024-05-23,2,4,539.96,216.0,False
443,6541,2024-04-30,1,3,119.97,48.0,False
443,1779,2023-10-14,3,3,599.97,240.0,False
443,9011,2023-06-18,1,2,299.98,120.0,False
443,8777,2023-05-09,3,9,854.64,341.88,False
443,2070,2023-02-11,1,3,74.97,30.0,False
443,1837,2022-10-02,2,4,131.96,52.8,False
443,11127,2022-06-26,3,7,559.57,223.84,False
443,9552,2022-04-08,4,8,729.47,291.8,False
443,896,2021-11-03,4,6,579.85,231.96,False
443,13671,2021-10-05,2,5,989.95,396.0,False
443,9210,2021-08-15,4,9,369.64,147.88,True
443,7637,2021-07-19,3,7,1189.75,475.92,False
443,5510,2021-02-01,1,2,69.98,28.0,False
443,3891,2020-04-23,1,3,449.97,180.0,False
444,3712,2025-11-06,3,8,891.92,356.8,False
444,6124,2025-10-08,4,7,1039.48,415.8,False
444,6332,2025-01-26,1,1,59.99,24.0,False
444,10421,2024-05-03,3,8,1464.92,586.0,False
444,3366,2024-04-09,4,9,1489.46,595.8,True
444,4748,2024-03-15,1,2,199.8,79.92,False
444,1600,2023-09-16,4,9,754.28,301.72,False
444,13137,2023-07-23,3,5,349.77,139.92,False
444,11498,2022-06-17,3,5,629.86,251.96,False
444,8535,2020-10-03,4,8,789.83,315.96,False
444,13930,2020-05-17,3,6,539.76,215.92,False
444,5850,2020-04-06,3,6,354.85,141.96,False
445,11066,2025-12-20,1,3,389.7,155.88,False
445,1545,2025-07-28,2,4,399.78,159.92,False
445,6979,2025-06-08,1,1,69.99,28.0,False
445,8507,2024-06-13,4,9,954.28,381.72,True
445,4071,2024-05-13,3,8,1519.65,607.88,True
445,880,2024-01-27,1,3,599.7,239.88,False
445,3680,2023-07-13,3,8,749.65,299.88,False
445,3538,2023-04-28,3,5,959.86,383.96,False
445,10445,2023-01-31,1,1,399.99,160.0,False
445,9005,2022-09-11,3,7,1509.93,604.0,False
445,3487,2022-09-06,1,1,129.9,51.96,False
445,2506,2021-12-05,3,7,1259.93,504.0,False
445,9672,2021-12-04,3,6,719.67,287.88,False
445,9794,2020-09-27,3,6,709.94,284.0,False
445,10367,2020-07-19,4,9,1909.91,764.0,False
445,14107,2020-06-02,1,2,179.98,72.0,False
445,7000,2020-02-26,3,7,444.93,178.0,False
446,7346,2025-05-07,4,9,534.55,213.84,True
446,3869,2024-12-20,1,1,99.9,39.96,False
446,574,2024-06-11,1,1,24.9,9.96,False
446,4075,2024-06-08,2,4,619.96,248.0,True
446,10404,2024-01-13,1,2,259.8,103.92,False
446,9143,2023-10-07,1,2,599.98,240.0,False
446,1431,2023-07-14,4,7,899.75,359.92,False
446,9895,2022-08-04,3,5,339.59,135.84,False
446,11547,2022-07-10,1,1,39.9,15.96,False
446,3294,2022-05-29,1,3,899.97,360.0,False
446,1114,2021-09-12,1,1,49.9,19.96,False
446,5769,2021-08-06,1,2,79.98,32.0,False
446,12905,2021-04-30,4,7,919.66,367.88,False
446,4006,2021-03-29,2,3,104.88,41.96,False
446,1351,2020-05-06,4,6,689.58,275.84,False
446,9648,2020-01-25,1,3,164.7,65.88,False
446,12667,2020-01-02,3,6,764.94,306.0,False
447,2686,2025-12-01,1,3,164.7,65.88,False
447,13666,2025-11-09,1,1,25.99,10.4,False
447,10166,2025-11-03,2,3,409.97,164.0,False
447,14507,2025-10-24,1,2,139.98,56.0,False
447,9824,2025-10-13,3,3,319.97,128.0,False
447,3380,2025-09-12,2,4,579.87,231.96,False
447,10706,2025-08-20,1,3,119.7,47.88,False
447,6062,2025-03-07,3,7,999.66,399.88,False
447,12582,2024-11-24,1,3,899.97,360.0,False
447,14028,2024-09-30,4,7,1419.93,568.0,False
447,6413,2024-05-12,2,3,429.97,172.0,False
447,10482,2024-03-14,1,2,159.98,64.0,False
447,3342,2024-02-15,3,4,359.78,143.92,False
447,879,2023-11-28,2,5,629.68,251.88,False
447,2030,2023-05-06,1,1,99.9,39.96,False
447,611,2022-06-07,4,9,1209.55,483.84,False
447,9923,2021-12-02,1,1,199.99,80.0,False
447,1942,2020-12-31,1,1,129.9,51.96,False
447,1387,2020-12-19,1,3,239.97,96.0,False
447,7256,2020-12-09,4,6,894.94,358.0,False
447,7583,2020-08-29,4,11,1159.62,463.88,False
447,10636,2020-05-08,1,3,77.97,31.2,False
447,1977,2020-03-22,4,7,719.93,288.0,False
447,11738,2020-02-24,4,10,994.63,397.88,True
447,2047,2020-02-20,4,9,1049.82,419.96,False
448,14968,2025-11-23,1,1,99.99,40.0,False
448,4698,2025-04-29,2,3,439.79,175.92,False
448,3601,2025-03-21,1,1,49.9,19.96,False
448,10191,2025-03-20,3,6,779.67,311.88,False
448,2427,2025-02-17,4,5,391.86,156.76,True
448,623,2024-05-08,1,3,1049.97,420.0,False
448,2553,2024-01-08,1,2,119.98,48.0,False
448,11526,2023-10-23,3,8,294.65,117.88,False
448,14190,2023-07-14,3,5,739.86,295.96,False
448,1657,2023-07-08,2,5,759.68,303.88,False
448,13752,2023-02-27,3,6,1519.94,608.0,False
448,9684,2022-12-29,2,4,939.78,375.92,True
448,2026,2022-12-19,1,3,389.7,155.88,False
448,11407,2022-10-07,4,9,1149.91,460.0,False
448,13576,2022-08-28,3,5,879.95,352.0,False
448,3888,2022-05-12,3,6,1099.85,439.96,False
448,5192,2022-05-01,2,3,399.97,160.0,False
448,12586,2021-07-31,2,3,239.97,96.0,False
448,292,2021-06-24,4,6,564.85,225.96,False
448,5547,2021-05-12,4,7,1029.48,411.8,True
448,65,2020-12-11,4,4,494.78,197.92,True
448,5378,2020-10-04,4,10,2149.9,860.0,False
448,14078,2020-08-11,2,6,1499.94,600.0,False
448,14995,2020-06-13,2,3,899.97,360.0,False
448,8587,2020-04-20,3,8,1039.47,415.8,False
448,5454,2020-04-16,2,6,629.94,252.0,False
448,5867,2020-02-29,2,5,349.77,139.92,False
449,1568,2025-09-17,4,7,999.66,399.88,False
449,4815,2025-05-04,3,9,1229.91,492.0,False
449,13131,2024-12-16,4,8,699.65,279.88,False
449,11253,2024-08-13,4,9,1389.73,555.92,False
449,327,2023-12-20,2,3,849.97,340.0,False
449,10646,2023-12-07,1,3,269.97,108.0,False
449,14477,2022-12-20,2,4,489.96,196.0,False
449,9158,2022-03-10,1,2,259.98,104.0,False
449,136,2022-02-23,1,2,139.8,55.92,False
449,6709,2021-10-22,4,10,814.54,325.84,False
449,5275,2021-01-07,3,9,1499.64,599.88,False
449,10684,2020-11-30,1,3,179.97,72.0,False
449,4116,2020-11-06,4,8,779.65,311.88,False
449,5607,2020-08-30,1,3,179.97,72.0,False
449,6846,2020-06-27,3,5,789.86,315.96,False
449,205,2020-06-25,4,6,1219.94,488.0,False
449,12102,2020-03-19,3,6,1399.67,559.88,False
450,11700,2025-09-20,1,2,139.8,55.92,False
450,4425,2025-05-08,4,11,659.62,263.88,False
450,514,2025-01-15,1,1,79.99,32.0,False
450,3147,2024-07-13,3,4,294.96,118.0,False
450,11440,2024-01-24,2,4,279.69,111.88,False
450,523,2022-10-02,2,5,609.68,243.88,False
450,11449,2022-08-29,3,5,959.95,384.0,True
450,4462,2022-05-10,3,7,1059.93,424.0,False
450,11193,2021-12-07,3,6,719.67,287.88,False
450,787,2021-12-04,4,9,989.91,396.0,True
450,13088,2021-10-08,3,9,1394.91,558.0,False
450,12374,2021-08-29,2,6,689.94,276.0,False
450,1814,2021-05-02,2,2,169.98,68.0,False
450,11495,2021-04-04,3,6,799.94,320.0,False
450,13995,2020-11-05,3,7,839.66,335.88,False
450,10946,2020-08-24,3,5,829.86,331.96,False
450,8148,2020-08-10,1,3,749.97,300.0,False
450,11422,2020-01-23,4,7,1319.75,527.92,False
451,11896,2025-09-11,3,8,689.92,276.0,False
451,7402,2024-10-01,3,6,609.76,243.92,False
451,9021,2024-03-31,2,4,799.69,319.88,False
451,3734,2023-09-09,2,4,139.96,56.0,False
451,7229,2023-06-23,2,4,489.96,196.0,False
451,8913,2023-06-13,3,8,659.65,263.88,False
451,8339,2023-05-07,2,5,589.5,235.8,False
451,1536,2022-08-05,2,3,319.88,127.96,False
451,6105,2022-02-25,3,4,409.78,163.92,False
451,8466,2022-01-22,4,5,759.77,303.92,True
451,780,2021-02-28,1,2,119.98,48.0,False
451,11042,2020-10-13,4,10,1119.9,448.0,False
451,8787,2020-06-22,3,5,469.77,187.92,False
452,1465,2025-11-11,1,1,159.99,64.0,False
452,2405,2024-10-17,2,4,699.96,280.0,False
452,14828,2024-09-27,1,1,34.99,14.0,False
452,2829,2024-04-28,2,5,209.95,84.0,False
452,4202,2023-08-29,1,3,749.97,300.0,False
452,13545,2022-06-06,2,5,629.5,251.8,False
452,4956,2022-05-10,3,6,699.76,279.92,True
452,6711,2022-04-26,1,2,59.98,24.0,False
452,5920,2022-01-21,2,5,979.95,392.0,False
452,8661,2021-12-24,4,9,869.91,348.0,False
452,4924,2021-09-28,1,3,419.97,168.0,False
452,9539,2021-06-05,1,1,99.9,39.96,False
452,1165,2021-02-05,4,8,1739.92,696.0,True
452,11031,2021-01-27,1,2,179.8,71.92,False
452,13337,2020-05-11,4,6,471.67,188.68,False
452,12259,2020-04-07,4,12,719.61,287.88,False
453,5849,2025-11-21,1,2,59.98,24.0,False
453,1964,2025-10-07,1,2,399.98,160.0,False
453,4943,2025-06-29,3,4,969.96,388.0,False
453,6279,2024-09-30,2,6,344.94,138.0,False
453,9528,2024-06-29,1,3,74.97,30.0,False
453,4470,2023-08-23,4,6,559.76,223.92,True
453,4196,2023-05-18,4,10,879.54,351.84,False
453,3063,2021-11-17,3,6,714.85,285.96,False
453,10076,2021-07-18,4,9,1289.64,515.88,True
453,11639,2021-03-10,2,4,999.96,400.0,False
453,8060,2021-03-01,1,1,249.99,100.0,False
453,4546,2021-02-12,1,1,399.99,160.0,False
453,13562,2020-10-19,4,8,804.56,321.84,False
453,4030,2020-10-17,3,7,649.93,260.0,False
453,1655,2020-07-03,4,9,492.82,197.16,False
453,9839,2020-06-24,1,2,179.8,71.92,False
454,10712,2025-07-30,1,1,24.9,9.96,False
454,4916,2024-09-25,1,2,119.98,48.0,False
454,3828,2024-01-17,4,10,1069.63,427.88,False
454,7389,2023-12-09,2,3,259.88,103.96,False
454,10883,2023-09-29,3,7,1699.57,679.84,False
454,13300,2023-02-17,3,6,389.76,155.92,False
454,12815,2022-07-14,1,3,74.7,29.88,False
454,14862,2022-06-16,2,4,619.96,248.0,False
454,1215,2022-05-23,4,8,1089.92,436.0,False
454,1639,2022-04-10,3,6,332.85,133.16,False
454,14622,2021-11-05,1,3,74.97,30.0,False
454,12296,2021-09-29,4,7,304.66,121.88,False
454,11396,2021-07-29,2,4,619.96,248.0,True
454,1154,2021-07-01,2,3,359.97,144.0,False
454,516,2021-04-10,3,7,1459.75,583.92,False
454,3876,2021-01-20,4,8,1279.92,512.0,False
454,3804,2021-01-07,3,6,609.58,243.84,False
454,377,2020-12-04,3,6,1329.76,531.92,False
454,5158,2020-10-18,2,4,319.96,128.0,False
454,9800,2020-09-29,1,1,149.99,60.0,False
454,5514,2020-09-07,2,3,389.79,155.92,False
454,7651,2020-07-10,3,6,764.76,305.92,False
454,13144,2020-06-08,2,6,299.67,119.88,False
455,3400,2025-12-07,2,5,779.95,312.0,False
455,3505,2025-09-28,2,5,889.68,355.88,True
455,5037,2025-07-16,1,1,89.9,35.96,False
455,11160,2025-05-03,3,6,1339.67,535.88,False
455,1045,2025-03-05,3,6,1499.85,599.96,True
455,5195,2025-02-09,2,5,199.77,79.92,False
455,7207,2024-12-04,1,3,179.97,72.0,False
455,601,2024-07-26,3,4,449.78,179.92,False
455,14692,2024-06-25,2,3,259.97,104.0,False
455,9879,2023-10-26,1,1,99.99,40.0,True
455,7391,2023-10-05,3,6,789.76,315.92,False
455,14273,2023-07-15,3,5,659.86,263.96,False
455,3941,2023-05-27,3,6,949.67,379.88,False
455,9960,2023-04-30,3,6,929.76,371.92,False
455,9827,2023-02-09,4,7,409.66,163.88,False
455,979,2022-08-21,1,3,899.97,360.0,False
455,5574,2022-03-14,2,5,114.68,45.88,True
455,1538,2022-01-28,2,3,549.79,219.92,False
455,13032,2021-10-30,4,9,1199.82,479.96,False
455,4055,2021-03-10,1,2,799.98,320.0,False
455,159,2020-12-14,3,5,589.95,236.0,False
455,4909,2020-08-25,1,1,129.99,52.0,False
455,13389,2020-04-25,1,1,89.99,36.0,False
455,3292,2020-03-09,3,6,959.94,384.0,False
456,4009,2025-07-26,2,4,609.96,244.0,False
456,1868,2025-05-17,2,2,424.98,170.0,False
456,465,2024-12-29,3,6,509.67,203.88,False
456,2854,2024-11-28,3,5,274.59,109.84,False
456,291,2024-11-06,4,9,699.82,279.96,False
456,12602,2024-10-15,1,3,1049.97,420.0,False
456,12125,2024-10-07,4,9,1299.91,520.0,True
456,6828,2024-05-25,1,1,19.99,8.0,False
456,10429,2024-05-06,3,7,530.76,206.93,True
456,12174,2024-01-05,1,2,359.98,144.0,False
456,6411,2023-10-29,1,3,1049.97,420.0,False
456,3948,2022-11-08,2,2,239.98,96.0,False
456,56,2022-10-05,2,4,739.78,295.92,False
456,8046,2022-09-20,3,4,1299.96,520.0,True
456,7765,2022-09-18,2,3,144.88,57.96,False
456,5846,2022-08-21,3,8,1099.38,439.76,False
456,4833,2022-07-25,4,9,1159.73,463.92,True
456,843,2022-04-26,4,9,1829.82,731.96,False
456,2712,2022-04-25,3,4,489.96,196.0,False
456,5734,2022-03-28,1,3,599.7,239.88,False
456,7805,2022-02-16,4,7,1034.75,413.92,False
456,4147,2021-12-11,1,1,199.99,80.0,False
456,8952,2021-11-29,2,4,99.96,40.0,False
456,10953,2021-09-06,3,6,659.76,263.92,False
456,4535,2021-06-16,4,7,529.75,211.92,False
456,3580,2021-06-13,3,7,729.93,292.0,False
456,3894,2021-04-09,4,9,929.91,372.0,False
456,14954,2021-01-27,4,9,1129.73,451.92,False
456,12792,2020-11-25,4,5,599.77,239.92,False
456,2972,2020-04-12,3,8,869.92,348.0,False
456,11015,2020-03-08,2,4,349.78,139.92,False
457,3677,2025-11-22,1,2,359.98,144.0,False
457,10817,2025-05-13,4,8,849.65,339.88,False
457,13681,2025-03-03,4,9,1324.64,529.88,False
457,8449,2024-10-27,4,8,479.74,191.92,False
457,1612,2024-10-23,1,2,239.98,96.0,False
457,4098,2024-04-29,3,6,1039.67,415.88,True
457,10383,2023-12-21,4,10,2289.9,916.0,False
457,10596,2023-07-02,4,7,979.66,391.88,False
457,14608,2023-06-28,4,7,799.93,320.0,False
457,10164,2023-04-06,1,2,599.98,240.0,False
457,12205,2022-08-16,2,3,369.7,147.88,False
457,8863,2022-08-08,1,2,119.98,48.0,False
457,13809,2022-07-21,1,2,599.98,240.0,False
457,8761,2022-05-26,2,4,519.6,207.84,False
457,11553,2022-05-07,1,2,159.98,64.0,False
457,9149,2022-04-22,1,3,479.97,192.0,False
457,7311,2022-04-16,4,9,651.91,260.8,False
457,13059,2021-10-04,1,3,449.97,180.0,False
457,7623,2020-11-06,2,4,594.87,237.96,False
457,13590,2020-10-28,4,6,634.85,253.96,True
457,9115,2020-10-27,3,5,559.77,223.92,False
457,14423,2020-09-08,1,2,51.98,20.8,False
458,1548,2025-11-19,4,10,1304.9,522.0,False
458,10635,2025-09-26,1,1,59.99,24.0,False
458,1540,2024-09-03,1,2,319.98,128.0,True
458,10751,2024-08-21,3,5,614.86,245.96,False
458,8539,2024-08-19,4,10,664.9,266.0,False
458,10892,2024-05-11,1,3,164.7,65.88,False
458,4140,2024-04-12,1,1,59.99,24.0,False
458,11615,2024-03-19,1,3,74.7,29.88,False
458,12753,2023-11-23,4,8,419.83,167.96,True
458,2801,2023-05-04,2,3,539.88,215.96,False
458,7513,2022-07-22,1,1,149.9,59.96,False
458,10099,2022-05-28,2,3,429.88,171.96,False
458,8880,2022-05-02,1,3,77.97,31.2,False
458,4768,2021-05-08,1,2,39.98,16.0,False
458,11724,2021-03-21,3,6,349.58,139.84,False
458,8877,2020-07-21,4,8,869.92,348.0,False
458,81,2020-05-24,1,2,99.98,40.0,False
458,14510,2020-05-08,4,9,1919.91,768.0,False
458,8671,2020-04-13,4,6,584.94,234.0,False
459,13040,2025-09-19,1,1,129.99,52.0,False
459,12855,2024-12-26,3,7,219.93,88.0,False
459,14321,2024-10-10,1,1,54.9,21.96,False
459,12901,2024-07-04,3,8,659.92,264.0,False
459,457,2024-05-10,3,6,1499.94,600.0,False
459,10839,2024-04-05,2,2,549.98,220.0,False
459,8062,2024-03-09,2,2,84.89,33.96,False
459,4561,2023-10-30,4,10,1479.72,591.92,False
459,9934,2023-09-06,3,7,989.93,396.0,True
459,8649,2023-01-13,3,7,2119.93,848.0,False
459,9434,2023-01-08,4,10,434.27,173.72,False
459,9079,2022-12-20,2,4,429.6,171.84,False
459,3252,2022-05-12,1,1,199.9,79.96,False
459,8371,2022-03-14,4,12,734.61,293.88,False
459,14210,2021-06-07,1,1,69.99,28.0,False
459,4104,2021-01-14,1,1,79.99,32.0,False
459,8129,2020-10-13,3,4,539.78,215.92,False
459,9406,2020-05-04,3,6,1299.94,520.0,False
459,7759,2020-04-28,2,2,59.98,24.0,False
459,8319,2020-04-20,3,8,819.92,328.0,False
459,10602,2020-03-14,3,6,584.94,234.0,False
459,11071,2020-02-23,3,6,479.76,191.92,False
460,4770,2025-03-17,2,6,689.94,276.0,True
460,12677,2025-03-12,2,4,369.96,148.0,False
460,13694,2024-12-18,4,6,359.85,143.96,False
460,2174,2024-04-22,3,5,729.59,291.84,False
460,12711,2024-03-17,3,8,1164.47,465.8,False
460,13953,2024-02-17,4,7,839.66,335.88,False
460,11825,2023-09-21,4,10,854.0,341.6,False
460,7904,2022-08-09,4,8,1034.65,413.88,True
460,9455,2022-07-28,3,8,1079.92,432.0,False
460,877,2021-11-23,2,4,799.78,319.92,False
460,6968,2021-10-15,2,5,389.77,155.92,False
460,8315,2021-09-19,3,5,499.86,199.96,False
460,12084,2021-07-30,3,7,544.66,217.88,False
460,8212,2021-07-20,3,8,789.2,315.68,False
460,9255,2021-06-04,3,8,1559.65,623.88,False
460,2091,2021-03-08,1,3,359.7,143.88,False
460,11087,2021-02-08,4,10,1419.72,567.92,False
460,14765,2021-01-08,4,8,1559.92,624.0,False
460,9771,2020-07-27,4,8,519.38,207.76,False
460,12011,2020-03-27,3,4,279.87,111.96,False
460,5154,2020-01-28,2,3,539.97,216.0,False
461,12303,2025-02-20,4,8,1309.92,524.0,False
461,11114,2025-01-13,1,2,159.98,64.0,False
461,11176,2024-12-26,4,8,899.47,359.8,True
461,8410,2024-11-01,4,7,724.57,289.84,False
461,12727,2024-07-06,2,3,349.88,139.96,False
461,12009,2024-01-06,1,3,299.7,119.88,False
461,8955,2023-02-15,2,5,374.68,149.88,False
461,9151,2023-01-20,1,3,239.97,96.0,False
461,10540,2022-09-29,4,8,1649.92,660.0,False
461,6201,2022-03-07,3,8,889.65,355.88,False
461,4850,2022-02-06,1,1,39.9,15.96,False
461,66,2022-01-31,4,8,439.74,175.92,False
461,14948,2021-12-10,2,5,269.68,107.88,True
461,10331,2021-10-15,4,7,619.75,247.92,False
461,4063,2021-04-27,2,2,84.89,33.96,False
461,1760,2020-11-12,3,5,449.86,179.96,False
461,2922,2020-10-09,3,5,339.59,135.84,False
461,7135,2020-08-25,3,7,669.48,267.8,True
461,6146,2020-08-10,1,1,39.9,15.96,False
461,9589,2020-03-19,2,3,119.97,48.0,False
462,6757,2025-09-08,4,9,709.73,283.92,False
462,4115,2025-07-17,1,1,25.99,10.4,False
462,7334,2024-06-18,4,7,689.84,275.96,True
462,3602,2024-06-06,4,9,1509.91,604.0,True
462,13948,2024-03-02,2,4,319.78,127.92,False
462,12141,2024-02-26,4,9,949.91,380.0,True
462,1991,2024-02-16,2,5,769.68,307.88,False
462,7073,2024-01-30,3,3,189.79,75.92,False
462,8119,2023-12-12,2,5,739.95,296.0,False
462,14654,2023-02-13,4,6,629.76,251.92,True
462,10519,2022-11-16,3,5,319.59,127.84,False
462,2575,2022-06-26,2,3,459.97,184.0,False
462,11424,2021-11-30,3,6,1059.49,423.8,False
462,8343,2021-09-12,4,9,1259.82,503.96,False
462,4889,2021-08-15,2,5,319.95,128.0,False
462,5994,2021-05-13,1,2,119.98,48.0,False
462,12607,2020-11-28,2,2,224.98,90.0,False
462,8120,2020-10-22,4,9,799.91,320.0,False
462,5564,2020-09-23,1,3,749.97,300.0,False
462,11613,2020-03-30,2,6,989.94,396.0,False
463,1352,2025-05-29,2,5,909.95,364.0,False
463,10254,2025-05-21,3,5,172.95,69.2,False
463,6305,2024-12-15,3,6,1069.76,427.92,False
463,6265,2024-05-03,3,8,664.92,266.0,True
463,13888,2024-02-21,3,6,1409.67,563.88,False
463,11796,2024-02-18,4,4,774.87,309.96,False
463,435,2024-02-01,3,6,909.49,363.8,False
463,8941,2024-01-04,2,4,439.78,175.92,False
463,2791,2023-08-01,4,8,707.56,283.04,False
463,14790,2022-07-30,2,4,379.78,151.92,False
463,12507,2021-11-18,2,5,589.95,236.0,False
463,1288,2021-06-05,3,6,1349.94,540.0,False
463,9072,2021-04-22,1,2,49.98,20.0,False
463,5693,2020-11-09,4,4,569.87,227.96,True
463,13484,2020-07-30,1,3,599.97,240.0,False
463,3955,2020-03-18,4,9,789.37,315.76,False
464,2361,2025-12-18,1,2,59.98,24.0,False
464,9064,2025-11-17,1,2,259.98,104.0,False
464,10852,2025-01-18,4,11,1169.89,468.0,True
464,7119,2024-09-28,4,7,491.57,196.64,False
464,4772,2024-07-21,2,5,229.95,92.0,False
464,7556,2024-04-22,3,7,979.66,391.88,False
464,14247,2024-04-05,3,8,824.65,329.88,False
464,1875,2024-02-27,3,7,889.75,355.92,False
464,10957,2024-02-19,1,1,129.99,52.0,False
464,9388,2023-12-11,3,3,789.97,316.0,False
464,2363,2023-11-27,1,2,79.8,31.92,False
464,10213,2023-11-24,4,8,569.74,227.92,False
464,14434,2023-10-27,2,5,449.5,179.8,False
464,2995,2023-04-22,2,4,259.69,103.88,False
464,14422,2022-12-11,2,3,139.97,56.0,False
464,3220,2022-10-07,4,10,1134.54,453.84,True
464,3950,2022-02-03,2,2,219.89,87.96,False
464,11350,2021-12-31,4,6,699.76,279.92,False
464,10758,2021-04-20,3,6,829.85,331.96,True
464,1641,2021-04-15,2,4,277.87,111.16,False
464,8704,2021-03-31,4,7,1000.93,400.4,False
464,14701,2021-03-29,4,11,674.62,269.88,False
464,6843,2021-02-02,1,3,299.7,119.88,False
465,10949,2025-04-17,1,3,419.97,168.0,False
465,1606,2025-03-15,1,3,164.7,65.88,False
465,7020,2024-11-08,4,9,1319.64,527.88,False
465,9127,2024-10-13,1,2,79.8,31.92,False
465,5442,2024-09-19,2,6,629.94,252.0,False
465,1860,2024-06-27,3,6,344.67,137.88,False
465,1767,2024-06-13,3,6,535.94,214.4,False
465,7699,2024-04-26,4,5,529.86,211.96,False
465,7981,2024-04-14,1,2,199.8,79.92,True
465,13483,2024-03-14,1,2,379.98,152.0,False
465,3847,2023-11-09,2,4,254.87,101.96,False
465,12823,2023-09-25,4,9,1169.73,467.92,False
465,2177,2023-07-15,3,4,279.78,111.92,False
465,8655,2023-07-13,2,2,59.89,23.96,False
465,8223,2022-09-21,3,7,1819.93,728.0,False
465,1605,2022-09-05,2,5,709.77,283.92,True
465,11935,2022-05-16,1,3,899.97,360.0,False
465,2509,2022-03-13,1,1,19.99,8.0,False
465,10711,2021-12-16,3,6,1169.94,468.0,False
465,14183,2021-06-24,4,5,419.59,167.84,False
465,5437,2020-11-06,4,8,829.92,332.0,False
465,13691,2020-05-04,2,5,1359.95,544.0,False
466,11931,2025-04-28,2,3,409.7,163.88,False
466,4376,2025-01-23,1,1,39.99,16.0,False
466,2737,2024-12-13,2,2,199.98,80.0,False
466,4859,2024-10-07,3,5,909.95,364.0,False
466,11918,2024-05-01,1,2,299.98,120.0,False
466,2603,2023-12-04,1,2,199.98,80.0,False
466,4990,2023-11-24,4,8,1859.92,744.0,False
466,13242,2023-07-16,4,7,612.84,245.16,False
466,13712,2023-03-11,2,4,145.96,58.4,False
466,2638,2021-10-28,2,4,359.78,143.92,False
466,12218,2020-10-29,2,4,239.96,96.0,False
466,6687,2020-05-24,2,4,449.87,179.96,False
467,14045,2025-11-30,4,7,244.66,97.88,False
467,2745,2025-09-08,3,7,504.57,201.84,False
467,10745,2025-04-16,4,7,1939.84,775.96,False
467,11510,2024-06-13,3,6,419.67,167.88,False
467,7473,2024-01-28,1,2,119.98,48.0,False
467,3629,2023-07-27,1,3,89.97,36.0,False
467,11232,2023-01-19,3,5,395.77,158.32,False
467,1318,2022-10-28,3,6,849.76,339.92,True
467,8705,2022-08-14,4,8,744.92,298.0,True
467,12900,2022-06-07,2,5,1349.95,540.0,False
467,577,2022-04-23,2,6,239.94,96.0,False
467,13853,2022-03-28,3,8,579.38,231.76,False
467,3076,2021-12-08,4,7,849.66,339.88,False
467,12360,2021-09-23,2,4,369.69,147.88,False
467,4449,2021-09-11,3,8,459.65,183.88,False
467,12438,2021-01-11,2,5,199.95,80.0,False
467,6753,2021-01-09,1,1,299.99,120.0,False
467,13239,2020-10-22,1,2,499.98,200.0,False
467,3549,2020-07-04,4,9,884.37,353.76,False
467,9533,2020-03-06,1,1,119.9,47.96,False
468,6822,2025-09-07,1,3,749.97,300.0,False
468,2278,2025-08-16,4,10,557.63,223.08,False
468,6223,2025-08-15,3,6,779.94,312.0,False
468,6189,2025-05-17,2,6,779.94,312.0,False
468,9504,2025-05-01,3,5,909.77,363.92,True
468,6542,2024-12-21,4,6,889.94,356.0,False
468,6522,2024-03-08,4,9,724.37,289.76,False
468,2912,2024-02-01,1,1,149.9,59.96,False
468,1938,2023-12-13,2,5,739.95,296.0,False
468,8052,2023-12-01,3,6,1304.67,521.88,False
468,4593,2023-11-26,4,9,1049.28,419.72,False
468,3813,2023-09-28,4,5,789.77,315.92,False
468,6224,2023-02-10,4,9,669.64,267.88,False
468,11757,2023-02-10,4,9,2489.91,996.0,False
468,10017,2023-01-14,3,6,829.94,332.0,False
468,5821,2022-06-18,1,1,49.99,20.0,True
468,2056,2021-11-08,4,6,759.94,304.0,False
468,5728,2021-09-09,1,2,99.8,39.92,False
468,9946,2021-08-17,2,4,159.96,64.0,False
468,14469,2021-06-28,1,1,34.99,14.0,False
468,14530,2021-04-16,1,2,99.98,40.0,False
468,13608,2021-03-12,3,7,709.93,284.0,True
468,13124,2020-12-14,4,4,529.78,211.92,False
468,8995,2020-11-08,3,5,519.95,208.0,False
468,10157,2020-10-16,3,7,1129.93,452.0,False
468,10484,2020-04-02,2,4,169.6,67.84,False
468,1258,2020-01-29,2,4,189.96,76.0,False
469,7191,2025-05-27,3,5,509.77,203.92,False
469,6107,2025-03-06,4,7,379.75,151.92,False
469,2722,2024-12-31,3,8,1309.38,523.76,True
469,13361,2024-08-23,4,8,1629.65,651.88,False
469,5127,2024-03-16,2,4,279.6,111.84,False
469,11376,2023-06-22,3,7,284.93,114.0,False
469,9065,2023-05-30,3,9,1544.91,618.0,False
469,12750,2023-02-28,1,2,199.8,79.92,False
469,14601,2022-04-14,2,2,229.98,92.0,True
469,3516,2022-01-21,2,6,449.94,180.0,False
469,7029,2021-11-02,4,7,799.48,319.8,False
469,13540,2021-10-29,3,4,339.87,135.96,False
469,5835,2020-09-20,2,4,709.78,283.92,False
469,11748,2020-09-03,2,5,1219.95,488.0,False
470,12318,2025-12-03,4,7,719.57,287.84,False
470,1063,2025-10-23,2,3,209.97,84.0,False
470,14162,2025-10-16,3,5,889.77,355.92,True
470,9990,2025-05-31,1,1,99.9,39.96,False
470,1533,2024-09-30,3,7,457.75,183.12,True
470,2605,2024-07-06,1,1,89.99,36.0,False
470,2419,2023-04-14,4,8,434.56,173.84,False
470,1620,2022-01-30,3,5,339.59,135.84,False
470,5279,2022-01-01,1,1,89.9,35.96,False
470,12528,2021-12-02,2,4,299.87,119.96,False
470,4809,2021-10-07,2,3,459.97,184.0,False
470,4138,2021-09-22,4,9,999.64,399.88,True
470,14318,2021-03-21,3,7,1419.93,568.0,False
470,11057,2021-01-31,3,6,519.94,208.0,False
470,287,2020-10-10,1,2,79.98,32.0,False
470,7983,2020-06-20,4,10,969.81,387.96,False
470,758,2020-04-08,4,6,1619.76,647.92,False
470,10140,2020-01-08,1,3,269.7,107.88,False
470,10979,2020-01-01,1,3,239.97,96.0,False
471,12557,2025-05-12,4,6,385.67,154.28,False
471,13614,2024-08-23,3,5,499.86,199.96,False
471,13811,2024-06-18,3,5,191.77,76.72,False
471,4046,2024-03-23,3,7,804.3,321.72,False
471,6491,2023-10-01,3,6,719.94,288.0,False
471,8321,2023-09-09,1,1,89.99,36.0,False
471,10034,2022-10-14,1,3,164.7,65.88,False
471,3872,2022-06-06,2,6,719.67,287.88,False
471,1293,2022-03-05,3,6,939.49,375.8,False
471,12883,2021-10-13,2,4,209.96,84.0,False
471,12992,2021-07-29,4,10,951.63,380.68,False
471,2119,2021-06-30,2,4,529.96,212.0,False
471,5410,2021-06-19,3,4,274.87,109.96,False
471,14763,2021-01-27,4,8,534.56,213.84,False
471,7874,2020-12-13,2,3,189.88,75.96,False
471,6620,2020-11-24,4,10,1779.9,712.0,False
471,4265,2020-09-04,2,4,1149.96,460.0,False
471,7369,2020-08-19,1,2,99.98,40.0,False
471,1807,2020-04-20,4,9,729.73,291.92,False
472,7618,2025-12-14,1,3,209.97,84.0,False
472,9443,2025-10-04,4,7,349.84,139.96,False
472,9630,2025-10-02,1,1,119.99,48.0,False
472,12844,2025-09-15,4,8,549.65,219.88,False
472,8463,2025-03-17,3,6,839.76,335.92,False
472,6018,2025-03-12,2,5,219.95,88.0,True
472,8791,2025-02-22,2,2,259.89,103.96,False
472,7689,2024-02-09,4,9,1477.91,591.2,False
472,10139,2023-04-05,2,6,1619.94,648.0,False
472,12086,2023-03-12,2,2,159.89,63.96,False
472,9721,2023-01-12,4,8,1699.47,679.8,False
472,2229,2022-10-27,4,6,1299.76,519.92,False
472,12309,2022-10-16,2,3,119.88,47.96,False
472,5146,2022-08-25,2,5,889.95,356.0,False
472,13734,2022-05-01,2,6,899.94,360.0,False
472,12673,2021-10-26,1,2,159.98,64.0,False
472,9177,2021-09-28,3,6,459.85,183.96,False
472,6791,2021-08-28,1,1,79.99,32.0,False
472,2587,2021-08-04,4,8,965.65,386.28,False
472,11485,2021-03-25,2,6,719.94,288.0,False
472,10811,2021-01-04,1,1,34.99,14.0,False
472,12988,2020-11-24,2,4,551.96,220.8,False
472,14046,2020-07-20,4,11,1919.62,767.88,True
473,14623,2025-08-12,1,1,79.99,32.0,False
473,10922,2025-06-22,1,3,149.97,60.0,False
473,1897,2024-08-19,2,4,599.78,239.92,False
473,8432,2024-02-18,4,9,954.91,382.0,False
473,24,2023-03-19,2,4,219.6,87.84,False
473,7468,2022-12-27,4,9,619.91,248.0,False
473,3202,2022-09-18,4,8,824.56,329.84,False
473,12698,2022-06-01,1,1,69.9,27.96,False
473,13863,2022-03-14,2,4,109.87,43.96,False
473,3645,2021-05-24,3,5,519.77,207.92,False
473,13705,2021-03-23,3,5,599.86,239.96,True
473,5006,2020-01-25,2,3,99.97,40.0,False
474,7994,2025-06-02,1,3,569.97,228.0,False
474,683,2025-03-05,1,2,69.98,28.0,False
474,9383,2024-12-01,1,2,159.98,64.0,False
474,5546,2024-08-28,4,8,719.74,287.92,False
474,3994,2024-07-12,3,7,1029.66,411.88,False
474,7039,2023-12-19,1,3,59.97,24.0,False
474,14700,2023-12-10,3,7,1409.93,564.0,False
474,8128,2023-10-05,4,6,669.67,267.88,False
474,7697,2023-09-01,2,3,349.7,139.88,False
474,10825,2023-04-09,4,9,1029.1,411.64,True
474,3718,2023-03-18,4,9,1569.91,628.0,True
474,9661,2023-01-19,2,4,244.69,97.88,False
474,1806,2022-12-30,1,2,119.98,48.0,False
474,1291,2022-09-17,2,4,324.96,130.0,False
474,1151,2021-11-21,3,6,379.67,151.88,False
474,4663,2021-10-19,2,5,469.77,187.92,False
474,10083,2021-09-01,4,6,1169.94,468.0,True
474,12713,2021-06-28,2,4,479.96,192.0,False
474,9212,2021-05-26,3,7,389.66,155.88,True
474,11161,2021-04-20,3,6,219.67,87.88,False
474,6717,2021-03-07,4,9,1189.91,476.0,False
474,13127,2021-01-14,4,9,649.1,259.64,False
474,2173,2020-05-07,1,2,279.98,112.0,False
474,1039,2020-03-10,2,5,549.95,220.0,False
475,2197,2025-12-08,1,1,119.9,47.96,False
475,8349,2025-11-21,4,9,1059.73,423.92,False
475,12062,2024-11-19,4,8,1219.92,488.0,True
475,3920,2024-09-16,1,3,179.97,72.0,False
475,4064,2024-06-24,1,2,299.98,120.0,False
475,1504,2024-05-04,1,1,159.99,64.0,False
475,1103,2024-05-03,2,5,704.95,282.0,False
475,11785,2023-12-12,2,5,344.95,138.0,False
475,2372,2023-06-15,2,5,1299.95,520.0,False
475,3080,2023-05-26,1,3,269.7,107.88,False
475,5775,2023-05-19,2,3,329.79,131.92,False
475,8551,2023-03-27,4,8,514.92,206.0,False
475,3226,2023-01-11,3,6,774.94,310.0,False
475,14265,2022-11-29,2,4,1049.96,420.0,False
475,6150,2022-05-08,1,1,99.9,39.96,False
475,11554,2022-03-26,2,6,779.67,311.88,False
475,1191,2021-12-03,1,1,79.99,32.0,False
475,6891,2021-11-01,4,12,1679.34,671.76,False
475,7075,2021-10-21,4,12,1469.34,587.76,False
475,1222,2021-09-20,1,3,239.97,96.0,False
475,6730,2021-07-24,3,5,399.77,159.92,False
475,6604,2021-06-21,1,3,119.7,47.88,False
475,2668,2021-01-25,4,11,1689.89,676.0,False
475,6319,2021-01-21,2,4,369.96,148.0,False
475,8522,2020-09-23,2,2,379.98,152.0,False
475,14374,2020-03-20,4,9,709.37,283.76,False
476,79,2025-10-26,3,5,439.68,175.88,False
476,14418,2025-08-14,1,2,259.8,103.92,False
476,5575,2025-02-10,2,5,599.95,240.0,False
476,8155,2024-10-25,3,6,524.94,210.0,False
476,6885,2024-05-03,1,2,499.98,200.0,False
476,12386,2024-03-15,3,7,874.75,349.92,False
476,9833,2024-01-28,3,3,369.88,147.96,False
476,530,2023-10-23,3,5,434.86,173.96,False
476,14209,2023-05-09,4,10,1299.54,519.84,False
476,12615,2023-03-31,3,5,489.77,195.92,False
476,13109,2023-02-01,4,8,324.65,129.88,False
476,9671,2022-11-12,2,6,659.94,264.0,False
476,10135,2022-04-11,4,7,499.39,199.76,False
476,10347,2022-04-02,1,3,59.97,24.0,False
476,11247,2022-03-25,4,9,1161.73,464.72,False
476,5614,2022-01-21,4,4,289.78,115.92,False
476,12053,2021-12-07,3,7,719.93,288.0,False
476,11335,2021-09-25,1,3,119.7,47.88,False
476,522,2021-08-24,3,9,1109.91,444.0,True
476,14539,2021-07-25,3,6,909.67,363.88,False
476,1743,2021-05-19,2,3,599.97,240.0,False
476,4408,2021-04-05,2,3,289.97,116.0,False
476,4545,2021-03-13,4,7,1359.75,543.92,True
476,10110,2020-12-14,4,6,724.85,289.96,False
476,334,2020-09-29,2,4,459.87,183.96,False
476,10483,2020-09-24,1,1,119.9,47.96,False
476,4209,2020-07-14,4,9,1019.64,407.88,False
476,9919,2020-04-18,1,2,159.98,64.0,False
477,1110,2025-02-20,2,4,289.69,115.88,False
477,8066,2025-01-05,1,3,389.7,155.88,False
477,4530,2024-12-28,2,4,429.6,171.84,False
477,10291,2023-06-11,1,1,49.9,19.96,False
477,12307,2022-10-11,3,5,459.86,183.96,False
477,14416,2022-09-10,3,4,291.78,116.72,False
477,10934,2022-08-16,1,3,299.7,119.88,False
477,1341,2022-05-21,4,7,789.93,316.0,False
477,12848,2021-12-31,1,3,899.97,360.0,False
477,12428,2021-09-14,1,2,179.98,72.0,False
477,9751,2021-09-13,4,6,504.76,201.92,False
477,581,2021-07-04,4,10,749.63,299.88,False
477,2851,2021-02-23,2,4,379.96,152.0,False
477,6738,2020-10-27,3,7,625.93,250.4,False
477,5420,2020-03-31,4,8,499.56,199.84,True
478,13082,2025-11-12,1,2,259.98,104.0,False
478,8984,2025-09-10,1,1,19.99,8.0,False
478,14391,2025-08-01,1,2,599.98,240.0,False
478,5617,2025-07-31,1,1,299.99,120.0,False
478,9316,2025-07-21,2,5,889.95,356.0,False
478,807,2025-01-13,1,3,209.97,84.0,False
478,6815,2024-11-26,3,6,739.94,296.0,False
478,14673,2024-01-10,2,4,189.78,75.92,False
478,7916,2023-09-14,1,2,239.8,95.92,False
478,13758,2023-08-29,1,1,119.99,48.0,False
478,14653,2022-12-25,4,12,1589.61,635.88,False
478,4158,2022-11-26,1,3,359.7,143.88,False
478,8381,2021-08-01,4,8,1124.56,449.84,False
478,9572,2021-05-10,3,6,569.94,228.0,False
478,5489,2021-03-17,4,8,799.74,319.92,True
478,1380,2020-02-10,3,6,1079.67,431.88,False
478,10773,2020-01-27,3,8,929.92,372.0,False
478,12144,2020-01-08,2,6,1199.4,479.76,False
479,501,2024-10-30,1,1,199.9,79.96,False
479,12384,2024-10-28,2,3,141.88,56.76,False
479,2691,2024-05-18,4,10,639.36,255.76,False
479,11717,2023-02-06,2,4,579.96,232.0,False
479,11909,2023-01-07,4,8,1224.92,490.0,True
479,7435,2022-12-17,2,4,769.96,308.0,False
479,9591,2022-07-07,3,4,439.87,175.96,False
479,4280,2022-05-05,2,4,339.96,136.0,False
479,286,2022-04-29,1,2,499.98,200.0,False
479,1338,2022-01-15,1,3,389.97,156.0,False
479,1192,2021-09-02,3,5,519.59,207.84,False
479,4879,2021-06-09,4,9,369.91,148.0,False
479,6084,2021-04-14,4,7,859.93,344.0,False
479,10753,2021-03-10,3,6,464.94,186.0,False
479,4123,2020-10-11,4,8,909.65,363.88,False
479,9620,2020-08-03,1,2,179.8,71.92,False
479,14528,2020-04-15,3,4,549.96,220.0,False
480,4259,2025-11-12,3,4,414.6,165.84,False
480,4025,2025-10-10,2,6,539.94,216.0,False
480,5851,2025-08-18,1,1,129.9,51.96,False
480,10704,2025-05-22,2,3,349.97,140.0,False
480,6342,2025-05-09,4,7,779.75,311.92,False
480,10311,2024-12-19,3,5,684.59,273.84,False
480,14684,2024-12-15,3,7,789.66,315.88,False
480,2845,2024-07-12,3,6,289.58,115.84,False
480,369,2024-06-18,3,5,136.95,54.8,False
480,4873,2023-11-11,2,4,779.96,312.0,False
480,4372,2023-10-22,1,1,299.99,120.0,True
480,12421,2023-08-23,3,5,344.86,137.96,False
480,9094,2023-08-08,1,1,159.99,64.0,False
480,1601,2022-12-05,1,2,499.98,200.0,False
480,2341,2022-09-16,4,10,547.9,219.2,False
480,9258,2021-08-28,2,5,639.68,255.88,False
480,4708,2021-05-17,4,8,909.74,363.92,False
480,7058,2021-02-20,1,2,39.98,16.0,False
480,5839,2021-02-03,3,4,599.96,240.0,False
480,3795,2021-01-16,2,4,279.96,112.0,False
480,10654,2020-11-04,4,9,944.91,378.0,False
480,11581,2020-10-31,2,6,809.94,324.0,False
480,7571,2020-10-29,1,2,359.98,144.0,False
480,1728,2020-05-05,4,12,1484.61,593.88,False
481,9780,2025-11-24,3,6,449.94,180.0,False
481,5800,2025-06-22,4,10,1104.45,441.8,False
481,2625,2025-02-14,4,11,499.71,199.92,False
481,1016,2024-11-20,4,10,2139.45,855.8,False
481,4122,2024-11-09,3,4,469.87,187.96,False
481,1343,2024-11-02,4,8,449.83,179.96,False
481,8396,2024-10-07,3,6,579.4,231.76,False
481,14216,2024-03-16,2,3,729.88,291.96,False
481,2441,2023-12-23,2,6,779.67,311.88,False
481,4245,2023-11-20,1,2,799.98,320.0,False
481,4417,2023-11-18,1,3,539.97,216.0,True
481,13318,2023-09-08,1,1,34.99,14.0,False
481,11964,2023-05-30,3,5,175.77,70.32,False
481,2078,2022-09-18,1,3,299.7,119.88,False
481,7316,2022-08-26,3,4,274.78,109.92,False
481,9511,2022-07-08,3,6,939.94,376.0,False
481,5828,2022-06-11,3,7,899.66,359.88,False
481,5374,2021-03-04,4,9,2219.82,887.96,False
481,4005,2020-09-08,4,4,574.87,229.96,False
481,13286,2020-08-28,1,2,39.98,16.0,False
481,11026,2020-08-20,4,9,1534.64,613.88,False
481,6171,2020-05-30,4,8,1059.65,423.88,False
481,6423,2020-03-26,1,1,34.99,14.0,False
481,11356,2020-02-24,2,5,989.95,396.0,False
482,13518,2025-08-06,2,3,289.88,115.96,False
482,5498,2024-05-31,4,5,839.86,335.96,False
482,13983,2024-02-29,2,2,249.8,99.92,True
482,14537,2024-02-14,2,3,354.97,142.0,False
482,5710,2023-02-26,2,3,159.97,64.0,False
482,13155,2023-02-12,1,3,299.7,119.88,False
482,11116,2022-11-30,1,3,1199.97,480.0,False
482,4534,2022-10-23,1,3,479.97,192.0,False
482,10136,2022-04-22,4,7,364.39,145.76,False
482,5011,2022-04-11,4,8,949.38,379.76,False
482,13017,2022-01-10,1,3,269.97,108.0,False
482,6842,2021-11-24,4,10,869.63,347.88,False
482,8141,2021-08-07,3,5,1319.86,527.96,False
482,948,2021-04-28,3,6,1224.67,489.88,False
482,1396,2021-01-25,4,9,989.64,395.88,False
482,1662,2020-06-27,4,8,579.56,231.84,False
482,11221,2020-03-26,2,5,769.77,307.92,False
482,8110,2020-03-05,4,8,1599.47,639.8,False
483,11619,2025-08-15,2,6,569.67,227.88,False
483,1731,2025-05-23,1,2,259.98,104.0,False
483,2637,2025-01-08,3,7,619.84,247.96,False
483,14079,2024-11-02,2,5,719.68,287.88,False
483,11761,2024-09-09,1,1,199.99,80.0,False
483,9377,2024-04-26,1,2,179.8,71.92,False
483,14513,2023-05-30,1,3,389.7,155.88,False
483,1174,2022-08-14,2,5,1149.95,460.0,True
483,4282,2022-07-31,2,3,159.88,63.96,False
483,10028,2021-11-14,1,3,149.97,60.0,False
483,2390,2021-10-20,1,1,89.99,36.0,False
483,8605,2021-09-09,4,8,1119.38,447.76,False
483,7833,2021-05-15,1,2,39.98,16.0,False
483,10927,2021-01-31,1,1,24.9,9.96,True
483,12719,2020-12-16,4,11,1534.89,614.0,False
483,1211,2020-12-13,4,9,999.46,399.8,False
483,11317,2020-03-06,1,3,104.97,42.0,False
483,2165,2020-02-18,2,2,289.89,115.96,False
484,14848,2025-10-07,1,1,159.99,64.0,False
484,13026,2025-10-06,4,8,709.56,283.84,True
484,596,2025-06-10,3,6,499.85,199.96,False
484,2192,2024-05-17,1,2,259.98,104.0,False
484,5029,2023-12-22,3,7,519.75,207.92,False
484,8345,2023-10-18,4,5,819.95,328.0,False
484,13577,2023-07-23,2,5,979.68,391.88,False
484,10674,2023-07-10,3,6,479.58,191.84,False
484,3780,2023-05-19,3,8,1044.65,417.88,False
484,11451,2023-05-02,2,3,114.88,45.96,False
484,10871,2023-03-22,1,3,359.7,143.88,False
484,1485,2023-02-25,2,3,389.7,155.88,False
484,8376,2022-06-07,1,2,279.98,112.0,False
484,8620,2022-05-13,2,5,139.77,55.92,False
484,9264,2022-02-21,2,3,109.79,43.92,False
484,539,2022-01-19,3,8,1229.65,491.88,False
484,7253,2021-10-28,2,4,659.87,263.96,False
484,13594,2021-09-22,1,2,239.98,96.0,False
484,2059,2021-09-16,1,2,79.98,32.0,False
484,3268,2021-06-04,3,6,409.49,163.8,False
484,14626,2021-05-07,2,3,129.97,52.0,False
484,8845,2021-02-18,1,1,99.9,39.96,False
484,3547,2021-01-07,2,4,969.96,388.0,False
484,3320,2020-10-25,3,6,1039.94,416.0,True
484,7659,2020-10-20,1,1,149.99,60.0,False
485,801,2025-08-30,4,10,434.45,173.8,False
485,604,2024-09-12,2,4,359.96,144.0,False
485,10853,2024-06-26,4,9,739.37,295.76,False
485,2548,2024-06-16,1,1,159.99,64.0,False
485,13825,2024-01-03,1,2,259.8,103.92,False
485,10649,2023-10-25,3,5,259.86,103.96,False
485,12569,2023-08-15,3,7,377.93,151.2,True
485,2389,2023-07-12,2,4,859.78,343.92,False
485,9483,2022-10-12,2,2,169.89,67.96,False
485,1539,2022-09-03,2,5,399.95,160.0,False
485,6534,2022-01-22,4,8,1279.92,512.0,False
485,5375,2021-11-24,3,6,759.67,303.88,False
485,9324,2021-10-12,2,3,849.97,340.0,False
485,14556,2021-09-07,4,9,419.91,168.0,True
485,14231,2021-08-23,2,5,379.68,151.88,False
485,8603,2021-03-25,4,6,579.58,231.84,True
485,5784,2020-12-19,4,6,979.67,391.88,False
485,2763,2020-07-28,1,2,139.98,56.0,False
485,12111,2020-03-20,3,3,334.88,133.96,False
485,2793,2020-02-29,4,7,1209.75,483.92,False
485,8608,2020-01-18,4,11,1709.89,684.0,True
486,10288,2025-10-16,1,3,74.7,29.88,False
486,8105,2024-11-08,4,8,869.74,347.92,False
486,11617,2024-08-23,2,2,229.8,91.92,False
486,5137,2024-04-25,3,3,415.97,166.4,False
486,8642,2024-02-09,3,4,849.87,339.96,False
486,11821,2023-08-18,3,3,229.88,91.96,True
486,10737,2023-08-15,4,8,799.56,319.84,False
486,14159,2023-01-27,3,6,434.4,173.76,False
486,8317,2022-11-10,1,1,49.99,20.0,False
486,8894,2022-08-02,1,1,99.9,39.96,False
486,14241,2022-04-21,3,5,419.95,168.0,False
486,4091,2021-12-05,2,2,189.98,76.0,False
486,8574,2021-09-22,3,7,399.93,160.0,False
486,4675,2021-08-26,2,3,344.88,137.96,False
486,5582,2021-06-23,3,6,929.94,372.0,True
486,5934,2021-01-20,1,1,199.99,80.0,False
486,10686,2020-12-24,2,3,209.88,83.96,False
486,2552,2020-01-15,4,11,1589.89,636.0,False
487,273,2025-11-30,4,10,1629.9,652.0,True
487,7945,2025-09-16,2,5,829.95,332.0,False
487,2445,2025-02-17,1,3,74.7,29.88,False
487,9958,2024-11-15,3,8,534.65,213.88,True
487,4313,2024-09-09,3,8,979.38,391.76,True
487,25,2024-06-14,1,1,39.99,16.0,False
487,8368,2024-06-07,4,8,881.92,352.8,False
487,10125,2024-05-02,1,2,99.8,39.92,False
487,10111,2024-04-22,3,6,369.94,148.0,False
487,14665,2023-10-31,2,4,479.78,191.92,False
487,12154,2022-10-26,2,4,859.96,344.0,False
487,14217,2022-10-11,3,6,1029.67,411.88,False
487,13999,2022-08-19,3,5,449.77,179.92,False
487,7821,2022-03-25,2,2,119.89,47.96,False
487,7642,2022-03-10,4,6,809.94,324.0,False
487,8394,2022-02-26,3,6,469.94,188.0,False
487,9576,2022-02-23,2,5,819.77,327.92,False
487,6016,2021-12-31,4,9,1419.82,567.96,True
487,3927,2021-07-06,3,8,859.74,343.92,False
487,9081,2021-04-12,3,8,1074.92,430.0,False
487,852,2020-08-08,2,4,459.96,184.0,True
487,11618,2020-06-24,3,6,1169.76,467.92,False
487,14003,2020-03-20,1,3,119.7,47.88,False
488,14687,2024-11-16,2,6,1169.94,468.0,False
488,13840,2023-09-29,3,6,209.94,84.0,True
488,11336,2023-09-11,2,4,499.78,199.92,False
488,5230,2022-05-17,4,6,874.67,349.88,False
488,9872,2022-02-27,3,8,929.92,372.0,False
488,11986,2022-01-22,1,2,79.98,32.0,False
488,1634,2021-10-23,3,6,424.94,170.0,True
488,3537,2021-08-09,2,3,279.7,111.88,False
488,2350,2021-07-22,2,3,199.97,80.0,False
488,3004,2021-07-20,2,5,519.95,208.0,False
488,10056,2021-07-20,3,7,709.93,284.0,False
488,3742,2021-04-24,4,6,1349.85,539.96,False
488,14314,2020-09-21,1,3,179.97,72.0,False
488,1081,2020-09-15,1,3,599.7,239.88,False
488,14935,2020-08-04,2,5,359.95,144.0,False
488,1903,2020-04-30,1,3,209.7,83.88,False
489,11514,2025-08-07,1,2,99.8,39.92,False
489,14038,2025-07-27,3,3,289.88,115.96,False
489,851,2024-12-26,2,3,739.97,296.0,False
489,3571,2024-10-25,1,2,279.98,112.0,False
489,720,2024-06-03,1,1,49.99,20.0,False
489,11718,2023-07-04,1,3,209.97,84.0,False
489,564,2022-04-20,3,5,589.95,236.0,False
489,7393,2021-12-25,4,10,1039.63,415.88,True
489,11903,2021-02-20,1,2,119.98,48.0,False
489,5932,2020-09-09,4,8,509.74,203.92,False
490,137,2025-07-21,4,10,1240.36,496.16,False
490,1166,2025-07-05,3,5,474.68,189.88,True
490,11860,2024-07-10,4,9,1309.37,523.76,False
490,407,2024-06-14,1,2,199.98,80.0,False
490,3050,2024-02-29,3,5,409.95,164.0,True
490,9669,2024-01-07,4,9,619.55,247.84,False
490,995,2023-11-21,2,4,609.96,244.0,True
490,7991,2023-07-20,2,3,139.97,56.0,False
490,9240,2023-03-27,1,3,569.97,228.0,False
490,14970,2022-04-21,2,4,284.96,114.0,False
490,3289,2022-01-05,3,6,1179.94,472.0,False
490,338,2021-08-30,4,11,1599.35,639.76,False
490,11560,2021-06-12,1,3,1199.97,480.0,False
490,11511,2021-03-26,3,6,1089.85,435.96,False
490,14453,2020-11-28,3,5,539.86,215.96,False
490,7677,2020-10-09,1,3,269.97,108.0,False
490,1371,2020-08-24,2,4,279.87,111.96,False
490,11766,2020-06-15,1,3,119.7,47.88,False
490,9628,2020-04-16,1,2,279.98,112.0,False
490,3086,2020-03-05,4,8,1869.92,748.0,True
491,5552,2025-06-02,1,2,119.98,48.0,False
491,10122,2025-04-06,4,8,919.56,367.84,False
491,11982,2024-11-13,1,1,89.99,36.0,False
491,4468,2023-12-06,4,8,649.74,259.92,False
491,1581,2023-09-14,4,8,494.56,197.84,False
491,7419,2023-08-28,3,6,1299.85,519.96,False
491,11897,2023-06-26,2,3,529.97,212.0,False
491,7892,2023-06-11,3,6,799.49,319.8,False
491,7860,2023-02-26,3,6,1009.67,403.88,False
491,1437,2022-12-07,2,4,209.96,84.0,False
491,4737,2022-01-09,3,8,859.47,343.8,True
491,484,2021-04-23,3,8,779.92,312.0,False
491,11850,2020-06-07,2,4,179.78,71.92,False
491,12237,2020-05-28,3,5,499.77,199.92,False
491,6792,2020-04-08,4,9,689.82,275.96,False
491,9741,2020-01-20,2,2,279.98,112.0,False
492,4954,2025-11-03,1,1,179.99,72.0,False
492,5694,2025-10-13,1,2,299.8,119.92,False
492,472,2025-03-20,4,4,314.87,125.96,False
492,3552,2025-03-18,3,5,499.5,199.8,False
492,13565,2024-12-29,2,4,267.96,107.2,False
492,7277,2024-11-06,1,1,149.99,60.0,False
492,5272,2024-06-25,1,3,164.7,65.88,False
492,11759,2023-11-03,3,6,929.94,372.0,False
492,5346,2023-06-11,1,3,419.97,168.0,False
492,12180,2023-01-11,4,9,1439.91,576.0,False
492,7100,2022-11-08,4,8,879.74,351.92,False
492,9968,2022-01-03,4,6,749.58,299.84,False
492,5997,2021-12-15,4,9,829.37,331.76,False
492,4627,2021-10-13,2,3,499.97,200.0,False
492,8766,2021-01-20,2,2,319.89,127.96,False
492,7977,2020-10-11,3,6,374.4,149.76,False
492,4277,2020-05-07,1,3,89.97,36.0,False
492,10940,2020-04-24,4,8,839.56,335.84,False
492,8163,2020-03-21,3,5,144.68,57.88,False
492,10882,2020-01-23,2,4,349.96,140.0,False
493,14035,2025-10-18,4,7,474.66,189.88,False
493,4380,2025-05-19,4,6,515.94,206.4,False
493,12670,2025-04-27,1,3,299.97,120.0,False
493,2480,2024-08-31,1,2,379.98,152.0,False
493,4970,2024-01-10,1,1,299.99,120.0,False
493,8711,2023-10-31,3,6,649.49,259.8,False
493,906,2023-06-01,4,8,1249.65,499.88,False
493,1695,2023-03-08,2,4,169.96,68.0,True
493,5764,2022-11-17,3,4,299.87,119.96,False
493,1585,2022-08-29,3,5,359.77,143.92,False
493,10215,2022-05-24,3,6,729.94,292.0,False
493,7216,2022-03-20,3,6,444.67,177.88,False
493,4018,2022-01-16,2,3,289.97,116.0,False
493,12933,2021-10-31,1,1,34.99,14.0,False
493,14334,2021-10-19,3,5,444.77,177.92,True
493,12689,2021-10-06,2,4,209.78,83.92,False
493,4422,2021-03-24,3,6,824.67,329.88,False
493,5083,2020-04-11,4,4,149.87,59.96,False
493,5433,2020-03-10,1,1,89.9,35.96,False
493,221,2020-02-18,2,2,279.89,111.96,False
493,10835,2020-01-19,3,7,609.84,243.96,False
493,14925,2020-01-17,3,6,939.67,375.88,False
494,13632,2025-08-02,2,6,554.94,222.0,False
494,8861,2024-10-25,1,2,359.98,144.0,False
494,13837,2024-10-17,1,3,89.97,36.0,False
494,7332,2023-11-14,2,3,489.97,196.0,False
494,14428,2023-07-23,2,5,329.5,131.8,False
494,595,2023-03-18,1,3,359.97,144.0,False
494,11465,2022-11-04,2,5,1399.95,560.0,False
494,12720,2021-11-03,3,8,579.92,232.0,False
494,658,2021-10-15,1,1,129.9,51.96,False
494,4047,2021-08-21,4,10,1639.9,656.0,False
494,8397,2021-08-13,3,9,899.64,359.88,False
494,11395,2021-06-18,1,2,179.98,72.0,False
494,5644,2021-04-08,3,5,439.95,176.0,False
494,8400,2021-03-28,3,5,859.77,343.92,False
494,8568,2020-11-28,2,5,999.68,399.88,False
494,13957,2020-10-18,1,1,89.9,35.96,False
494,10981,2020-09-11,1,3,1199.97,480.0,False
494,3451,2020-07-28,3,7,1344.66,537.88,False
494,7992,2020-06-20,3,5,669.59,267.84,False
494,6904,2020-02-02,2,3,429.97,172.0,False
495,11180,2025-09-11,3,8,409.92,164.0,False
495,10681,2023-11-05,3,6,184.94,74.0,False
495,5538,2023-10-13,3,9,1619.37,647.76,False
495,10904,2023-10-02,3,6,799.94,320.0,True
495,8813,2023-08-12,4,10,1149.72,459.92,False
495,2612,2023-07-13,4,7,549.93,220.0,False
495,13749,2023-05-16,2,4,379.6,151.84,False
495,7509,2023-03-12,4,11,1609.62,643.88,False
495,2911,2022-10-09,3,7,1274.93,510.0,True
495,4361,2022-08-29,2,6,809.67,323.88,False
495,12644,2022-08-18,2,4,149.96,60.0,False
495,7104,2022-08-17,2,2,189.89,75.96,False
495,6199,2022-06-19,2,4,325.96,130.4,False
495,14518,2021-07-30,2,4,1119.96,448.0,False
495,2321,2021-07-19,4,5,269.95,108.0,False
495,11843,2020-11-05,4,8,1689.65,675.88,False
495,1895,2020-05-31,3,6,919.94,368.0,False
495,8723,2020-05-24,3,6,339.76,135.92,False
495,12172,2020-03-03,1,1,299.99,120.0,False
495,2274,2020-01-08,1,1,24.99,10.0,False
496,12203,2025-12-18,1,1,99.9,39.96,False
496,13087,2025-04-25,3,9,1349.91,540.0,False
496,8277,2024-09-17,3,7,289.66,115.88,False
496,13067,2024-09-05,4,7,1459.93,584.0,False
496,520,2024-05-27,4,7,599.57,239.84,False
496,1367,2024-03-17,4,11,2669.62,1067.88,False
496,12474,2024-01-22,4,8,939.83,375.96,False
496,123,2023-07-19,4,4,689.96,276.0,True
496,14571,2022-12-15,2,2,299.89,119.96,True
496,8673,2022-12-07,2,2,139.98,56.0,False
496,14792,2022-09-30,4,6,489.58,195.84,False
496,14051,2021-11-07,2,4,469.96,188.0,False
496,2228,2021-11-04,4,7,529.84,211.96,False
496,3436,2021-05-10,3,5,949.95,380.0,True
496,10894,2021-05-04,3,7,749.66,299.88,False
496,9863,2021-02-07,2,4,479.96,192.0,False
496,10279,2020-12-23,4,8,1599.74,639.92,True
496,10152,2020-09-01,3,8,649.65,259.88,False
496,1791,2020-01-12,1,2,239.8,95.92,False
497,2558,2025-11-06,3,6,429.67,171.88,False
497,1935,2025-08-31,4,8,2149.56,859.84,False
497,12957,2025-06-26,2,5,989.95,396.0,False
497,4023,2025-02-10,1,1,129.9,51.96,False
497,5665,2024-05-21,4,8,929.29,371.72,True
497,7350,2024-04-05,1,2,59.98,24.0,False
497,6814,2024-03-30,3,5,459.77,183.92,False
497,7069,2024-03-30,1,3,479.97,192.0,False
497,6992,2023-09-03,1,1,249.99,100.0,False
497,12894,2023-08-28,2,3,124.7,49.88,False
497,3890,2023-04-15,1,2,299.98,120.0,False
497,7569,2023-01-29,1,3,239.97,96.0,False
497,7246,2022-07-18,4,9,789.64,315.88,False
497,10831,2022-06-16,4,8,889.83,355.96,False
497,14215,2021-06-28,3,3,194.88,77.96,False
497,14588,2021-02-18,2,6,599.4,239.76,False
497,2130,2020-10-28,4,8,1209.83,483.96,True
497,2794,2020-04-06,3,5,539.86,215.96,False
497,6451,2020-03-04,2,4,939.96,376.0,False
498,3005,2025-12-09,1,1,349.99,140.0,False
498,9454,2025-11-23,1,2,259.8,103.92,False
498,10938,2025-09-16,3,7,574.66,229.88,False
498,6370,2025-05-08,3,8,919.38,367.76,False
498,5066,2025-01-22,4,11,1194.89,478.0,False
498,9603,2024-10-18,3,6,759.85,303.96,False
498,4736,2024-09-03,3,7,549.57,219.84,False
498,12478,2024-07-26,3,5,539.95,216.0,False
498,9485,2024-02-11,1,2,79.8,31.92,False
498,12577,2023-11-26,3,5,629.95,252.0,False
498,151,2023-08-28,4,5,309.86,123.96,False
498,8641,2023-02-01,3,4,459.87,183.96,False
498,14960,2022-11-22,4,8,809.92,324.0,False
498,3024,2022-08-31,4,7,1299.93,520.0,False
498,14158,2022-06-05,3,6,369.76,147.92,False
498,6213,2022-04-15,4,7,759.93,304.0,False
498,7589,2022-03-24,3,7,539.66,215.88,False
498,86,2021-05-21,4,8,1569.92,628.0,False
498,10455,2020-12-11,3,6,639.49,255.8,False
498,7442,2020-08-19,4,8,1099.83,439.96,False
498,10317,2020-04-26,3,7,889.66,355.88,False
498,8341,2020-03-09,4,8,519.29,207.72,False
499,11913,2025-12-19,1,3,389.7,155.88,False
499,5804,2025-07-12,1,3,239.97,96.0,False
499,5823,2025-04-06,4,9,1469.46,587.8,False
499,12164,2025-04-04,3,7,999.66,399.88,False
499,8810,2025-02-01,3,6,1259.67,503.88,False
499,13792,2024-10-28,2,3,359.97,144.0,False
499,11104,2024-08-27,2,4,599.78,239.92,False
499,4673,2024-07-25,1,3,899.97,360.0,False
499,12236,2024-04-16,2,3,279.97,112.0,True
499,6042,2023-09-03,2,6,509.67,203.88,False
499,5021,2023-08-04,1,2,159.98,64.0,False
499,1924,2023-08-03,2,5,337.95,135.2,False
499,3638,2023-04-28,2,3,399.79,159.92,False
499,4805,2023-04-25,4,7,819.57,327.84,True
499,771,2021-10-07,3,9,1319.64,527.88,False
499,10975,2021-09-20,3,3,569.88,227.96,False
499,13892,2021-09-07,3,6,579.94,232.0,True
499,12828,2021-06-27,1,3,239.97,96.0,False
499,9832,2021-04-16,4,6,521.94,208.8,True
499,12606,2021-04-05,1,3,149.97,60.0,False
499,2362,2021-03-03,2,4,319.69,127.88,False
499,9499,2020-11-21,3,8,1299.47,519.8,False
499,13261,2020-09-25,3,5,749.95,300.0,True
499,10299,2020-08-26,4,10,999.18,399.68,True
499,11471,2020-06-30,4,8,1079.92,432.0,True
500,11136,2025-10-19,3,5,1199.86,479.96,False
500,5236,2025-05-30,1,2,179.8,71.92,False
500,8902,2025-03-17,2,5,799.68,319.88,False
500,5469,2024-10-19,2,2,169.98,68.0,False
500,35,2024-07-15,3,8,1039.74,415.92,False
500,7425,2024-06-28,2,4,639.87,255.96,False
500,13804,2024-03-26,1,3,149.97,60.0,False
500,4036,2024-03-18,2,2,189.98,76.0,False
500,14978,2024-01-08,3,7,759.75,303.92,False
500,14820,2023-12-18,2,2,209.98,84.0,False
500,9285,2023-12-14,2,3,279.97,112.0,False
500,5042,2023-10-21,2,2,84.98,34.0,False
500,11819,2023-05-30,2,5,1059.95,424.0,False
500,11257,2023-05-23,2,5,459.95,184.0,False
500,10444,2023-04-24,2,2,139.8,55.92,True
500,14280,2023-03-30,3,6,919.67,367.88,False
500,2139,2022-12-31,3,6,429.94,172.0,False
500,3759,2022-12-22,4,11,1624.71,649.92,False
500,8997,2022-08-08,4,6,709.76,283.92,False
500,8689,2022-07-29,3,5,439.86,175.96,False
500,14096,2022-07-16,1,2,379.98,152.0,False
500,2542,2022-05-09,1,2,299.98,120.0,False
500,4920,2022-02-23,3,5,969.86,387.96,False
500,5971,2021-11-07,4,6,469.94,188.0,True
500,6347,2021-09-25,2,5,439.77,175.92,False
500,12518,2021-06-11,4,8,1599.83,639.96,False
500,1573,2021-06-07,1,1,149.99,60.0,False
500,8541,2021-05-23,3,7,789.93,316.0,False
500,7463,2021-03-23,4,7,789.75,315.92,False
500,4432,2020-12-25,3,6,449.76,179.92,False
500,4367,2020-04-21,4,8,884.47,353.8,False
500,7127,2020-03-30,4,7,504.93,202.0,False
501,4603,2025-11-28,3,8,649.92,260.0,False
501,9522,2025-07-15,4,11,1084.44,433.8,False
501,8583,2025-03-30,2,4,519.96,208.0,False
501,2134,2025-03-11,3,5,409.77,163.92,False
501,11188,2025-02-13,1,3,299.7,119.88,False
501,3838,2024-08-08,3,6,694.58,277.84,False
501,3291,2023-07-02,3,6,374.67,149.88,False
501,11832,2023-04-04,2,6,1019.67,407.88,True
501,8389,2022-11-12,1,3,59.97,24.0,False
501,10781,2022-10-21,2,4,569.96,228.0,False
501,1967,2022-10-11,2,3,699.88,279.96,False
501,9626,2022-01-29,2,4,239.96,96.0,True
501,13039,2021-12-22,2,3,559.97,224.0,False
501,8868,2021-05-26,3,5,449.5,179.8,False
501,8493,2020-10-19,1,2,259.8,103.92,False
501,14801,2020-04-15,4,8,1269.56,507.84,False
501,3454,2020-04-11,4,6,579.76,231.92,False
501,4794,2020-02-21,1,2,99.98,40.0,False
501,12619,2020-02-15,3,7,1869.93,748.0,False
502,13303,2025-07-24,4,5,679.95,272.0,False
502,4127,2024-11-26,2,5,449.5,179.8,False
502,2578,2024-07-29,1,3,269.97,108.0,False
502,3081,2024-02-02,3,6,1299.85,519.96,False
502,5551,2023-11-03,3,4,174.69,69.88,True
502,9452,2023-09-23,3,9,899.37,359.76,False
502,8357,2023-09-14,3,6,429.94,172.0,False
502,9739,2023-08-20,3,7,1009.93,404.0,False
502,636,2022-12-24,4,8,444.83,177.96,False
502,7561,2022-08-15,4,9,479.91,192.0,False
502,9069,2022-07-30,3,6,1079.94,432.0,False
502,11517,2022-03-11,4,10,239.9,96.0,False
502,8213,2022-02-18,1,2,259.98,104.0,False
502,8300,2021-09-14,3,5,754.5,301.8,False
502,4826,2021-09-08,4,7,979.48,391.8,False
502,7448,2020-12-08,3,5,499.86,199.96,False
502,1933,2020-12-04,2,5,529.77,211.92,False
502,10172,2020-03-21,4,9,1434.55,573.84,False
502,6866,2020-01-02,3,5,205.77,82.32,False
503,6557,2025-01-22,1,1,149.99,60.0,False
503,14887,2024-04-24,2,3,144.97,58.0,False
503,10470,2024-02-10,1,1,129.9,51.96,False
503,1645,2024-01-08,1,1,159.99,64.0,False
503,13969,2022-12-16,3,5,609.95,244.0,False
503,13683,2022-10-09,3,6,1079.49,431.8,False
503,12866,2022-09-02,4,5,449.68,179.88,True
503,1513,2022-07-20,1,2,359.98,144.0,False
503,5170,2021-05-31,4,6,649.67,259.88,True
503,14006,2021-01-16,2,2,119.98,48.0,False
503,4835,2020-09-20,1,2,239.98,96.0,False
503,11467,2020-07-01,1,2,119.98,48.0,False
503,8127,2020-02-21,3,8,1699.74,679.92,False
504,9405,2025-07-30,4,9,1409.64,563.88,False
504,6908,2025-05-16,2,4,419.69,167.88,False
504,9999,2025-04-18,4,7,729.93,292.0,False
504,441,2025-02-26,3,8,1129.92,452.0,False
504,11671,2024-11-09,3,5,819.86,327.96,False
504,3599,2024-08-11,2,2,174.98,70.0,False
504,4984,2024-07-21,1,1,59.99,24.0,False
504,14369,2024-07-08,1,1,39.99,16.0,False
504,14283,2024-01-17,2,6,209.67,83.88,False
504,8199,2023-12-10,3,6,349.58,139.84,True
504,6547,2023-11-09,3,6,719.85,287.96,True
504,11035,2023-09-28,2,3,479.97,192.0,False
504,9477,2022-08-03,1,1,129.99,52.0,False
504,10698,2022-04-23,3,7,721.75,288.72,False
504,13064,2022-04-10,4,9,697.55,279.04,False
504,13822,2022-03-08,4,8,849.56,339.84,False
504,13165,2021-07-10,3,4,759.96,304.0,False
504,7223,2021-05-09,3,6,619.67,247.88,False
504,4310,2021-01-17,1,2,99.8,39.92,True
504,6850,2020-12-31,3,4,589.78,235.92,False
504,7938,2020-11-27,4,5,739.95,296.0,False
505,3280,2025-07-10,3,7,1239.93,496.0,False
505,8681,2025-06-24,1,1,119.99,48.0,False
505,4866,2025-05-25,2,3,199.79,79.92,False
505,6818,2024-10-03,1,2,199.98,80.0,False
505,14147,2024-07-30,1,3,119.7,47.88,False
505,2146,2024-06-11,3,6,969.67,387.88,True
505,4390,2024-04-15,3,8,669.92,268.0,False
505,7823,2024-03-17,3,5,519.68,207.88,False
505,3062,2024-01-22,3,6,729.94,292.0,False
505,13536,2022-12-31,1,1,25.99,10.4,False
505,8464,2022-07-07,4,8,1069.47,427.8,False
505,10091,2022-05-30,3,5,529.86,211.96,True
505,4013,2022-05-29,3,7,579.75,231.92,False
505,1687,2021-12-31,1,1,249.99,100.0,True
505,14284,2020-11-16,2,2,54.89,21.96,False
505,2534,2020-06-13,4,8,289.92,116.0,False
505,2772,2020-05-19,4,9,434.91,174.0,False
505,7882,2020-04-17,3,5,184.59,73.84,False
505,10201,2020-04-02,1,1,299.99,120.0,False
505,1898,2020-02-14,2,3,369.79,147.92,False
506,14119,2025-11-11,2,4,1329.87,531.96,False
506,9913,2025-09-18,3,6,424.94,170.0,False
506,5579,2025-04-18,2,4,264.87,105.96,False
506,9348,2025-03-17,4,7,379.75,151.92,False
506,14652,2025-01-25,3,7,869.93,348.0,False
506,10242,2024-06-16,1,2,159.98,64.0,False
506,4342,2024-05-28,2,4,264.6,105.84,False
506,5951,2023-10-19,4,6,739.49,295.8,False
506,2142,2023-07-27,1,1,39.9,15.96,False
506,6798,2023-06-23,2,5,621.95,248.8,True
506,12080,2023-02-11,1,2,199.98,80.0,False
506,11973,2022-08-23,1,1,129.99,52.0,False
506,12274,2022-08-11,4,8,1019.92,408.0,True
506,14114,2022-06-30,2,5,189.68,75.88,True
506,1248,2022-05-06,4,9,2289.91,916.0,False
506,10567,2022-03-02,4,5,699.86,279.96,False
506,14958,2021-08-01,3,8,1379.65,551.88,False
506,8816,2021-05-08,1,2,139.8,55.92,False
506,2683,2020-09-18,4,7,979.93,392.0,False
506,6671,2020-07-25,3,3,164.88,65.96,False
506,3866,2020-06-24,1,3,419.97,168.0,False
506,6544,2020-05-20,2,5,229.77,91.92,False
507,3075,2025-12-24,1,3,389.7,155.88,False
507,14383,2025-05-22,2,5,439.95,176.0,False
507,10344,2025-04-14,3,7,1369.93,548.0,False
507,12735,2024-10-14,1,3,389.7,155.88,False
507,9814,2024-09-25,2,4,319.96,128.0,True
507,13446,2024-04-17,2,6,899.94,360.0,False
507,7080,2024-04-01,3,6,734.85,293.96,False
507,2789,2024-02-04,3,7,789.75,315.92,False
507,12430,2023-12-31,3,5,204.77,81.92,False
507,14402,2023-11-20,1,1,199.99,80.0,False
507,4796,2023-10-19,1,1,34.99,14.0,False
507,10843,2023-09-09,4,9,1409.73,563.92,False
507,14466,2023-06-10,3,4,549.96,220.0,False
507,4712,2023-03-06,1,3,239.97,96.0,False
507,9089,2023-01-24,1,1,199.9,79.96,False
507,10008,2022-10-14,1,1,119.9,47.96,False
507,5393,2022-09-05,4,5,429.86,171.96,False
507,5245,2022-02-23,1,3,389.97,156.0,False
507,669,2022-01-20,3,7,719.93,288.0,False
507,1270,2021-03-03,3,4,559.78,223.92,False
507,4941,2020-01-04,4,7,699.39,279.76,True
508,8026,2025-11-20,2,4,689.96,276.0,False
508,4157,2025-11-04,4,8,409.65,163.88,False
508,13110,2025-10-13,1,1,129.9,51.96,False
508,2938,2025-10-08,3,8,1024.92,410.0,False
508,10872,2025-09-13,4,7,679.75,271.92,False
508,12482,2025-02-04,4,6,414.4,165.76,True
508,6581,2025-01-24,1,1,34.99,14.0,False
508,13921,2024-09-18,4,9,829.28,331.72,False
508,6712,2023-06-24,3,7,689.93,276.0,True
508,7762,2023-03-30,4,7,1119.93,448.0,True
508,4936,2023-02-25,2,4,144.69,57.88,False
508,7980,2022-12-20,4,9,1067.73,427.12,False
508,5265,2022-12-17,4,8,564.56,225.84,False
508,13224,2022-10-09,1,2,119.98,48.0,False
508,4790,2022-09-19,2,4,429.69,171.88,False
508,3799,2021-05-03,1,1,54.9,21.96,False
508,3597,2021-04-07,2,3,75.79,30.32,False
508,2690,2021-02-07,1,3,74.7,29.88,False
508,7230,2020-10-18,4,9,594.82,237.96,False
508,7889,2020-09-08,2,4,859.96,344.0,False
508,14301,2020-08-20,1,2,299.98,120.0,False
508,14690,2020-07-18,4,11,3019.89,1208.0,False
509,6498,2025-12-23,4,6,819.76,327.92,False
509,12560,2025-09-24,2,4,489.69,195.88,False
509,12081,2025-06-24,2,4,209.78,83.92,False
509,954,2025-04-02,2,3,299.97,120.0,False
509,794,2024-12-13,1,3,359.7,143.88,False
509,7036,2024-09-29,4,10,869.36,347.76,False
509,4244,2024-09-28,2,2,109.98,44.0,False
509,3491,2024-09-26,1,2,119.98,48.0,False
509,11442,2024-03-12,3,4,399.78,159.92,True
509,8144,2024-03-02,1,1,149.99,60.0,False
509,10724,2024-01-30,2,4,399.78,159.92,False
509,13715,2023-12-04,2,5,939.95,376.0,False
509,116,2023-08-02,2,3,169.7,67.88,False
509,12325,2023-08-02,1,3,389.7,155.88,False
509,4624,2023-04-21,2,4,229.96,92.0,True
509,10744,2023-01-18,3,3,349.97,140.0,False
509,3506,2022-11-17,4,8,979.29,391.72,False
509,10515,2022-11-04,2,3,379.97,152.0,False
509,1382,2022-10-28,2,5,539.77,215.92,False
509,13091,2022-05-07,4,6,689.76,275.92,False
509,5414,2022-05-06,2,4,269.6,107.84,False
509,2776,2022-04-07,1,2,39.98,16.0,False
509,3656,2021-05-20,3,8,1101.92,440.8,False
509,11095,2020-12-03,4,9,1769.55,707.84,False
509,8729,2020-10-31,2,3,479.97,192.0,False
509,2088,2020-09-30,2,4,379.96,152.0,False
509,1368,2020-08-01,1,3,179.97,72.0,False
510,14310,2025-12-19,2,3,619.97,248.0,False
510,13418,2025-10-21,1,3,359.7,143.88,False
510,3562,2025-08-23,3,6,569.49,227.8,False
510,12066,2025-05-20,1,3,77.97,31.2,False
510,4170,2025-03-25,2,6,509.94,204.0,False
510,6700,2024-05-18,3,8,729.92,292.0,False
510,13789,2024-04-05,2,5,909.95,364.0,False
510,6603,2023-09-07,1,1,49.9,19.96,False
510,9484,2023-04-12,4,9,1024.64,409.88,False
510,8145,2023-01-26,2,2,89.89,35.96,False
510,6731,2022-12-27,1,1,19.99,8.0,False
510,4640,2022-11-06,4,9,879.91,352.0,False
510,5216,2022-06-26,1,3,1199.97,480.0,False
510,2483,2022-04-05,2,3,99.97,40.0,False
510,8275,2021-11-29,4,8,1029.65,411.88,True
510,5673,2021-04-17,4,9,1684.82,673.96,True
510,1448,2020-09-03,4,5,395.68,158.28,True
510,14291,2020-08-19,2,4,399.6,159.84,False
510,6170,2020-03-18,2,5,359.95,144.0,True
510,2901,2020-03-02,2,2,404.89,161.96,False
511,14205,2025-12-15,3,7,829.48,331.8,False
511,11228,2025-01-17,2,5,709.95,284.0,False
511,12073,2025-01-16,3,3,439.79,175.92,False
511,1001,2024-11-29,2,3,299.97,120.0,False
511,10536,2024-11-05,1,2,59.98,24.0,False
511,300,2024-09-02,2,4,319.6,127.84,False
511,4811,2024-07-13,2,6,689.94,276.0,True
511,6642,2024-06-04,1,2,199.98,80.0,False
511,1319,2023-10-09,2,4,1179.96,472.0,False
511,2448,2023-10-05,4,8,949.74,379.92,False
511,4370,2023-09-05,4,8,574.65,229.88,True
511,12298,2022-05-16,4,6,959.76,383.92,False
511,4586,2022-05-07,1,2,359.98,144.0,False
511,11107,2022-02-15,2,3,209.97,84.0,False
511,1031,2021-08-18,2,4,924.87,369.96,False
511,8929,2021-05-28,2,5,179.95,72.0,False
511,8666,2021-01-15,3,6,609.58,243.84,False
511,8020,2020-10-29,2,4,1249.96,500.0,False
512,13746,2025-11-21,2,3,599.97,240.0,False
512,10038,2025-11-12,1,2,119.98,48.0,False
512,1778,2025-10-08,4,9,399.55,159.84,False
512,10788,2025-09-03,3,7,624.93,250.0,False
512,4519,2025-07-06,2,5,499.77,199.92,False
512,5501,2024-03-31,3,5,264.59,105.84,False
512,10190,2023-10-25,4,11,929.71,371.92,False
512,1745,2023-09-20,3,8,1119.92,448.0,False
512,14771,2023-09-03,4,6,324.67,129.88,False
512,11518,2023-04-13,3,3,329.97,132.0,False
512,6506,2023-02-28,3,6,227.94,91.2,False
512,10010,2022-10-09,1,1,249.99,100.0,False
512,11561,2022-09-03,2,3,359.88,143.96,True
512,12680,2022-05-08,2,3,164.88,65.96,False
512,7483,2022-03-02,3,8,919.92,368.0,False
512,4773,2022-01-11,2,5,529.77,211.92,False
512,2914,2021-09-28,4,8,864.2,345.68,True
512,3634,2021-09-13,1,1,179.99,72.0,False
512,11337,2021-06-09,4,9,899.46,359.8,False
512,10544,2021-02-17,2,3,181.88,72.76,True
512,12448,2020-06-12,1,2,239.98,96.0,False
512,14532,2020-02-04,3,4,209.78,83.92,False
513,5165,2025-12-23,3,7,479.75,191.92,False
513,13893,2025-12-04,2,4,219.96,88.0,False
513,11861,2025-02-20,2,4,449.69,179.88,False
513,7250,2024-07-11,2,2,94.98,38.0,False
513,13814,2024-05-30,4,10,1239.63,495.88,False
513,12152,2024-03-20,3,5,829.77,331.92,False
513,4778,2023-12-21,2,5,469.95,188.0,False
513,9847,2022-08-26,2,3,149.97,60.0,True
513,2730,2021-10-24,3,7,459.3,183.72,False
513,10925,2021-10-18,2,6,299.67,119.88,False
513,11473,2021-02-22,1,1,149.9,59.96,False
513,1417,2021-02-09,1,3,299.97,120.0,False
513,6520,2020-12-11,4,7,659.75,263.92,True
514,6417,2025-12-14,1,3,359.97,144.0,False
514,3478,2025-09-29,4,8,1019.83,407.96,False
514,14641,2025-05-14,1,3,389.7,155.88,True
514,12529,2025-04-21,3,3,259.97,104.0,False
514,8009,2025-01-29,3,7,259.93,104.0,True
514,11080,2025-01-19,4,9,1639.46,655.8,False
514,7247,2024-09-19,2,3,349.88,139.96,False
514,5032,2024-06-26,4,8,939.47,375.8,False
514,10088,2024-06-19,4,9,539.46,215.8,False
514,6886,2023-05-12,2,6,509.67,203.88,False
514,2414,2022-12-22,1,3,239.97,96.0,False
514,5208,2022-12-15,2,4,629.96,252.0,False
514,11260,2021-07-24,3,7,1209.66,483.88,False
514,1197,2021-04-18,2,4,899.96,360.0,False
514,3943,2021-03-05,1,2,159.98,64.0,False
514,4418,2020-07-23,2,4,379.69,151.88,False
514,8260,2020-05-07,2,5,519.95,208.0,False
515,4001,2025-12-29,3,6,619.94,248.0,False
515,7495,2025-12-04,2,4,299.96,120.0,False
515,5759,2025-05-11,3,3,499.7,199.88,False
515,6905,2024-11-26,2,5,529.95,212.0,False
515,1281,2024-01-03,1,3,239.97,96.0,False
515,1015,2023-09-24,2,6,1169.67,467.88,False
515,14946,2023-09-21,3,8,1319.92,528.0,False
515,12923,2023-08-19,4,9,1859.73,743.92,False
515,6392,2022-06-09,2,4,389.96,156.0,False
515,9261,2021-04-05,2,6,359.94,144.0,False
515,2805,2020-09-11,1,1,49.99,20.0,False
515,711,2020-01-29,3,5,709.68,283.88,False
516,8950,2025-01-01,1,1,49.9,19.96,False
516,14760,2024-12-31,3,4,214.78,85.92,False
516,9002,2024-07-02,3,5,509.95,204.0,False
516,2463,2024-04-30,3,6,1199.85,479.96,False
516,8388,2023-07-22,4,10,1124.72,449.92,True
516,207,2023-03-19,3,6,719.76,287.92,False
516,7257,2023-03-01,4,6,824.85,329.96,False
516,5134,2023-02-20,4,6,589.58,235.84,True
516,5240,2022-11-27,1,3,77.97,31.2,False
516,3926,2021-05-16,1,1,159.99,64.0,False
516,2948,2020-07-08,4,10,1159.18,463.68,False
516,14754,2020-01-20,4,8,929.74,371.92,False
517,11846,2025-12-18,1,3,449.7,179.88,False
517,2127,2025-07-19,3,6,689.94,276.0,True
517,5022,2025-05-01,4,10,1019.63,407.88,False
517,14323,2025-03-02,2,3,151.88,60.76,False
517,1325,2024-11-13,2,6,749.67,299.88,False
517,10307,2024-06-14,4,9,1249.91,500.0,False
517,517,2024-02-23,3,6,1239.94,496.0,False
517,5432,2023-09-30,2,2,289.98,116.0,False
517,14881,2022-12-21,4,7,1164.93,466.0,False
517,7837,2022-04-08,4,8,1049.47,419.8,False
517,11493,2022-03-30,4,6,739.94,296.0,False
517,12055,2022-03-04,2,4,1199.96,480.0,False
517,3044,2022-02-24,1,3,389.97,156.0,False
517,13640,2021-10-02,3,5,729.86,291.96,False
517,5530,2021-09-08,3,6,1079.67,431.88,True
517,14607,2021-07-14,4,9,864.73,345.92,False
517,2777,2020-06-29,4,8,989.65,395.88,False
517,11227,2020-03-04,2,2,169.89,67.96,False
518,193,2025-02-04,1,2,199.8,79.92,False
518,4900,2024-12-24,3,6,909.94,364.0,False
518,12445,2024-09-15,1,1,149.9,59.96,False
518,3180,2024-03-17,4,7,629.57,251.84,True
518,12738,2024-02-09,1,3,149.7,59.88,False
518,10061,2024-01-22,1,3,269.97,108.0,False
518,10994,2023-07-25,4,6,879.85,351.96,False
518,5908,2023-05-22,2,3,659.97,264.0,False
518,14269,2023-05-18,3,7,769.93,308.0,False
518,5458,2023-01-05,4,9,1639.64,655.88,False
518,13579,2022-12-25,3,4,229.96,92.0,False
518,5224,2022-12-18,4,9,889.91,356.0,False
518,7068,2022-08-24,3,6,599.76,239.92,False
518,736,2022-07-30,1,1,119.99,48.0,False
518,7667,2022-02-20,2,3,309.97,124.0,False
518,4653,2021-08-01,4,11,1399.62,559.88,False
518,904,2021-07-21,4,7,599.84,239.96,False
518,13714,2021-03-26,4,7,1009.75,403.92,True
518,5093,2021-02-22,4,12,1619.88,648.0,False
518,9128,2020-09-08,3,5,499.95,200.0,False
518,2316,2020-06-08,3,6,385.94,154.4,True
518,14105,2020-05-03,4,7,1099.75,439.92,True
519,5005,2025-04-30,1,1,79.99,32.0,False
519,12484,2024-04-05,3,6,799.94,320.0,False
519,14985,2023-10-17,1,3,179.97,72.0,False
519,6035,2023-08-27,2,6,1259.94,504.0,False
519,9083,2023-08-05,3,8,889.74,355.92,False
519,8869,2023-01-17,2,4,659.78,263.92,False
519,11508,2023-01-14,2,5,739.5,295.8,False
519,12002,2022-09-19,1,3,899.97,360.0,False
519,7359,2022-06-19,1,1,89.99,36.0,False
519,1228,2022-02-13,4,11,1059.35,423.76,False
519,4274,2021-09-02,4,6,539.94,216.0,False
519,3417,2020-10-04,4,9,499.73,199.92,False
519,14165,2020-09-27,4,9,1469.91,588.0,False
519,9394,2020-05-06,3,8,1119.65,447.88,False
520,13668,2025-12-11,2,3,99.97,40.0,True
520,5866,2025-10-03,1,1,249.99,100.0,False
520,6513,2024-12-04,4,7,530.66,212.28,True
520,13400,2024-10-04,3,5,1219.77,487.92,False
520,663,2024-07-16,4,7,419.57,167.84,False
520,9734,2024-06-18,1,1,54.9,21.96,False
520,7158,2024-05-20,3,7,654.66,261.88,False
520,5232,2023-06-21,3,5,629.77,251.92,False
520,14906,2023-04-10,2,5,249.68,99.88,False
520,5829,2023-04-04,3,7,724.66,289.88,False
520,1425,2022-11-25,2,3,399.88,159.96,False
520,9449,2022-08-27,1,3,599.7,239.88,False
520,2105,2021-09-09,1,3,449.97,180.0,False
520,7647,2021-03-24,4,10,1134.45,453.8,False
521,14696,2025-07-19,4,7,859.93,344.0,True
521,8006,2025-01-26,3,5,1319.86,527.96,False
521,8624,2025-01-13,2,3,119.97,48.0,False
521,12020,2024-11-10,1,3,209.97,84.0,False
521,1347,2024-07-22,4,6,869.85,347.96,False
521,3185,2024-01-09,2,4,899.87,359.96,False
521,7050,2024-01-07,2,5,439.95,176.0,False
521,11235,2023-06-15,1,2,259.8,103.92,False
521,3496,2022-12-27,2,5,159.95,64.0,False
521,5874,2022-11-15,3,8,759.92,304.0,False
521,1808,2022-08-30,3,5,489.59,195.84,True
521,3047,2022-07-19,2,3,799.88,319.96,False
521,6034,2022-06-19,3,9,749.64,299.88,False
521,2787,2022-03-25,1,1,49.99,20.0,False
521,1990,2022-03-20,3,6,459.76,183.92,False
521,8667,2022-03-12,1,1,159.99,64.0,False
521,1178,2021-12-13,1,1,69.9,27.96,False
521,12674,2021-12-13,4,8,709.2,283.68,True
521,412,2021-10-24,4,11,1449.89,580.0,False
521,1863,2021-10-20,1,3,74.7,29.88,False
521,3690,2021-10-18,3,7,939.66,375.88,False
521,12026,2021-10-09,2,2,459.98,184.0,False
521,14643,2021-06-08,3,5,529.68,211.88,False
521,1523,2021-01-15,1,3,449.97,180.0,False
521,8336,2020-10-19,1,3,119.97,48.0,False
521,6539,2020-06-20,2,2,79.8,31.92,False
521,3161,2020-05-11,1,3,299.7,119.88,False
522,13280,2025-08-22,3,5,334.95,134.0,False
522,3683,2024-10-30,4,8,559.56,223.84,False
522,13919,2024-09-02,3,7,819.93,328.0,False
522,2700,2024-05-11,1,3,239.97,96.0,False
522,8592,2024-03-13,1,3,269.97,108.0,False
522,2569,2023-02-19,3,6,989.58,395.84,False
522,12949,2022-10-07,1,3,104.97,42.0,False
522,4129,2022-06-16,4,6,375.67,150.28,False
522,4615,2022-04-29,3,5,564.86,225.96,False
522,10045,2022-04-22,1,2,159.98,64.0,False
522,7620,2022-03-31,4,7,684.93,274.0,False
522,13586,2021-12-01,2,5,559.68,223.88,False
522,8639,2021-07-12,1,2,239.8,95.92,False
522,1943,2021-06-10,1,3,239.97,96.0,False
522,5113,2021-02-14,4,7,579.66,231.88,False
522,2195,2020-09-08,2,5,459.95,184.0,False
522,3100,2020-08-04,2,5,154.5,61.8,False
522,4406,2020-04-22,3,6,629.85,251.96,False
522,12682,2020-04-03,4,8,469.83,187.96,False
522,8640,2020-01-07,2,5,449.68,179.88,False
523,11985,2025-10-01,4,10,1319.27,527.72,False
523,100,2025-09-08,4,8,989.74,395.92,False
523,6857,2025-05-25,2,4,349.78,139.92,False
523,3612,2025-03-09,3,5,529.77,211.92,False
523,1484,2025-01-21,3,6,579.76,231.92,False
523,1087,2024-01-17,4,8,1349.83,539.96,False
523,10167,2023-11-28,2,2,349.89,139.96,False
523,6926,2023-08-12,3,5,759.77,303.92,False
523,8043,2023-08-03,1,2,79.8,31.92,False
523,429,2023-04-17,4,8,1274.47,509.8,True
523,12320,2023-01-07,4,6,364.58,145.84,True
523,7910,2022-12-03,1,2,599.98,240.0,False
523,7778,2022-06-29,4,8,364.65,145.88,False
523,10616,2022-05-12,3,8,1009.65,403.88,False
523,6573,2021-08-18,1,2,799.98,320.0,False
523,13442,2021-08-18,2,3,129.7,51.88,False
523,6430,2021-04-18,2,2,199.98,80.0,False
523,7215,2021-02-23,4,11,1259.08,503.64,True
523,3885,2020-11-23,2,4,189.6,75.84,False
523,1459,2020-07-01,1,1,119.9,47.96,False
523,7498,2020-05-19,2,4,129.87,51.96,False
524,5277,2025-10-16,2,4,359.96,144.0,True
524,395,2025-09-24,2,4,589.87,235.96,False
524,7114,2025-08-29,4,6,459.85,183.96,False
524,10216,2025-05-29,1,2,319.98,128.0,False
524,12029,2025-02-03,3,6,999.94,400.0,True
524,13407,2024-10-17,1,3,269.97,108.0,False
524,5094,2024-09-30,2,3,279.97,112.0,False
524,7581,2024-04-16,2,5,239.95,96.0,False
524,8497,2024-04-10,2,4,219.6,87.84,False
524,10766,2024-02-09,1,2,139.8,55.92,False
524,342,2023-12-09,4,9,939.64,375.88,False
524,4289,2023-05-04,4,8,989.65,395.88,False
524,3991,2023-04-08,2,2,379.89,151.96,False
524,12253,2023-02-04,1,3,479.97,192.0,False
524,358,2022-12-23,3,5,519.86,207.96,False
524,5986,2022-12-12,1,1,49.99,20.0,False
524,464,2022-12-06,3,7,1959.93,784.0,False
524,11647,2022-10-08,1,3,119.7,47.88,False
524,14916,2022-05-26,4,10,1019.63,407.88,True
524,14139,2022-01-26,3,9,329.64,131.88,False
524,1275,2020-12-24,2,4,689.69,275.88,False
524,5947,2020-07-08,1,3,449.97,180.0,False
524,438,2020-07-05,3,7,649.93,260.0,True
525,10192,2025-06-28,4,8,689.83,275.96,False
525,805,2025-06-18,4,8,759.74,303.92,False
525,14969,2025-05-25,1,1,24.9,9.96,False
525,6191,2024-12-12,3,6,359.67,143.88,False
525,7666,2024-11-24,4,6,209.67,83.88,False
525,9910,2024-07-27,3,6,309.58,123.84,False
525,14062,2023-02-23,4,10,351.9,140.8,False
525,6559,2022-09-29,1,3,164.7,65.88,False
525,5387,2022-08-08,1,1,349.99,140.0,False
525,14758,2022-04-08,3,6,639.67,255.88,False
525,12485,2021-11-11,2,5,1549.95,620.0,True
525,11668,2021-07-08,3,6,504.76,201.92,False
525,10924,2021-04-22,2,3,219.97,88.0,False
525,6155,2021-03-11,3,5,329.95,132.0,True
525,8392,2021-01-12,2,5,549.95,220.0,False
525,10375,2020-09-12,3,8,944.38,377.76,False
525,2889,2020-05-11,3,5,339.86,135.96,False
526,12356,2025-10-08,2,4,324.69,129.88,False
526,7612,2025-10-03,2,3,179.97,72.0,True
526,13268,2025-01-23,4,8,779.65,311.88,False
526,1221,2025-01-09,4,8,609.47,243.8,False
526,1679,2024-04-26,1,2,399.8,159.92,False
526,5806,2023-12-11,2,2,149.98,60.0,False
526,4566,2023-07-09,1,3,569.97,228.0,False
526,5699,2022-12-24,3,7,1309.93,524.0,False
526,6713,2022-10-14,1,3,359.7,143.88,False
526,859,2022-08-29,2,3,299.7,119.88,False
526,11696,2021-12-09,3,5,359.86,143.96,False
526,10910,2021-10-03,3,6,499.76,199.92,False
526,1584,2021-06-11,1,3,89.97,36.0,False
526,204,2021-03-29,4,7,804.57,321.84,False
526,13617,2020-11-29,3,3,389.88,155.96,False
526,3798,2020-10-12,3,5,349.95,140.0,False
526,10371,2020-01-07,1,3,449.7,179.88,False
527,9391,2025-02-26,4,10,969.9,388.0,False
527,8788,2024-12-03,2,5,339.68,135.88,False
527,12912,2024-10-08,2,5,739.77,295.92,False
527,2980,2024-06-22,3,7,641.93,256.8,False
527,6033,2024-05-10,1,2,259.8,103.92,False
527,3329,2023-06-22,3,6,1269.94,508.0,False
527,9000,2022-10-26,2,4,539.96,216.0,False
527,14024,2022-09-30,1,2,69.98,28.0,False
527,9032,2022-06-18,3,6,779.94,312.0,False
527,7126,2022-05-22,1,3,209.7,83.88,False
527,5905,2022-01-19,4,10,859.54,343.84,False
527,11361,2021-11-14,2,4,539.69,215.88,False
527,7011,2021-09-26,1,1,349.99,140.0,False
527,12972,2021-04-05,1,2,239.98,96.0,False
527,2404,2020-12-29,4,8,984.56,393.84,True
527,13817,2020-12-22,3,6,379.58,151.84,False
527,1916,2020-09-28,2,3,409.97,164.0,False
527,11322,2020-08-02,1,1,79.99,32.0,False
527,6839,2020-01-05,3,6,559.76,223.92,False
528,13225,2025-10-19,3,6,909.94,364.0,False
528,7140,2024-09-07,2,6,1469.94,588.0,False
528,13719,2024-04-27,3,9,719.64,287.88,False
528,2434,2023-12-12,4,5,1084.77,433.92,False
528,8283,2023-08-18,4,11,804.44,321.8,True
528,8012,2023-05-03,3,6,539.94,216.0,False
528,646,2023-03-28,4,7,1074.57,429.84,False
528,138,2023-01-01,4,8,554.65,221.88,False
528,12952,2022-09-20,2,4,489.6,195.84,False
528,8727,2022-08-08,3,5,509.86,203.96,False
528,12850,2022-07-16,3,4,314.96,126.0,False
528,13730,2022-03-31,1,1,39.9,15.96,False
528,1379,2022-03-20,4,8,939.74,375.92,False
528,6040,2022-03-11,2,5,439.68,175.88,False
528,11352,2022-01-20,4,10,1464.63,585.88,False
528,7704,2021-04-30,1,3,539.97,216.0,False
528,6263,2021-01-01,2,2,549.89,219.96,True
528,14927,2020-09-14,3,6,459.67,183.88,False
528,13534,2020-07-25,2,5,709.95,284.0,False
528,9385,2020-05-14,2,3,849.88,339.96,False
528,9864,2020-01-29,2,6,509.94,204.0,False
529,6463,2025-10-04,4,9,365.73,146.32,True
529,1611,2025-09-25,2,2,259.98,104.0,False
529,4359,2025-03-07,2,2,239.89,95.96,False
529,14388,2025-02-28,2,4,154.87,61.96,False
529,742,2024-03-09,3,6,939.94,376.0,False
529,9520,2024-03-01,2,3,549.79,219.92,False
529,9414,2023-12-26,2,4,609.87,243.96,True
529,2222,2023-09-06,1,2,399.98,160.0,False
529,2827,2023-08-20,4,10,1719.27,687.72,False
529,4236,2022-12-06,2,5,719.95,288.0,False
529,7306,2022-06-10,3,6,709.85,283.96,True
529,5512,2022-01-03,4,8,1009.92,404.0,False
529,6161,2020-09-04,2,3,309.97,124.0,False
529,11910,2020-08-20,3,5,789.77,315.92,False
529,4910,2020-08-16,2,6,284.67,113.88,False
529,14439,2020-07-27,3,6,509.67,203.88,False
529,728,2020-06-03,1,1,149.99,60.0,False
529,12266,2020-05-31,3,8,624.92,250.0,True
529,6054,2020-04-26,4,8,1176.83,470.76,True
529,2947,2020-03-13,2,3,104.97,42.0,False
530,6344,2025-07-22,1,1,49.99,20.0,False
530,7645,2025-05-26,1,3,89.97,36.0,False
530,14322,2024-12-10,4,8,1319.56,527.84,False
530,10911,2024-09-14,3,7,1049.93,420.0,False
530,1088,2024-07-30,1,2,279.98,112.0,False
530,2799,2024-05-19,1,1,39.99,16.0,False
530,1117,2024-05-07,3,6,819.85,327.96,False
530,1029,2023-11-27,2,5,489.68,195.88,False
530,1785,2023-07-27,3,6,724.85,289.96,True
530,6930,2023-07-07,3,4,319.96,128.0,False
530,11456,2023-06-19,4,10,1059.81,423.96,False
530,9551,2023-04-25,4,11,1749.62,699.88,False
530,14715,2022-09-25,4,11,684.17,273.68,True
530,7793,2022-06-27,3,5,404.95,162.0,False
530,1626,2022-02-14,2,6,329.67,131.88,False
530,13234,2021-08-10,1,3,389.7,155.88,False
530,8077,2021-07-16,3,6,429.58,171.84,False
530,13335,2021-06-12,4,4,151.87,60.76,False
530,6836,2021-04-18,4,8,684.92,274.0,False
530,635,2020-04-07,1,1,24.99,10.0,False
531,10004,2025-05-07,1,2,69.98,28.0,False
531,8172,2024-10-28,1,3,899.97,360.0,True
531,7973,2024-08-06,3,8,844.65,337.88,False
531,6649,2024-04-15,2,4,159.87,63.96,False
531,6615,2024-04-05,3,5,739.68,295.88,False
531,766,2023-09-06,1,3,419.97,168.0,False
531,13217,2023-08-15,2,4,149.87,59.96,False
531,8490,2023-07-16,4,4,619.78,247.92,False
531,1846,2023-06-10,3,8,954.74,381.92,False
531,676,2023-03-25,1,2,79.98,32.0,False
531,5320,2022-10-30,2,3,299.97,120.0,False
531,11357,2022-02-10,2,4,224.96,90.0,False
531,3802,2021-12-29,4,6,1489.85,595.96,False
531,8948,2021-10-21,1,2,119.98,48.0,False
531,10692,2021-07-13,1,1,59.99,24.0,False
531,11834,2021-02-26,2,3,889.88,355.96,False
531,3837,2021-02-25,2,3,99.97,40.0,False
531,4948,2021-01-09,1,3,599.7,239.88,False
531,9137,2020-09-19,3,8,1064.92,426.0,False
531,13147,2020-09-03,2,4,219.6,87.84,False
531,11207,2020-08-13,4,8,689.74,275.92,False
531,13525,2020-07-20,1,1,149.9,59.96,False
531,838,2020-06-14,4,6,521.58,208.64,True
531,11687,2020-02-23,1,1,179.99,72.0,False
532,6916,2025-12-12,3,7,1679.93,672.0,False
532,11536,2025-10-05,1,1,399.99,160.0,True
532,7072,2025-09-28,3,6,879.94,352.0,False
532,8429,2025-08-12,4,6,569.76,227.92,False
532,11486,2025-08-01,3,5,229.59,91.84,False
532,13582,2025-07-26,2,6,869.94,348.0,False
532,9256,2024-10-19,2,4,439.87,175.96,False
532,13161,2024-07-10,3,4,439.96,176.0,False
532,2055,2024-02-29,4,8,624.74,249.92,False
532,1960,2023-10-27,3,4,639.78,255.92,False
532,10868,2023-01-09,3,6,461.85,184.76,False
532,1057,2022-09-07,1,1,129.99,52.0,False
532,6940,2022-08-13,2,3,75.97,30.4,False
532,11864,2022-08-09,2,6,569.94,228.0,False
532,5373,2022-07-16,4,7,1039.93,416.0,False
532,6533,2022-03-10,2,4,699.87,279.96,False
532,6597,2022-02-24,3,5,469.59,187.84,False
532,3911,2021-05-10,2,2,279.98,112.0,False
532,14396,2021-03-28,2,4,385.69,154.28,False
532,13943,2021-01-08,2,2,179.89,71.96,True
532,13878,2020-10-02,2,4,299.96,120.0,False
532,2310,2020-10-01,4,9,1589.73,635.92,False
532,4287,2020-07-03,4,8,624.65,249.88,True
532,237,2020-06-04,3,7,639.93,256.0,False
533,10726,2025-10-25,1,1,99.99,40.0,False
533,7040,2025-03-24,3,6,439.85,175.96,False
533,6350,2024-11-19,2,4,269.78,107.92,False
533,14865,2024-01-10,1,2,159.98,64.0,False
533,26,2023-07-23,3,5,799.95,320.0,True
533,13176,2023-07-23,2,5,499.68,199.88,False
533,8965,2023-06-05,1,3,104.97,42.0,False
533,7145,2023-02-15,1,3,1049.97,420.0,False
533,7061,2022-07-28,3,6,397.76,159.12,True
533,9803,2022-07-04,1,2,49.98,20.0,False
533,8122,2021-05-05,3,8,1011.92,404.8,False
533,13405,2021-03-30,4,7,839.93,336.0,False
533,8670,2020-06-16,1,1,39.9,15.96,False
533,6590,2020-04-07,4,9,969.55,387.84,False
533,2676,2020-01-03,2,3,339.97,136.0,False
534,12072,2025-02-24,3,6,411.85,164.76,False
534,13762,2024-10-30,2,2,129.89,51.96,False
534,14548,2024-06-15,3,5,719.95,288.0,True
534,4579,2024-04-02,1,2,179.98,72.0,False
534,6635,2024-03-07,2,5,1699.95,680.0,False
534,12599,2023-05-16,4,9,1109.73,443.92,True
534,1340,2023-03-01,3,6,1009.67,403.88,False
534,9161,2022-10-01,1,2,239.8,95.92,False
534,5898,2022-05-15,2,5,899.95,360.0,False
534,6922,2022-04-21,3,5,569.86,227.96,False
534,4898,2022-02-17,4,7,1009.84,403.96,False
534,5785,2021-12-26,2,3,489.97,196.0,True
534,5608,2021-10-14,1,2,499.98,200.0,False
534,14463,2021-08-27,3,6,529.94,212.0,False
534,11565,2021-06-13,3,6,509.76,203.92,True
534,11436,2021-02-27,4,6,469.49,187.8,False
534,3210,2020-01-02,3,6,531.67,212.68,False
535,4106,2025-09-16,4,8,1409.83,563.96,False
535,13129,2025-03-02,4,7,354.84,141.96,False
535,3133,2025-02-10,3,9,1589.64,635.88,False
535,10460,2024-09-11,1,1,189.99,76.0,False
535,7211,2023-11-13,4,9,1229.37,491.76,False
535,6014,2023-07-09,4,7,714.57,285.84,False
535,3272,2023-06-13,4,10,1039.72,415.92,True
535,6897,2023-02-19,1,2,39.98,16.0,True
535,6675,2022-10-02,2,5,499.5,199.8,False
535,111,2022-09-27,4,6,669.94,268.0,False
535,6638,2022-03-30,1,3,119.7,47.88,False
535,7067,2022-02-10,2,3,389.79,155.92,False
535,14841,2021-12-22,4,5,469.86,187.96,True
535,7219,2021-07-23,4,10,1357.63,543.08,False
535,14675,2021-07-19,4,7,1249.75,499.92,True
535,8744,2020-12-03,4,11,839.89,336.0,False
535,13421,2020-09-26,2,5,559.5,223.8,False
535,1010,2020-09-18,2,4,199.96,80.0,False
535,3858,2020-04-11,4,8,894.83,357.96,True
535,13850,2020-04-06,3,5,299.95,120.0,True
536,4982,2025-07-27,4,9,719.1,287.64,False
536,10146,2025-07-15,2,5,419.77,167.92,False
536,1509,2025-05-24,1,1,29.99,12.0,False
536,3520,2024-10-28,4,8,839.92,336.0,False
536,1892,2024-10-25,3,5,341.77,136.72,False
536,110,2024-04-09,4,8,849.56,339.84,False
536,13865,2024-02-08,1,3,119.7,47.88,False
536,13068,2023-11-24,1,2,119.98,48.0,False
536,1865,2023-11-20,4,6,1109.76,443.92,False
536,6214,2023-09-14,2,3,294.79,117.92,True
536,14850,2023-07-07,3,7,1749.93,700.0,False
536,7362,2023-06-29,4,10,579.72,231.92,False
536,1086,2023-04-27,1,1,189.99,76.0,False
536,9,2023-03-03,4,7,1014.93,406.0,False
536,14122,2022-09-14,3,5,579.95,232.0,False
536,10036,2022-08-20,4,6,284.49,113.8,False
536,13618,2022-03-14,3,8,1129.74,451.92,False
536,12650,2021-08-19,2,6,614.67,245.88,False
536,9473,2021-03-16,4,10,1159.63,463.88,True
536,124,2020-08-02,4,8,1339.92,536.0,False
536,14268,2020-05-12,2,5,239.95,96.0,False
536,160,2020-01-19,3,7,679.93,272.0,True
537,13602,2025-09-15,1,2,51.98,20.8,False
537,3264,2025-08-19,4,4,709.87,283.96,False
537,282,2023-07-26,2,4,429.6,171.84,True
537,11576,2023-04-19,3,8,1279.92,512.0,False
537,12031,2022-06-30,3,8,854.92,342.0,False
537,549,2022-04-05,4,10,1519.72,607.92,False
537,3940,2021-10-27,3,8,474.92,190.0,False
537,6287,2021-09-03,4,7,439.66,175.88,False
537,10677,2021-05-07,4,9,649.55,259.84,False
537,4436,2020-08-29,3,5,529.77,211.92,False
537,1643,2020-08-24,3,3,174.97,70.0,False
537,842,2020-08-18,3,5,719.95,288.0,False
537,1603,2020-06-25,1,1,99.9,39.96,False
538,12040,2025-10-04,3,5,719.77,287.92,False
538,2759,2025-04-21,4,7,509.57,203.84,False
538,4604,2025-02-26,2,4,409.69,163.88,False
538,6564,2024-12-06,3,3,289.97,116.0,True
538,6999,2024-11-26,2,6,494.67,197.88,False
538,11854,2024-10-13,4,6,994.85,397.96,False
538,9157,2024-09-06,2,5,549.5,219.8,False
538,11390,2024-09-05,2,5,369.68,147.88,False
538,8355,2024-05-19,1,2,399.8,159.92,True
538,13596,2024-03-04,3,6,411.94,164.8,False
538,3117,2024-01-16,3,5,369.86,147.96,False
538,13382,2023-12-11,2,3,329.79,131.92,False
538,3569,2023-04-21,3,4,769.87,307.96,True
538,2852,2023-04-11,4,8,1139.83,455.96,False
538,13037,2022-12-12,4,7,579.48,231.8,False
538,14132,2022-10-07,1,2,139.98,56.0,False
538,9191,2022-04-17,2,4,409.6,163.84,False
538,11414,2022-03-17,4,8,1029.65,411.88,False
538,9428,2021-03-14,4,6,444.67,177.88,False
538,12520,2021-01-03,4,7,449.84,179.96,False
538,1391,2020-11-06,3,6,1499.94,600.0,False
538,2824,2020-09-28,3,5,384.68,153.88,False
538,11623,2020-05-03,4,9,519.46,207.8,True
538,12058,2020-04-02,2,5,829.95,332.0,False
538,6853,2020-03-04,3,5,449.59,179.84,False
539,2392,2025-11-03,3,6,979.94,392.0,False
539,12795,2025-03-21,3,6,339.94,136.0,False
539,11245,2024-11-08,2,3,399.79,159.92,False
539,946,2024-10-03,3,7,899.66,359.88,False
539,13289,2023-10-14,1,2,49.98,20.0,False
539,9486,2023-10-04,1,2,239.8,95.92,False
539,14012,2023-09-02,1,3,149.7,59.88,False
539,6445,2023-07-31,2,5,349.77,139.92,False
539,4812,2023-06-28,1,2,49.98,20.0,False
539,10679,2023-03-26,3,8,419.92,168.0,False
539,2339,2022-10-28,3,8,2049.92,820.0,False
539,2151,2022-07-07,3,8,1089.47,435.8,False
539,9653,2021-11-25,3,6,529.94,212.0,False
539,567,2021-06-17,3,8,1559.92,624.0,False
539,6282,2020-06-24,1,1,39.9,15.96,False
539,3834,2020-04-22,3,8,859.74,343.92,False
540,11835,2025-07-17,3,7,1349.93,540.0,False
540,9184,2025-04-06,1,2,239.8,95.92,False
540,7791,2025-03-28,3,7,1024.66,409.88,False
540,1653,2024-09-23,4,7,779.93,312.0,False
540,10919,2024-09-14,4,10,1059.63,423.88,False
540,4999,2024-06-15,3,5,399.68,159.88,False
540,11305,2023-11-27,4,7,949.75,379.92,True
540,2725,2023-09-29,4,10,490.9,196.4,False
540,8282,2023-05-31,4,7,514.75,205.92,False
540,12209,2023-04-08,3,7,729.48,291.8,False
540,2636,2022-09-30,3,5,929.95,372.0,False
540,12437,2022-09-17,1,1,79.99,32.0,False
540,8763,2022-08-08,1,2,499.98,200.0,False
540,8087,2022-07-23,2,6,779.94,312.0,False
540,12532,2021-06-29,4,11,1839.35,735.76,False
540,11730,2021-04-20,2,4,1199.96,480.0,False
540,8160,2021-04-11,4,9,914.91,366.0,False
540,10866,2021-03-01,1,3,164.7,65.88,False
540,7497,2020-11-29,1,3,359.7,143.88,False
540,4251,2020-04-13,1,1,199.99,80.0,False
540,11923,2020-01-24,4,12,1379.88,552.0,True
541,9538,2025-11-25,3,6,619.76,247.92,True
541,6386,2025-09-18,2,3,419.88,167.96,False
541,8346,2025-04-27,3,8,987.92,395.2,False
541,3479,2025-04-04,3,8,929.92,372.0,True
541,8524,2024-12-19,1,2,39.98,16.0,False
541,9431,2024-11-06,2,4,619.69,247.88,False
541,11674,2024-08-07,4,8,2229.92,892.0,True
541,14597,2023-10-01,1,1,119.99,48.0,False
541,7171,2023-08-09,1,2,119.98,48.0,False
541,1090,2023-05-25,1,1,49.99,20.0,False
541,5293,2023-05-05,1,2,119.98,48.0,False
541,8084,2022-11-29,3,7,909.39,363.76,False
541,12334,2022-09-29,3,4,434.69,173.88,False
541,13543,2022-08-14,1,3,119.97,48.0,False
541,2051,2022-07-27,3,7,609.66,243.88,True
541,13425,2022-07-24,3,8,1019.65,407.88,True
541,9817,2022-03-24,4,8,362.65,145.08,False
541,2292,2021-07-22,2,5,529.77,211.92,False
541,5098,2021-03-28,3,5,699.95,280.0,False
541,9564,2020-08-31,1,3,389.7,155.88,False
541,3568,2020-01-22,1,2,259.98,104.0,False
542,3373,2025-12-18,3,7,799.93,320.0,False
542,191,2025-06-03,2,5,769.95,308.0,False
542,13951,2025-02-25,3,6,679.94,272.0,False
542,1831,2025-02-12,2,3,339.97,136.0,False
542,5183,2025-02-08,4,10,739.9,296.0,True
542,560,2024-11-28,4,6,1239.94,496.0,False
542,977,2024-11-22,4,11,1609.89,644.0,False
542,7834,2024-11-15,4,5,459.95,184.0,True
542,9287,2024-11-12,3,9,1169.64,467.88,True
542,8063,2024-10-17,3,7,1469.75,587.92,False
542,9598,2024-04-03,4,9,1119.91,448.0,False
542,3445,2024-02-26,2,4,739.69,295.88,False
542,8982,2024-02-10,4,8,575.74,230.32,False
542,490,2024-01-09,1,1,34.99,14.0,False
542,6398,2023-11-25,3,6,739.94,296.0,False
542,7530,2023-08-24,1,2,499.98,200.0,False
542,13458,2023-02-06,3,7,434.93,174.0,True
542,4198,2022-12-12,4,6,974.76,389.92,False
542,6939,2022-10-28,4,8,1349.74,539.92,False
542,12466,2022-06-18,3,6,809.76,323.92,False
542,4676,2022-05-08,4,8,1214.65,485.88,True
542,12270,2021-09-09,1,3,419.97,168.0,False
542,12839,2021-06-25,4,10,1239.9,496.0,False
542,7490,2021-01-04,1,1,119.99,48.0,False
542,10901,2020-02-14,2,3,489.88,195.96,False
543,3287,2025-11-10,2,3,489.97,196.0,True
543,498,2025-09-21,3,3,459.97,184.0,False
543,14161,2025-07-01,3,5,469.59,187.84,False
543,11458,2025-06-30,2,5,589.68,235.88,False
543,1619,2025-05-24,4,8,695.65,278.28,False
543,6980,2025-05-16,1,1,129.9,51.96,False
543,2567,2024-09-11,2,4,489.6,195.84,False
543,10672,2024-02-12,4,10,1499.45,599.8,False
543,2391,2024-01-08,1,2,109.8,43.92,False
543,6085,2023-12-30,2,3,209.88,83.96,False
543,8638,2023-11-24,3,3,174.97,70.0,False
543,8732,2023-05-21,2,4,659.96,264.0,False
543,244,2023-03-25,4,9,809.46,323.8,False
543,10310,2022-12-26,3,6,371.76,148.72,False
543,2354,2022-05-29,1,1,129.9,51.96,False
543,2100,2022-03-21,3,7,1054.93,422.0,False
543,1232,2022-02-20,2,3,119.79,47.92,False
543,7795,2021-05-12,2,6,1289.94,516.0,False
543,150,2020-10-13,1,3,449.97,180.0,False
543,2709,2020-09-02,1,1,59.99,24.0,False
543,2336,2020-05-16,1,3,269.97,108.0,False
543,12418,2020-04-15,2,2,299.89,119.96,False
543,10268,2020-03-19,1,2,239.98,96.0,False
544,14254,2025-12-01,1,2,39.98,16.0,False
544,4332,2025-06-28,2,3,389.88,155.96,False
544,12595,2024-03-02,3,7,659.93,264.0,False
544,2298,2024-01-02,4,10,819.9,328.0,False
544,11773,2021-10-23,4,6,581.85,232.76,False
544,8621,2021-01-18,2,5,639.77,255.92,False
544,12056,2020-11-29,1,2,159.98,64.0,False
544,9244,2020-07-11,3,5,1014.86,405.96,True
544,9425,2020-05-09,1,1,149.9,59.96,False
545,2974,2025-06-25,3,6,569.94,228.0,False
545,11916,2025-05-31,1,2,39.98,16.0,False
545,3889,2025-03-27,2,4,359.96,144.0,False
545,13322,2024-12-29,2,4,489.69,195.88,False
545,1661,2024-12-15,1,1,199.9,79.96,False
545,9075,2024-12-05,2,2,124.98,50.0,False
545,11527,2024-10-27,1,1,149.99,60.0,False
545,7201,2024-06-15,1,1,199.9,79.96,False
545,13591,2024-04-03,4,8,431.92,172.8,False
545,11983,2024-01-05,4,7,1034.84,413.96,True
545,9038,2023-11-25,3,7,439.57,175.84,False
545,8595,2023-09-14,4,8,729.92,292.0,False
545,5286,2023-03-28,4,11,1014.71,405.92,False
545,12827,2023-01-17,4,8,749.92,300.0,False
545,10392,2022-12-02,4,7,709.75,283.92,False
545,14873,2022-10-27,3,5,339.86,135.96,True
545,11022,2022-09-27,3,4,779.96,312.0,True
545,8680,2022-07-08,1,1,34.99,14.0,False
545,1446,2022-05-15,2,2,159.98,64.0,False
545,14145,2022-04-14,2,5,229.77,91.92,False
545,12548,2022-02-05,3,7,689.66,275.88,True
545,13829,2021-05-04,3,9,1754.64,701.88,False
545,1714,2021-02-18,4,7,604.84,241.96,False
545,8136,2021-02-10,3,5,819.95,328.0,True
545,706,2020-12-29,3,7,1019.75,407.92,False
546,1490,2023-10-03,1,3,269.7,107.88,False
546,5248,2023-09-07,1,2,599.98,240.0,False
546,3119,2023-08-21,4,9,539.19,215.68,False
546,6666,2023-02-17,4,6,959.67,383.88,False
546,8585,2022-12-21,4,11,839.44,335.8,True
546,9155,2022-11-05,2,4,219.87,87.96,False
546,149,2022-09-21,4,8,449.29,179.72,True
546,5915,2022-09-01,1,2,119.98,48.0,False
546,6849,2022-01-25,2,5,649.5,259.8,False
546,10145,2020-03-04,2,5,749.95,300.0,False
546,232,2020-02-12,1,1,199.9,79.96,False
546,9874,2020-01-18,1,3,209.7,83.88,False
547,274,2025-09-01,1,1,99.9,39.96,False
547,5663,2025-07-08,1,1,59.99,24.0,False
547,5550,2025-04-16,2,4,429.96,172.0,False
547,5879,2025-03-16,4,8,1399.56,559.84,True
547,4056,2024-11-04,2,3,299.7,119.88,True
547,591,2023-11-27,4,8,1409.74,563.92,False
547,8467,2023-11-12,4,9,1529.73,611.92,False
547,12660,2022-10-19,1,1,69.99,28.0,False
547,13229,2022-05-09,1,1,19.99,8.0,False
547,9641,2022-05-02,4,7,689.93,276.0,False
547,12112,2022-01-02,4,9,959.55,383.84,False
547,1690,2021-10-07,2,5,1089.95,436.0,False
547,9291,2021-07-04,3,6,919.94,368.0,False
547,2479,2021-03-25,1,1,189.99,76.0,False
547,2619,2020-11-22,2,5,1449.95,580.0,True
547,9927,2020-09-16,3,5,594.86,237.96,False
547,1574,2020-07-08,3,5,789.95,316.0,False
547,11323,2020-04-12,3,6,794.67,317.88,False
547,14438,2020-01-29,3,7,1379.75,551.92,False
548,7527,2025-12-28,1,3,119.7,47.88,False
548,3492,2025-09-21,1,2,49.8,19.92,False
548,9175,2025-08-23,2,6,209.67,83.88,True
548,8356,2025-07-15,2,3,289.88,115.96,False
548,5788,2025-05-22,2,5,639.68,255.88,False
548,13849,2024-08-20,1,1,249.99,100.0,False
548,7047,2024-04-25,3,4,399.78,159.92,False
548,12454,2024-03-22,2,5,709.95,284.0,True
548,5773,2023-02-04,2,5,849.77,339.92,True
548,7735,2022-11-28,2,5,259.95,104.0,False
548,3273,2022-05-29,1,3,449.7,179.88,False
548,8361,2022-05-07,3,7,1019.66,407.88,True
548,9506,2022-03-10,3,7,1369.93,548.0,False
548,4986,2021-10-14,1,2,199.8,79.92,False
548,246,2020-06-14,1,3,209.7,83.88,False
548,11205,2020-06-01,3,6,464.85,185.96,False
548,8170,2020-01-22,3,7,1059.57,423.84,True
549,1252,2025-12-03,3,6,539.58,215.84,False
549,6911,2025-07-30,2,2,309.98,124.0,False
549,14931,2025-05-18,2,6,1019.94,408.0,False
549,3049,2024-10-17,3,7,609.75,243.92,False
549,76,2024-08-18,3,6,154.94,62.0,False
549,3477,2024-08-07,1,1,59.99,24.0,False
549,8065,2024-07-02,3,4,999.96,400.0,True
549,10968,2024-06-24,2,3,309.97,124.0,False
549,13460,2024-01-20,1,2,239.98,96.0,False
549,4283,2023-10-07,1,1,19.99,8.0,False
549,10997,2023-06-29,1,1,299.99,120.0,False
549,4080,2023-03-05,2,3,349.97,140.0,False
549,9121,2022-07-20,2,4,119.78,47.92,False
549,13661,2022-05-23,3,8,609.65,243.88,True
549,2375,2022-05-21,4,9,2219.91,888.0,False
549,6179,2021-09-30,3,7,599.39,239.76,False
549,5586,2021-06-09,1,1,129.99,52.0,False
549,14644,2021-03-28,3,4,839.96,336.0,False
549,3705,2021-03-11,3,4,179.96,72.0,False
549,14226,2021-02-15,1,1,24.99,10.0,False
549,7964,2020-12-25,1,2,139.8,55.92,False
549,7886,2020-05-29,3,7,1699.75,679.92,True
549,2108,2020-05-10,2,5,879.95,352.0,False
549,6088,2020-05-02,1,2,99.8,39.92,False
550,9674,2025-07-31,2,3,799.97,320.0,False
550,2843,2025-06-04,2,3,144.88,57.96,False
550,48,2025-03-31,1,1,399.99,160.0,False
550,1547,2024-02-16,4,10,1629.9,652.0,False
550,11236,2023-09-15,3,7,1069.93,428.0,False
550,10325,2023-08-24,3,6,1059.94,424.0,False
550,13506,2023-07-09,3,8,989.74,395.92,False
550,700,2023-05-19,2,5,949.68,379.88,False
550,12788,2022-07-31,3,7,749.57,299.84,False
550,3319,2022-05-18,3,6,699.94,280.0,False
550,3783,2022-02-21,2,2,699.98,280.0,True
550,3416,2021-08-09,4,10,509.72,203.92,False
550,14173,2021-07-01,3,9,1064.64,425.88,False
550,9111,2021-06-17,3,5,669.95,268.0,False
550,7022,2021-05-29,4,7,899.66,359.88,True
550,14517,2021-04-12,1,2,399.8,159.92,False
550,14988,2020-09-14,3,8,891.92,356.8,False
550,5267,2020-01-22,4,7,669.66,267.88,True
551,3611,2025-05-15,1,1,159.99,64.0,False
551,7407,2025-03-11,3,6,659.49,263.8,False
551,3875,2025-01-22,2,4,171.96,68.8,False
551,7472,2024-10-14,4,7,389.93,156.0,True
551,8378,2024-05-25,1,2,259.8,103.92,False
551,12057,2024-03-20,2,3,339.97,136.0,False
551,12364,2022-09-19,3,3,584.88,233.96,False
551,10448,2022-09-04,2,3,199.88,79.96,False
551,8462,2022-08-19,3,6,859.94,344.0,False
551,6113,2022-08-04,2,4,639.96,256.0,False
551,11062,2022-02-27,1,1,39.9,15.96,False
551,820,2021-12-08,2,5,409.5,163.8,False
551,3146,2021-01-04,3,5,499.77,199.92,True
551,686,2020-08-08,4,6,759.76,303.92,True
552,11037,2024-11-22,2,5,434.68,173.88,False
552,2003,2024-11-19,2,3,169.97,68.0,False
552,260,2024-03-26,3,5,299.95,120.0,False
552,13384,2024-03-08,4,6,524.58,209.84,False
552,5701,2024-02-26,1,1,129.99,52.0,True
552,1083,2024-02-03,3,7,1139.66,455.88,False
552,8575,2023-09-25,2,4,1269.96,508.0,False
552,11211,2023-09-02,4,8,2079.65,831.88,False
552,14529,2023-08-02,4,8,949.56,379.84,False
552,8197,2023-07-27,1,1,99.9,39.96,False
552,10548,2023-07-15,2,3,259.88,103.96,False
552,9165,2023-03-21,4,9,914.64,365.88,False
552,10188,2022-10-21,1,1,49.99,20.0,False
552,9310,2022-08-01,2,4,429.69,171.88,False
552,4325,2022-07-24,1,3,149.97,60.0,True
552,14259,2022-05-31,1,3,209.97,84.0,False
552,968,2022-03-14,1,2,499.98,200.0,False
552,10735,2021-11-28,3,5,499.95,200.0,False
552,11974,2021-07-08,2,2,164.98,66.0,False
552,10708,2021-04-25,2,2,225.98,90.4,False
553,12687,2025-07-31,1,1,129.9,51.96,False
553,9793,2025-07-17,1,3,179.97,72.0,False
553,5052,2025-05-24,2,6,659.94,264.0,False
553,9809,2025-04-05,3,5,179.59,71.84,False
553,2089,2025-03-01,4,9,1269.73,507.92,False
553,13027,2025-01-13,3,8,389.92,156.0,False
553,4403,2024-05-02,1,2,47.31,17.43,True
553,6769,2024-03-26,1,2,399.98,160.0,False
553,537,2023-12-28,1,1,24.9,9.96,False
553,5190,2023-11-21,3,6,829.76,331.92,False
553,4869,2023-01-07,1,1,19.99,8.0,False
553,3686,2021-12-18,1,3,299.97,120.0,False
553,6567,2021-06-24,4,8,1131.56,452.64,False
553,6795,2021-03-28,1,3,239.97,96.0,False
553,11255,2020-12-22,3,3,374.88,149.96,False
553,14326,2020-11-02,1,3,59.97,24.0,False
553,8331,2020-09-23,2,6,599.94,240.0,False
553,3021,2020-09-07,1,2,259.98,104.0,False
553,10518,2020-03-19,1,1,24.99,10.0,False
554,1862,2025-10-06,3,5,689.95,276.0,False
554,3521,2025-04-15,1,2,499.98,200.0,False
554,4756,2025-03-03,2,3,999.88,399.96,False
554,6749,2025-02-28,1,2,199.8,79.92,False
554,6565,2024-10-04,2,5,569.5,227.8,False
554,10795,2024-08-31,1,2,39.98,16.0,False
554,13427,2024-04-14,4,9,1189.82,475.96,False
554,2815,2024-04-02,3,7,269.93,108.0,True
554,10697,2023-12-10,4,8,1199.47,479.8,True
554,8839,2023-11-25,1,2,119.98,48.0,False
554,8572,2023-08-27,4,7,954.48,381.8,False
554,5347,2023-06-03,3,6,589.85,235.96,False
554,8395,2023-02-14,3,8,1119.92,448.0,False
554,13807,2023-02-11,1,2,799.98,320.0,False
554,341,2022-05-13,4,10,2329.63,931.88,False
554,701,2022-02-18,1,1,39.9,15.96,False
554,11701,2021-08-13,1,2,299.8,119.92,False
554,4308,2021-05-07,1,1,299.99,120.0,False
554,8050,2020-11-06,1,3,359.97,144.0,False
554,1664,2020-10-06,1,3,569.97,228.0,False
554,14349,2020-08-07,4,7,909.84,363.96,False
554,5336,2020-05-06,2,4,249.78,99.92,False
554,7136,2020-04-30,1,2,499.98,200.0,False
554,5186,2020-01-17,1,3,389.97,156.0,False
555,5794,2025-07-21,4,9,1359.82,543.96,False
555,11216,2025-07-11,4,7,1009.93,404.0,False
555,14947,2024-11-09,1,3,269.7,107.88,False
555,12196,2023-12-19,4,5,234.77,93.92,False
555,14898,2023-08-23,2,5,669.68,267.88,False
555,13238,2021-12-18,1,2,599.98,240.0,False
555,682,2021-04-18,3,5,484.5,193.8,False
555,7598,2020-12-22,3,6,1239.94,496.0,True
555,2839,2020-05-24,1,3,299.7,119.88,False
555,8025,2020-03-16,2,6,1169.94,468.0,False
556,4072,2025-03-13,3,6,519.76,207.92,False
556,1235,2024-11-16,1,3,389.97,156.0,False
556,11483,2024-10-26,3,4,379.69,151.88,False
556,5886,2024-08-13,2,6,929.67,371.88,False
556,6464,2024-06-21,3,5,399.77,159.92,False
556,12960,2023-12-20,1,3,149.97,60.0,False
556,11067,2023-08-18,1,1,34.99,14.0,False
556,11457,2023-04-27,2,4,209.69,83.88,True
556,2313,2023-04-02,4,8,1219.65,487.88,False
556,13890,2022-10-30,4,9,549.64,219.88,False
556,2739,2022-10-05,1,3,209.97,84.0,False
556,808,2022-07-20,3,5,625.95,250.4,False
556,8126,2020-11-26,1,2,199.98,80.0,False
557,506,2025-11-04,4,6,469.67,187.88,False
557,4387,2025-10-10,4,9,1319.64,527.88,False
557,10306,2025-04-29,4,7,1219.66,487.88,False
557,11415,2024-11-29,4,11,869.62,347.88,False
557,6961,2024-06-10,1,2,299.8,119.92,False
557,7333,2024-03-17,4,8,855.74,342.32,False
557,7695,2024-01-13,1,1,119.99,48.0,False
557,7002,2023-04-05,3,6,739.76,295.92,False
557,8686,2023-01-22,3,8,499.65,199.88,False
557,3557,2023-01-03,4,6,479.67,191.88,False
557,13398,2022-12-26,4,6,874.94,350.0,False
557,5916,2022-06-02,3,6,759.94,304.0,False
557,2367,2022-05-18,2,3,349.79,139.92,False
557,4978,2021-12-27,4,9,779.73,311.92,False
557,9052,2021-10-11,2,3,249.7,99.88,False
557,3245,2021-08-06,2,3,459.97,184.0,False
557,5633,2021-06-22,1,2,299.8,119.92,False
557,10303,2021-06-22,4,7,919.48,367.8,False
557,13416,2021-06-01,1,3,749.97,300.0,False
557,3338,2021-03-15,2,4,159.6,63.84,False
557,12429,2020-07-04,4,5,819.86,327.96,True
557,8433,2020-06-17,1,2,279.98,112.0,False
557,6739,2020-03-18,2,4,909.96,364.0,False
557,5502,2020-02-07,1,1,129.99,52.0,False
558,2983,2025-12-08,2,4,189.69,75.88,False
558,3689,2025-06-19,1,2,79.8,31.92,False
558,9953,2025-01-07,2,5,609.68,243.88,True
558,7894,2024-12-13,2,4,379.78,151.92,False
558,12456,2024-09-28,4,7,1134.93,454.0,False
558,1023,2024-07-18,2,5,379.77,151.92,False
558,3937,2024-04-07,4,6,584.76,233.92,False
558,4760,2023-12-24,3,6,287.76,115.12,False
558,340,2023-09-24,2,4,394.96,158.0,False
558,7779,2023-09-21,3,6,909.49,363.8,False
558,14686,2023-06-24,1,1,299.99,120.0,False
558,14598,2023-01-06,3,8,1229.38,491.76,False
558,4362,2023-01-03,1,1,199.9,79.96,False
558,9835,2022-08-08,3,8,789.47,315.8,False
558,898,2022-01-02,4,6,939.94,376.0,False
558,3576,2021-09-25,1,1,189.99,76.0,False
558,2328,2021-06-08,2,4,299.96,120.0,False
558,802,2021-05-19,1,1,54.9,21.96,False
558,12362,2020-07-22,2,5,629.95,252.0,False
558,8966,2020-07-17,1,3,569.97,228.0,False
558,13499,2020-02-06,3,7,629.93,252.0,False
559,9489,2025-12-09,4,7,639.66,255.88,False
559,3172,2025-10-14,1,3,119.7,47.88,False
559,9057,2025-09-06,2,3,229.7,91.88,True
559,14303,2025-08-21,4,12,2369.88,948.0,False
559,6864,2025-05-10,3,8,1959.65,783.88,False
559,1285,2025-01-15,3,5,569.77,227.92,False
559,9989,2024-12-27,3,6,224.94,90.0,False
559,8990,2024-12-25,2,5,469.68,187.88,False
559,4464,2024-12-19,2,5,499.5,199.8,False
559,4476,2024-11-23,1,1,299.99,120.0,False
559,7028,2024-11-03,3,4,459.87,183.96,False
559,3258,2024-05-10,2,5,1279.95,512.0,True
559,1304,2023-12-17,4,9,959.55,383.84,False
559,2246,2023-10-23,4,8,1479.56,591.84,True
559,13240,2023-07-21,4,9,2164.91,866.0,False
559,6318,2023-01-06,4,9,1799.46,719.8,False
559,14169,2022-08-15,3,7,849.57,339.84,False
559,33,2021-12-01,4,7,759.39,303.76,False
559,7478,2021-11-21,2,5,1239.95,496.0,False
559,7909,2021-06-22,2,4,579.78,231.92,False
559,7564,2021-02-16,1,1,39.9,15.96,False
559,9885,2021-02-03,3,9,1424.91,570.0,True
559,11643,2020-11-27,3,4,439.78,175.92,False
559,11912,2020-11-01,3,3,119.97,48.0,False
559,5842,2020-07-10,1,1,79.99,32.0,False
559,1315,2020-03-22,1,2,49.8,19.92,False
560,11987,2025-01-12,4,8,657.92,263.2,False
560,13743,2024-10-25,4,8,454.83,181.96,False
560,7711,2024-09-14,2,2,219.98,88.0,False
560,9636,2024-05-04,2,6,329.4,131.76,False
560,11793,2024-01-20,1,1,69.9,27.96,False
560,14683,2023-11-30,1,1,129.99,52.0,False
560,597,2023-09-29,2,3,499.79,199.92,False
560,11997,2023-03-21,3,7,949.66,379.88,False
560,12777,2022-12-16,1,2,119.98,48.0,False
560,11310,2022-05-01,3,7,769.93,308.0,False
560,2378,2022-02-14,3,5,569.59,227.84,False
560,10335,2021-10-06,3,8,739.47,295.8,False
560,3931,2021-09-11,2,4,1099.96,440.0,False
560,10219,2020-12-05,1,1,129.99,52.0,False
560,13963,2020-11-14,3,8,889.74,355.92,False
560,12414,2020-06-07,2,4,409.69,163.88,False
560,10521,2020-04-23,4,8,821.47,328.6,False
560,13529,2020-04-21,4,8,719.83,287.96,False
560,3007,2020-04-11,2,4,469.69,187.88,False
560,2369,2020-02-24,2,4,519.78,207.92,False
560,11429,2020-02-04,3,7,459.93,184.0,False
561,1674,2025-12-04,4,8,629.92,252.0,True
561,7550,2025-07-29,1,2,159.98,64.0,False
561,10613,2025-01-08,1,1,149.99,60.0,False
561,4857,2024-12-04,4,9,729.64,291.88,False
561,9475,2024-09-18,4,7,789.75,315.92,False
561,5149,2024-09-08,2,4,279.96,112.0,False
561,7398,2024-04-20,4,6,604.67,241.88,False
561,12857,2022-12-07,1,1,24.9,9.96,False
561,2411,2022-09-23,2,6,464.4,185.76,False
561,7427,2022-04-03,1,2,159.98,64.0,False
561,9513,2021-11-29,1,2,359.98,144.0,False
561,7684,2021-06-17,3,8,564.92,226.0,True
561,5961,2021-04-03,1,2,159.98,64.0,False
561,10718,2021-02-09,4,9,804.82,321.96,False
561,5748,2020-10-09,3,7,789.93,316.0,False
561,11655,2020-02-05,4,8,501.56,200.64,False
562,4357,2025-12-22,3,7,339.84,135.96,False
562,12204,2025-02-13,1,1,249.99,100.0,False
562,3432,2025-02-09,2,4,909.78,363.92,True
562,2210,2024-07-25,1,3,239.97,96.0,False
562,2356,2024-02-10,2,3,164.7,65.88,False
562,13292,2024-01-04,1,2,99.98,40.0,False
562,7179,2023-04-02,3,5,639.86,255.96,False
562,8912,2022-12-03,3,6,484.94,194.0,False
562,5016,2022-10-26,1,2,179.98,72.0,False
562,9804,2022-10-26,4,10,1134.54,453.84,False
562,1644,2022-03-20,4,11,2059.62,823.88,False
562,5166,2022-03-19,2,3,389.7,155.88,True
562,1405,2022-01-16,3,5,609.77,243.92,False
562,12263,2022-01-07,1,3,179.97,72.0,False
562,3027,2021-11-22,2,3,129.7,51.88,False
562,4599,2021-02-15,4,9,574.64,229.88,True
563,1811,2025-11-26,4,7,879.75,351.92,False
563,11962,2025-10-02,4,9,1319.91,528.0,False
563,10247,2025-04-03,1,2,699.98,280.0,False
563,13609,2024-11-02,2,3,124.79,49.92,False
563,7669,2023-12-24,1,2,699.98,280.0,True
563,13836,2022-09-14,2,5,769.95,308.0,False
563,5316,2022-04-03,3,4,379.96,152.0,False
563,3474,2021-12-27,2,2,169.98,68.0,False
563,9546,2021-11-12,4,7,584.84,233.96,False
563,3964,2020-12-27,4,9,799.73,319.92,False
563,4397,2020-10-27,1,1,69.99,28.0,False
563,889,2020-06-12,1,1,99.99,40.0,False
563,10793,2020-02-06,4,8,2179.74,871.92,False
564,751,2025-09-23,3,5,429.95,172.0,False
564,6160,2025-09-18,2,5,577.95,231.2,False
564,4791,2025-06-25,2,3,309.97,124.0,False
564,2753,2025-06-17,1,1,129.99,52.0,False
564,3409,2025-03-09,3,4,374.87,149.96,False
564,405,2024-12-03,4,10,1169.45,467.8,True
564,6245,2024-10-07,2,4,249.69,99.88,False
564,13796,2024-10-05,3,7,979.66,391.88,True
564,10628,2024-09-13,1,3,359.7,143.88,False
564,1833,2024-07-28,3,6,859.67,343.88,False
564,11120,2024-07-16,4,6,799.85,319.96,False
564,9991,2024-03-11,4,5,415.68,166.28,True
564,7053,2024-01-27,1,3,269.97,108.0,False
564,5787,2023-10-01,2,4,294.69,117.88,True
564,12126,2023-02-23,1,1,119.9,47.96,True
564,172,2023-01-05,4,10,1344.54,537.84,False
564,9378,2022-12-16,1,3,239.97,96.0,False
564,933,2022-02-18,1,3,389.7,155.88,False
564,8444,2022-02-18,3,6,389.76,155.92,False
564,13800,2022-01-05,3,6,1489.94,596.0,True
564,8218,2021-10-13,3,5,349.86,139.96,False
564,8692,2021-09-28,2,5,609.5,243.8,False
564,5613,2020-10-31,1,2,119.98,48.0,False
564,3971,2020-10-05,1,1,89.99,36.0,False
565,702,2025-11-21,3,5,699.77,279.92,True
565,11318,2025-09-02,1,3,209.7,83.88,False
565,12366,2025-03-27,4,7,1004.84,401.96,False
565,14087,2024-10-12,4,7,484.48,193.8,False
565,7670,2024-08-24,2,4,304.96,122.0,False
565,14924,2024-04-02,2,3,429.79,171.92,True
565,4608,2024-03-01,4,6,659.67,263.88,False
565,858,2024-02-26,2,2,209.89,83.96,False
565,2526,2023-02-08,4,10,1589.9,636.0,False
565,10669,2022-08-27,2,4,464.69,185.88,False
565,7883,2022-04-10,3,8,549.65,219.88,False
565,11635,2022-03-26,1,2,599.98,240.0,False
565,13020,2022-03-23,2,2,299.89,119.96,False
565,7828,2022-03-21,4,9,1229.55,491.84,False
565,2770,2021-10-22,1,1,39.9,15.96,False
565,5425,2021-07-22,4,5,339.86,135.96,False
565,14819,2021-07-20,1,1,49.99,20.0,False
565,1582,2021-07-17,3,4,604.87,241.96,True
565,3603,2021-05-11,4,7,367.84,147.16,True
565,10212,2021-03-02,3,8,704.74,281.92,False
565,5040,2021-02-24,1,3,449.7,179.88,False
565,7395,2021-02-14,4,7,289.66,115.88,False
565,5342,2021-01-28,2,5,469.68,187.88,False
565,7133,2021-01-26,3,7,1059.93,424.0,False
565,10617,2021-01-23,3,4,259.87,103.96,False
565,13380,2020-12-31,4,8,1009.47,403.8,False
565,9299,2020-09-13,1,3,59.97,24.0,False
565,7376,2020-05-09,3,5,339.77,135.92,False
566,12090,2025-07-03,1,1,299.99,120.0,False
566,12812,2024-10-11,4,8,869.92,348.0,False
566,5206,2024-09-26,4,8,1359.83,543.96,False
566,10410,2024-04-29,3,9,509.64,203.88,False
566,4701,2024-04-05,4,7,919.84,367.96,False
566,8550,2024-02-12,3,8,699.92,280.0,False
566,10376,2023-09-09,1,3,359.7,143.88,False
566,7071,2023-07-16,3,6,779.94,312.0,False
566,9645,2023-01-07,3,7,989.93,396.0,False
566,2280,2022-06-25,3,6,954.67,381.88,False
566,14997,2022-04-15,1,2,699.98,280.0,False
566,11377,2022-03-15,3,5,379.95,152.0,False
566,8844,2022-03-03,1,1,129.99,52.0,False
566,10543,2021-11-09,1,3,77.97,31.2,False
566,7480,2021-10-08,1,3,149.97,60.0,False
566,8437,2021-08-22,1,3,269.7,107.88,False
566,5051,2021-06-20,1,3,1199.97,480.0,False
566,1632,2021-03-13,2,6,194.67,77.88,False
566,10833,2021-02-08,4,9,719.55,287.84,False
566,9131,2020-09-12,4,8,1179.56,471.84,False
566,12227,2020-08-23,4,9,734.28,293.72,False
566,10206,2020-05-26,3,5,459.59,183.84,False
566,2401,2020-04-25,3,3,169.79,67.92,False
566,6745,2020-01-13,4,7,549.84,219.96,False
567,12754,2025-12-04,2,6,269.67,107.88,False
567,4307,2025-11-15,4,7,684.84,273.96,False
567,13835,2025-07-29,2,3,499.97,200.0,False
567,11187,2025-02-21,1,1,399.99,160.0,False
567,11665,2024-10-16,2,4,789.87,315.96,False
567,6881,2024-09-13,1,2,199.8,79.92,False
567,9288,2024-05-29,2,4,1289.96,516.0,False
567,8751,2024-05-20,1,1,69.99,28.0,False
567,13759,2024-02-15,1,2,239.98,96.0,False
567,14373,2024-01-19,3,4,269.96,108.0,False
567,5979,2023-10-19,2,6,329.94,132.0,False
567,10985,2023-10-02,2,3,279.97,112.0,True
567,1225,2023-06-18,4,6,719.58,287.84,False
567,13912,2023-02-22,4,11,2099.35,839.76,False
567,13351,2023-02-19,4,9,999.64,399.88,True
567,1652,2023-02-18,2,3,339.97,136.0,False
567,5144,2022-01-28,1,1,19.99,8.0,True
567,139,2021-11-20,4,9,1379.64,551.88,False
567,1324,2021-08-11,4,6,679.76,271.92,False
567,856,2021-05-23,1,1,299.99,120.0,False
567,1047,2021-02-27,3,6,759.94,304.0,False
567,2082,2021-02-09,1,3,104.97,42.0,False
567,9231,2020-09-18,3,7,979.48,391.8,False
568,5202,2025-09-21,2,4,499.6,199.84,False
568,14290,2024-09-06,4,9,907.91,363.2,False
568,2049,2024-06-26,2,5,259.77,103.92,False
568,4111,2024-04-28,4,8,909.92,364.0,False
568,854,2024-04-06,2,5,529.77,211.92,False
568,5281,2024-03-01,4,9,1694.46,677.8,False
568,5731,2024-01-26,2,3,181.88,72.76,False
568,6616,2023-09-26,4,9,1134.37,453.76,False
568,971,2023-09-06,3,9,899.64,359.88,False
568,10709,2023-06-13,3,5,519.86,207.96,False
568,14267,2023-05-28,1,3,389.97,156.0,False
568,11484,2023-02-02,2,6,437.94,175.2,False
568,11147,2022-08-20,1,1,199.99,80.0,False
568,6507,2022-07-27,1,2,399.98,160.0,False
568,3524,2022-01-16,2,5,949.95,380.0,False
568,6487,2022-01-13,2,4,359.69,143.88,True
568,5241,2021-07-29,3,6,749.94,300.0,False
568,2981,2021-05-26,2,3,139.79,55.92,False
568,5519,2021-03-21,4,8,749.83,299.96,False
568,9080,2020-05-03,1,2,179.8,71.92,False
568,1604,2020-04-27,1,1,24.9,9.96,False
569,162,2025-11-12,2,4,419.96,168.0,False
569,5164,2025-10-06,3,5,1249.95,500.0,False
569,8560,2025-09-13,4,7,679.84,271.96,False
569,4552,2025-06-11,3,3,369.7,147.88,False
569,5802,2025-03-30,1,2,179.98,72.0,False
569,5363,2025-03-18,4,6,879.85,351.96,False
569,13310,2025-02-09,1,2,79.98,32.0,False
569,468,2024-05-02,3,7,204.66,81.88,False
569,11373,2024-03-29,2,4,859.96,344.0,True
569,10405,2023-09-06,3,8,839.65,335.88,False
569,12760,2022-12-24,1,1,89.99,36.0,False
569,9329,2022-05-21,3,6,539.67,215.88,False
569,178,2021-10-20,1,2,499.98,200.0,False
569,13769,2021-05-04,3,7,709.75,283.92,True
569,3438,2021-04-25,1,3,449.7,179.88,False
569,8570,2021-04-14,4,6,454.58,181.84,True
569,7685,2021-03-28,1,2,299.98,120.0,True
569,2122,2021-01-31,3,8,1144.92,458.0,False
569,7933,2020-11-09,4,7,759.84,303.96,False
570,8916,2025-09-29,3,4,279.87,111.96,False
570,11509,2025-09-05,1,1,299.99,120.0,False
570,107,2024-12-15,2,4,219.78,87.92,False
570,12612,2024-10-17,4,8,724.92,290.0,False
570,9550,2024-03-15,1,1,99.9,39.96,False
570,9160,2024-01-06,1,1,99.9,39.96,False
570,996,2023-12-07,2,4,479.69,191.88,False
570,3166,2023-12-02,4,7,999.66,399.88,False
570,6396,2023-08-08,3,8,366.92,146.8,False
570,13642,2022-11-20,3,7,1269.75,507.92,False
570,9670,2022-10-24,2,4,499.69,199.88,False
570,4233,2022-09-04,4,8,779.47,311.8,False
570,11629,2022-03-06,2,6,719.67,287.88,False
570,8577,2021-07-09,1,1,99.9,39.96,True
570,8485,2021-06-08,1,1,34.99,14.0,False
570,8354,2020-08-29,4,9,1444.55,577.84,False
570,6656,2020-07-02,3,9,1109.91,444.0,False
570,1153,2020-06-24,1,3,299.7,119.88,False
571,1880,2025-05-26,1,2,99.98,40.0,True
571,3299,2025-01-08,3,8,2199.92,880.0,False
571,1817,2024-12-16,3,7,649.66,259.88,False
571,9500,2024-08-03,3,8,1459.74,583.92,False
571,5382,2024-01-29,1,1,79.99,32.0,False
571,2168,2023-12-05,1,3,389.97,156.0,False
571,390,2023-11-09,4,11,3089.71,1235.92,False
571,3481,2023-06-14,4,7,999.93,400.0,False
571,799,2023-03-03,2,3,289.88,115.96,False
571,5428,2023-01-11,1,2,299.98,120.0,False
571,6221,2022-12-24,4,7,764.66,305.88,False
571,5431,2022-09-18,1,3,119.97,48.0,False
571,11034,2021-12-15,2,5,289.68,115.88,False
571,11185,2021-09-07,3,7,599.48,239.8,True
571,14886,2021-06-19,3,5,689.59,275.84,True
571,13388,2021-05-20,2,4,489.96,196.0,False
571,5621,2020-12-25,3,7,739.75,295.92,False
571,12412,2020-09-23,4,8,1299.74,519.92,False
571,11650,2020-09-21,1,2,359.98,144.0,False
571,12178,2020-02-22,4,6,429.85,171.96,False
571,8352,2020-02-04,4,6,434.85,173.96,False
572,9055,2025-08-22,1,1,19.99,8.0,False
572,10181,2025-06-16,2,2,119.89,47.96,False
572,6653,2025-05-03,1,2,119.98,48.0,False
572,10280,2025-02-11,1,3,77.97,31.2,True
572,4537,2024-12-06,4,7,524.84,209.96,False
572,2738,2023-12-12,1,3,389.97,156.0,False
572,14718,2023-10-22,4,7,759.93,304.0,False
572,7809,2023-08-21,4,8,1059.74,423.92,False
572,2742,2023-05-08,2,3,379.97,152.0,False
572,14864,2023-04-26,2,3,724.97,290.0,False
572,6339,2023-03-19,4,6,1189.85,475.96,False
572,12856,2022-12-30,2,6,1289.94,516.0,False
572,5343,2022-11-03,2,5,779.5,311.8,False
572,7343,2022-03-27,3,6,539.94,216.0,False
572,824,2021-09-24,3,6,619.49,247.8,False
572,7544,2021-08-10,2,4,194.96,78.0,True
572,1818,2021-01-18,4,10,1009.36,403.76,False
572,13138,2020-12-30,2,4,249.87,99.96,True
572,8240,2020-10-24,2,6,509.67,203.88,False
572,4878,2020-04-24,3,5,759.68,303.88,True
572,4262,2020-04-20,4,9,1079.46,431.8,False
573,12676,2025-05-19,3,7,709.93,284.0,True
573,9300,2025-04-01,2,4,499.78,199.92,False
573,6696,2024-12-28,1,2,299.8,119.92,False
573,9920,2024-10-14,3,7,304.93,122.0,True
573,11251,2023-09-05,1,1,49.99,20.0,False
573,155,2023-08-17,3,6,334.67,133.88,False
573,3429,2023-08-05,4,6,429.58,171.84,False
573,10928,2023-05-30,2,4,499.96,200.0,False
573,8079,2022-11-04,3,8,1177.92,471.2,False
573,14787,2022-10-23,3,5,397.95,159.2,False
573,14357,2022-06-24,3,9,1139.91,456.0,False
573,11370,2022-04-02,1,2,139.8,55.92,False
573,10121,2021-01-01,2,4,649.69,259.88,True
573,9362,2020-10-04,4,9,1239.73,495.92,False
573,12495,2020-04-08,1,1,34.99,14.0,False
574,1952,2025-12-28,1,2,699.98,280.0,False
574,624,2025-12-10,4,9,1379.37,551.76,False
574,10769,2025-08-28,4,8,674.65,269.88,False
574,8081,2025-05-25,2,2,99.98,40.0,False
574,6252,2025-04-28,1,2,299.98,120.0,False
574,1931,2025-03-02,4,10,1114.27,445.72,False
574,14272,2024-12-15,4,6,1015.76,406.32,False
574,10327,2024-10-25,4,7,689.66,275.88,False
574,376,2024-08-15,3,9,509.91,204.0,True
574,2135,2024-07-29,4,7,299.75,119.92,False
574,4662,2024-06-24,1,2,49.98,20.0,False
574,5745,2023-12-06,2,6,869.94,348.0,False
574,4041,2023-05-04,3,6,539.94,216.0,False
574,9421,2022-03-31,4,6,1099.85,439.96,True
574,5323,2021-11-06,2,6,1499.94,600.0,False
574,13663,2021-10-01,3,6,1199.94,480.0,False
574,1144,2021-08-01,4,11,1089.62,435.88,False
574,8765,2021-07-07,4,7,819.57,327.84,False
574,12697,2021-02-27,3,4,479.69,191.88,False
574,2857,2020-08-06,4,8,1505.92,602.4,False
574,6981,2020-05-22,3,7,1879.93,752.0,False
574,13062,2020-04-04,2,5,254.68,101.88,False
574,1638,2020-03-18,1,1,79.99,32.0,False
575,11890,2025-07-15,4,8,1149.92,460.0,False
575,165,2024-06-08,4,8,779.56,311.84,False
575,5642,2024-06-06,4,9,729.64,291.88,False
575,9941,2024-01-07,4,8,774.56,309.84,False
575,4660,2023-09-09,3,6,709.94,284.0,False
575,3774,2023-07-12,1,2,299.98,120.0,False
575,12476,2023-03-09,3,5,174.95,70.0,True
575,13465,2022-09-24,3,7,436.93,174.8,False
575,2015,2022-04-11,2,3,319.97,128.0,False
575,9365,2022-03-21,2,2,309.98,124.0,False
575,14894,2022-02-27,2,3,399.97,160.0,False
575,12032,2021-03-16,1,1,59.99,24.0,False
575,1123,2021-02-23,4,8,969.65,387.88,False
575,7137,2021-02-04,2,4,209.96,84.0,True
575,12665,2020-11-28,3,6,979.85,391.96,False
575,5405,2020-04-20,4,7,1159.84,463.96,False
575,7328,2020-01-13,3,5,424.59,169.84,False
576,5403,2025-10-24,2,4,239.96,96.0,True
576,8999,2025-06-07,3,8,797.92,319.2,False
576,8802,2025-03-04,2,4,649.6,259.84,False
576,1717,2024-06-03,2,4,559.78,223.92,False
576,13246,2024-05-27,3,6,419.94,168.0,False
576,695,2023-12-21,1,1,299.99,120.0,False
576,2227,2023-10-21,2,4,309.87,123.96,False
576,14198,2023-08-14,2,3,819.97,328.0,False
576,11020,2023-03-21,4,7,384.66,153.88,False
576,6258,2023-02-13,2,6,509.67,203.88,True
576,3051,2021-11-15,4,7,499.93,200.0,True
576,3363,2021-09-28,4,12,617.61,247.08,False
576,5568,2021-01-11,2,4,919.96,368.0,False
576,5635,2020-11-07,4,9,1369.55,547.84,False
576,9736,2020-10-30,4,11,1929.62,771.88,False
576,10896,2020-09-17,2,4,147.87,59.16,False
576,10680,2020-09-07,1,1,99.9,39.96,False
576,11720,2020-08-02,2,6,779.94,312.0,False
576,8576,2020-07-08,1,1,129.9,51.96,False
577,12982,2025-11-04,3,6,559.85,223.96,False
577,10144,2025-08-30,1,3,1049.97,420.0,False
577,12234,2025-08-26,4,7,804.75,321.92,False
577,10417,2025-05-23,1,3,389.7,155.88,False
577,6600,2025-01-17,1,3,74.7,29.88,True
577,5041,2024-12-03,1,1,299.99,120.0,False
577,541,2024-05-28,4,8,719.47,287.8,False
577,5055,2024-03-24,1,3,899.97,360.0,False
577,892,2023-12-09,3,6,939.58,375.84,True
577,11289,2023-09-15,2,5,499.95,200.0,False
577,13788,2023-08-26,4,9,1849.73,739.92,False
577,3473,2023-07-27,3,7,1489.66,595.88,False
577,13391,2023-07-23,1,3,389.7,155.88,False
577,14879,2023-03-16,1,1,189.99,76.0,False
577,3518,2022-12-25,4,7,394.57,157.84,False
577,8526,2022-06-30,3,5,859.86,343.96,False
577,12226,2022-03-07,4,8,851.74,340.72,False
577,2562,2022-01-21,1,2,259.98,104.0,False
577,12181,2021-11-21,2,5,589.95,236.0,False
577,8314,2021-11-15,1,2,179.98,72.0,False
577,10931,2021-08-05,2,4,479.6,191.84,False
577,10508,2021-04-20,4,6,580.67,232.28,False
577,12977,2021-02-04,3,8,439.74,175.92,False
577,8925,2020-07-11,2,2,549.98,220.0,False
578,3460,2025-09-09,2,4,204.6,81.84,False
578,13353,2025-06-26,4,11,1349.62,539.88,False
578,6646,2025-03-25,2,2,309.98,124.0,False
578,1489,2024-09-18,2,5,439.68,175.88,False
578,6890,2024-09-13,4,7,999.84,399.96,False
578,8224,2024-05-18,4,8,609.74,243.92,False
578,14281,2023-10-10,1,2,99.8,39.92,False
578,2697,2023-07-07,4,9,594.82,237.96,True
578,6301,2023-03-08,3,6,579.94,232.0,False
578,4795,2022-12-31,3,5,1029.95,412.0,False
578,9446,2022-11-21,3,7,679.75,271.92,False
578,7461,2022-10-24,3,8,909.92,364.0,False
578,11956,2022-08-14,4,7,734.39,293.76,False
578,11192,2022-07-20,2,3,589.79,235.92,False
578,14656,2022-05-30,3,5,474.86,189.96,False
578,13615,2021-12-02,4,9,939.37,375.76,False
578,3980,2020-09-25,1,1,49.99,20.0,False
578,8415,2020-04-28,2,4,989.96,396.0,False
578,8905,2020-03-24,1,1,19.99,8.0,False
578,7152,2020-01-08,1,3,899.97,360.0,True
579,8857,2025-07-30,3,7,469.93,188.0,False
579,9886,2025-05-18,2,6,899.94,360.0,False
579,10632,2025-03-08,4,10,1349.9,540.0,False
579,7976,2024-11-20,4,6,869.67,347.88,False
579,7474,2024-11-18,3,8,749.38,299.76,False
579,10880,2024-05-30,2,6,599.94,240.0,False
579,13927,2024-01-18,1,2,279.98,112.0,False
579,13862,2023-10-24,4,11,1769.62,707.88,False
579,4532,2023-09-10,3,8,1419.65,567.88,False
579,5580,2023-05-14,1,1,25.99,10.4,False
579,14385,2022-12-31,1,2,99.8,39.92,False
579,11296,2022-10-20,2,3,379.88,151.96,False
579,10682,2022-09-05,3,6,719.76,287.92,False
579,12800,2022-07-21,4,6,319.76,127.92,False
579,4152,2022-06-27,3,7,1449.75,579.92,True
579,6176,2022-03-07,3,6,684.76,273.92,False
579,6796,2021-11-23,1,2,259.98,104.0,False
579,11811,2021-11-10,2,2,249.89,99.96,False
579,14225,2021-01-30,1,2,109.8,43.92,False
579,5873,2021-01-29,1,1,149.9,59.96,False
579,13210,2020-03-27,1,2,119.98,48.0,False
579,5559,2020-02-06,3,7,569.75,227.92,False
580,7264,2025-09-30,1,2,199.8,79.92,False
580,708,2025-08-28,1,2,159.98,64.0,False
580,10783,2025-08-07,1,1,34.99,14.0,False
580,13946,2025-05-22,1,1,39.9,15.96,False
580,8483,2025-04-23,4,9,956.91,382.8,False
580,11762,2025-01-16,1,2,119.98,48.0,False
580,6851,2024-01-19,3,6,879.67,351.88,False
580,5298,2023-10-20,1,1,99.99,40.0,False
580,7112,2023-04-21,3,6,759.94,304.0,True
580,6243,2023-04-07,3,7,524.93,210.0,False
580,6617,2023-04-05,2,5,979.77,391.92,False
580,13191,2023-02-09,2,4,449.96,180.0,False
580,14005,2023-01-23,1,2,259.8,103.92,False
580,9896,2022-12-09,4,10,1019.9,408.0,False
580,6917,2022-11-28,1,1,129.99,52.0,False
580,6760,2022-08-23,4,7,649.75,259.92,False
580,1974,2022-06-15,2,4,419.96,168.0,True
580,5511,2022-02-02,3,6,501.67,200.68,False
580,9949,2022-01-01,3,4,379.69,151.88,False
580,7688,2021-08-01,1,3,239.97,96.0,False
580,14474,2020-09-29,4,6,629.85,251.96,False
580,5235,2020-05-28,4,6,719.94,288.0,False
581,5863,2025-12-01,2,4,415.96,166.4,False
581,5101,2025-10-09,1,2,79.8,31.92,False
581,11610,2025-02-26,4,7,519.93,208.0,False
581,1476,2025-01-27,2,5,339.77,135.92,False
581,14672,2024-07-05,3,6,699.94,280.0,False
581,4117,2023-12-13,1,2,79.8,31.92,False
581,7706,2023-08-21,4,9,1419.91,568.0,True
581,12359,2023-06-21,1,3,149.97,60.0,False
581,4401,2022-10-17,1,1,69.9,27.96,False
581,325,2022-07-19,3,6,909.85,363.96,False
581,6790,2022-05-19,1,1,249.99,100.0,False
581,11568,2022-04-27,3,5,909.95,364.0,False
581,4697,2022-04-06,1,3,299.7,119.88,False
581,3903,2022-03-09,4,10,674.54,269.84,False
581,7459,2022-02-02,1,3,449.97,180.0,False
581,1510,2021-08-02,4,6,281.76,112.72,False
581,14962,2021-06-22,3,6,324.49,129.8,False
581,11348,2020-12-31,2,4,409.96,164.0,False
581,13296,2020-11-09,1,3,479.97,192.0,False
581,1102,2020-07-15,1,1,34.99,14.0,False
581,1404,2020-04-18,3,6,769.94,308.0,False
582,6883,2025-08-06,4,6,551.85,220.76,False
582,6313,2025-04-06,3,6,227.67,91.08,False
582,3326,2025-03-17,3,7,337.75,135.12,False
582,11631,2025-02-03,3,7,879.57,351.84,False
582,9349,2024-05-09,3,3,569.88,227.96,False
582,14663,2023-11-18,2,4,299.69,119.88,False
582,4218,2023-09-20,4,6,664.85,265.96,False
582,14939,2023-05-28,4,8,759.74,303.92,False
582,8041,2023-05-15,3,9,1619.91,648.0,False
582,12616,2023-02-23,1,3,359.7,143.88,False
582,5451,2022-12-18,3,8,1199.92,480.0,False
582,7181,2022-10-20,2,3,319.97,128.0,False
582,12105,2022-10-16,3,7,679.93,272.0,False
582,1196,2022-01-22,2,5,479.95,192.0,False
582,13081,2021-09-20,3,8,769.92,308.0,False
582,14054,2021-06-21,1,3,74.97,30.0,False
582,3992,2020-09-27,1,2,179.98,72.0,False
582,2724,2020-04-16,2,2,269.98,108.0,False
583,10634,2025-01-14,1,3,149.97,60.0,False
583,3290,2024-07-25,1,2,159.98,64.0,False
583,13074,2023-11-04,1,3,74.97,30.0,False
583,6209,2023-10-19,1,2,119.98,48.0,False
583,5865,2023-02-02,4,8,869.56,347.84,False
583,14829,2022-10-21,1,3,179.97,72.0,False
583,11446,2022-10-15,2,3,559.97,224.0,False
583,14951,2022-08-18,1,3,299.7,119.88,False
583,12597,2022-06-26,2,3,339.79,135.92,False
583,13222,2022-02-24,3,7,959.75,383.92,False
583,8786,2022-02-13,4,7,612.93,245.2,False
583,14593,2021-12-15,2,6,1049.94,420.0,False
583,4938,2021-11-26,1,2,99.8,39.92,False
583,9248,2021-09-04,2,3,105.79,42.32,False
583,8082,2021-08-27,3,7,909.84,363.96,False
583,4427,2021-05-21,1,3,479.97,192.0,False
584,114,2025-12-17,2,5,299.95,120.0,False
584,1867,2025-09-26,1,3,239.97,96.0,False
584,9623,2025-07-03,3,5,354.68,141.88,True
584,12632,2025-02-05,4,8,1149.38,459.76,False
584,2820,2024-04-01,2,3,419.97,168.0,True
584,3717,2023-11-14,3,4,489.78,195.92,False
584,3389,2023-08-07,1,1,129.99,52.0,False
584,1099,2023-05-27,4,8,669.92,268.0,False
584,12239,2023-04-28,2,3,314.7,125.88,False
584,5311,2023-04-16,2,4,379.96,152.0,False
584,14907,2022-06-19,1,3,899.97,360.0,False
584,6608,2021-11-19,4,9,979.64,391.88,True
584,9355,2021-08-27,4,8,1859.92,744.0,False
584,14086,2021-05-16,2,4,189.96,76.0,False
584,11523,2021-05-15,3,9,1229.37,491.76,False
584,7959,2020-11-24,2,5,217.95,87.2,False
584,1167,2020-08-30,4,8,489.83,195.96,False
585,9368,2025-10-19,2,4,127.87,51.16,False
585,12791,2025-01-25,2,5,474.5,189.8,True
585,11851,2025-01-19,2,5,329.95,132.0,False
585,5600,2024-12-03,2,3,349.88,139.96,False
585,13324,2024-07-04,2,3,179.97,72.0,True
585,1036,2024-02-26,3,8,879.65,351.88,False
585,2087,2023-10-18,2,5,829.95,332.0,False
585,200,2023-07-16,1,2,179.98,72.0,False
585,5723,2022-03-12,1,2,39.98,16.0,False
585,10527,2021-10-10,2,4,254.69,101.88,False
585,5080,2021-09-10,2,3,729.88,291.96,False
585,8261,2021-05-09,1,3,1049.97,420.0,False
585,5002,2020-12-16,2,6,209.67,83.88,False
585,4928,2020-01-23,3,6,389.49,155.8,False
586,1164,2025-12-16,3,7,719.57,287.84,False
586,1259,2025-07-07,4,8,859.74,343.92,False
586,1959,2025-06-27,3,4,649.96,260.0,False
586,5982,2025-06-06,3,7,301.93,120.8,False
586,12470,2024-08-17,2,6,869.67,347.88,True
586,11691,2024-05-12,4,6,649.67,259.88,False
586,733,2024-02-20,1,1,29.99,12.0,False
586,12963,2023-12-16,3,8,744.38,297.76,False
586,14311,2023-12-13,3,7,1129.93,452.0,False
586,2037,2023-12-03,2,4,199.96,80.0,False
586,13244,2023-07-14,4,4,464.96,186.0,False
586,8854,2023-05-05,4,6,729.76,291.92,False
586,13900,2022-12-31,2,4,199.78,79.92,False
586,288,2022-12-10,1,2,299.98,120.0,True
586,10414,2022-08-04,1,3,599.97,240.0,True
586,7118,2021-12-29,1,3,269.97,108.0,False
586,3827,2021-11-10,1,2,299.98,120.0,False
586,8146,2021-10-09,2,5,1479.95,592.0,False
586,4851,2021-01-19,2,5,849.5,339.8,False
586,2225,2021-01-16,1,3,539.97,216.0,False
586,6685,2020-03-16,1,1,129.9,51.96,False
587,5558,2025-09-01,1,3,77.97,31.2,False
587,9902,2025-06-11,1,2,79.8,31.92,False
587,8109,2025-06-03,2,3,239.97,96.0,False
587,10707,2025-04-02,2,2,339.89,135.96,False
587,1525,2024-11-10,1,3,389.97,156.0,False
587,10336,2024-07-10,2,3,269.97,108.0,False
587,8228,2024-05-31,1,2,359.98,144.0,False
587,13887,2024-05-19,3,6,979.94,392.0,False
587,12767,2024-04-16,4,7,929.84,371.96,False
587,1822,2024-02-24,4,10,1074.72,429.92,False
587,650,2024-02-08,4,9,614.91,246.0,False
587,13133,2024-01-04,2,5,264.68,105.88,False
587,10064,2023-06-26,4,9,714.37,285.76,False
587,11524,2023-04-17,1,1,149.99,60.0,False
587,31,2023-01-11,2,2,169.98,68.0,False
587,280,2021-11-03,2,3,239.97,96.0,False
587,10420,2021-02-02,1,3,1049.97,420.0,False
587,12074,2020-11-24,3,8,839.92,336.0,False
587,8897,2020-07-10,3,7,1524.66,609.88,False
587,6324,2020-06-08,1,1,39.9,15.96,False
587,9644,2020-06-03,3,7,404.75,161.92,False
587,7997,2020-03-01,4,8,1339.92,536.0,True
588,11254,2025-12-21,2,5,859.5,343.8,True
588,1755,2025-08-16,1,2,79.8,31.92,False
588,14329,2025-02-02,4,10,1179.63,471.88,False
588,3031,2024-12-28,1,2,259.8,103.92,False
588,10222,2024-10-20,1,1,39.99,16.0,True
588,633,2024-06-30,4,12,1844.88,738.0,True
588,7841,2024-04-13,4,9,1139.82,455.96,False
588,8112,2024-03-06,3,7,189.93,76.0,False
588,10559,2024-01-30,1,2,159.98,64.0,False
588,837,2024-01-01,4,7,1139.93,456.0,False
588,9745,2023-10-14,1,3,539.97,216.0,False
588,14831,2023-05-12,2,5,109.95,44.0,False
588,10956,2023-05-04,4,9,867.73,347.12,True
588,452,2023-04-05,2,5,244.5,97.8,False
588,11537,2023-01-31,4,8,1099.74,439.92,False
588,911,2022-04-23,1,1,149.9,59.96,False
588,4382,2022-02-16,3,4,319.78,127.92,False
588,3845,2022-01-21,1,2,259.98,104.0,False
588,10813,2021-12-10,1,2,279.98,112.0,False
588,10432,2021-04-24,2,4,739.78,295.92,False
588,285,2021-02-20,2,4,219.6,87.84,False
588,9056,2020-02-13,1,3,539.97,216.0,False
589,12319,2025-12-21,2,4,399.78,159.92,False
589,5763,2025-12-13,3,4,349.96,140.0,False
589,14232,2025-12-04,4,10,2019.9,808.0,True
589,2943,2025-11-29,3,5,244.68,97.88,False
589,6357,2025-10-19,4,6,319.76,127.92,False
589,662,2025-08-15,3,7,489.93,196.0,False
589,1671,2025-07-09,3,7,959.48,383.8,False
589,13231,2025-07-03,1,3,209.7,83.88,False
589,4754,2025-05-10,2,3,329.79,131.92,False
589,3286,2024-12-01,2,2,159.98,64.0,False
589,12793,2024-11-14,3,6,339.85,135.96,False
589,10801,2024-09-07,2,5,389.95,156.0,False
589,7105,2024-02-29,4,10,779.9,312.0,False
589,1921,2023-12-21,1,2,179.98,72.0,False
589,4355,2022-11-20,4,11,1039.71,415.92,False
589,11171,2022-09-10,4,10,1759.72,703.92,True
589,11314,2022-06-12,3,6,719.4,287.76,False
589,6005,2022-05-30,4,8,1739.74,695.92,True
589,8045,2021-06-23,2,2,249.98,100.0,False
589,11745,2021-03-08,2,4,249.87,99.96,True
589,8874,2020-11-26,2,3,259.97,104.0,False
589,3010,2020-10-14,3,5,299.95,120.0,False
589,899,2020-08-04,2,3,649.88,259.96,False
589,6721,2020-04-28,4,11,1139.62,455.88,False
590,13650,2025-09-20,4,4,569.96,228.0,True
590,2977,2025-07-05,2,3,359.97,144.0,False
590,8135,2025-06-20,3,7,719.75,287.92,False
590,10143,2025-04-11,3,5,849.77,339.92,True
590,8690,2025-02-11,4,11,2489.89,996.0,False
590,13327,2024-12-28,4,6,669.58,267.84,False
590,14029,2024-11-02,2,2,209.89,83.96,True
590,575,2024-07-12,2,3,139.97,56.0,False
590,168,2024-06-28,2,2,109.89,43.96,False
590,14784,2023-08-30,1,1,299.99,120.0,False
590,6228,2023-07-04,3,8,1429.92,572.0,False
590,830,2023-06-30,4,9,1489.91,596.0,False
590,11398,2023-02-05,4,8,324.56,129.84,False
590,4239,2022-12-03,3,8,529.74,211.92,False
590,8274,2022-09-28,3,5,189.68,75.88,False
590,13443,2022-08-09,3,8,459.65,183.88,False
590,14270,2022-02-25,3,9,1154.91,462.0,False
590,8175,2021-11-30,4,8,819.56,327.84,False
590,7260,2021-09-10,4,7,684.84,273.96,False
590,1596,2020-10-10,1,3,899.97,360.0,False
590,13008,2020-08-12,4,7,759.93,304.0,False
590,307,2020-01-26,1,3,179.97,72.0,False
591,10542,2025-11-04,3,3,729.97,292.0,False
591,11917,2025-08-09,2,4,249.96,100.0,True
591,3912,2025-06-06,3,5,659.95,264.0,True
591,1239,2024-11-01,3,7,514.66,205.88,False
591,120,2024-09-25,2,3,169.88,67.96,False
591,2579,2024-05-30,3,8,674.65,269.88,False
591,13833,2023-12-23,2,3,409.97,164.0,False
591,8833,2023-12-19,1,3,269.7,107.88,False
591,1624,2023-12-01,3,3,249.97,100.0,False
591,13101,2023-10-14,4,7,959.57,383.84,False
591,3644,2023-07-25,2,3,549.79,219.92,False
591,4443,2023-06-08,1,1,89.99,36.0,False
591,5057,2023-03-04,1,2,139.8,55.92,True
591,9632,2023-01-21,3,5,1099.77,439.92,False
591,5884,2022-11-14,4,6,919.67,367.88,False
591,4883,2022-11-02,4,9,1419.55,567.84,False
591,4206,2022-09-13,4,10,739.9,296.0,False
591,3364,2022-09-03,4,7,854.57,341.84,False
591,9878,2022-04-11,4,10,1739.72,695.92,False
591,1274,2022-01-12,2,4,189.96,76.0,False
591,9714,2022-01-03,4,8,597.65,239.08,False
591,6952,2021-10-02,3,7,659.93,264.0,False
591,11435,2020-09-24,1,3,104.97,42.0,False
591,12189,2020-06-19,3,4,389.78,155.92,False
591,14287,2020-06-05,1,1,149.9,59.96,False
592,568,2025-02-21,4,9,1141.73,456.72,False
592,13541,2025-02-20,4,8,1479.92,592.0,False
592,12709,2025-01-05,4,7,414.66,165.88,False
592,4755,2024-11-21,3,6,899.94,360.0,False
592,5388,2024-07-27,3,7,909.93,364.0,False
592,11008,2024-06-21,2,2,359.89,143.96,False
592,8061,2024-06-10,1,3,569.97,228.0,False
592,2266,2023-11-07,4,6,674.58,269.84,False
592,8512,2023-07-08,4,8,899.83,359.96,False
592,6025,2023-04-06,1,3,77.97,31.2,False
592,8486,2023-02-21,3,7,669.75,267.92,True
592,5344,2023-01-11,3,5,419.86,167.96,False
592,7155,2023-01-06,2,6,1319.94,528.0,False
592,8634,2022-07-21,2,3,129.79,51.92,False
592,853,2021-10-27,3,7,809.57,323.84,False
592,13228,2021-08-04,4,8,1159.74,463.92,False
592,2710,2021-07-08,4,7,739.75,295.92,False
592,1469,2021-07-03,1,1,89.99,36.0,False
592,13795,2020-11-23,3,5,429.77,171.92,False
592,8564,2020-10-16,4,6,869.49,347.8,True
592,4588,2020-08-20,4,10,1149.81,459.96,True
592,864,2020-05-11,1,3,899.97,360.0,False
593,14838,2025-12-28,1,2,199.8,79.92,False
593,4146,2025-12-17,4,7,1059.75,423.92,False
593,2532,2025-09-21,2,3,319.79,127.92,False
593,4369,2025-01-07,4,9,719.46,287.8,False
593,2885,2024-12-03,4,10,717.9,287.2,False
593,14667,2024-09-02,1,1,149.99,60.0,False
593,3249,2023-10-31,2,4,579.87,231.96,False
593,14182,2023-10-15,4,9,1149.55,459.84,False
593,12451,2023-07-16,1,1,99.99,40.0,False
593,5312,2022-10-02,4,7,414.57,165.84,True
593,538,2022-08-17,4,10,1789.36,715.76,False
593,10013,2022-08-03,1,1,59.99,24.0,False
593,10198,2021-11-01,2,4,449.96,180.0,False
593,11244,2021-10-27,4,10,999.81,399.96,False
593,1212,2021-06-27,4,8,889.65,355.88,True
593,716,2021-02-17,4,8,749.83,299.96,False
593,9461,2020-12-08,4,6,719.94,288.0,False
593,9360,2020-10-01,4,8,879.65,351.88,False
593,7162,2020-07-31,4,8,1279.92,512.0,True
593,9584,2020-03-27,3,5,709.77,283.92,True
594,2664,2024-05-24,1,2,79.8,31.92,False
594,6427,2023-12-11,1,1,25.99,10.4,False
594,11937,2023-11-01,1,2,59.98,24.0,False
594,11315,2023-10-13,3,5,479.77,191.92,True
594,1249,2023-06-06,4,7,679.93,272.0,False
594,3500,2023-02-16,3,6,1279.94,512.0,False
594,183,2022-04-19,2,3,269.97,108.0,False
594,12054,2022-02-21,2,3,209.79,83.92,False
594,10401,2020-11-28,4,8,859.92,344.0,False
594,7,2020-02-19,1,1,119.9,47.96,False
595,5049,2025-04-20,2,5,969.95,388.0,False
595,9037,2024-05-06,4,9,893.91,354.0,False
595,9875,2024-04-01,2,5,949.95,380.0,False
595,8187,2024-03-30,1,3,119.7,47.88,False
595,14305,2024-02-06,1,2,239.98,96.0,False
595,8226,2023-05-23,2,4,279.96,112.0,False
595,14638,2023-02-07,4,8,1119.74,447.92,True
595,11233,2022-05-20,3,6,419.76,167.92,False
595,14610,2022-03-15,3,6,1029.94,412.0,False
595,5486,2022-02-17,2,6,479.4,191.76,False
595,5495,2021-11-10,2,5,829.77,331.92,False
595,3054,2021-06-10,1,3,149.97,60.0,True
595,3513,2021-04-08,3,5,609.86,243.96,False
595,2148,2020-11-27,3,6,404.67,161.88,True
595,7254,2020-09-21,2,5,329.95,132.0,True
595,9359,2020-05-02,3,7,429.57,171.84,False
596,5221,2025-12-11,3,6,354.85,141.96,False
596,6680,2025-10-06,2,3,199.97,80.0,False
596,9196,2025-05-29,3,7,799.93,320.0,False
596,13830,2025-04-20,1,2,179.98,72.0,False
596,14794,2024-12-14,1,2,279.98,112.0,False
596,11418,2023-11-30,1,3,389.7,155.88,False
596,4326,2023-06-01,2,2,449.98,180.0,False
596,4930,2023-03-16,4,11,1399.89,560.0,False
596,6369,2023-01-30,4,6,619.58,247.84,False
596,1905,2022-07-08,4,5,684.86,273.96,False
596,13595,2022-04-23,1,3,1049.97,420.0,False
596,7510,2022-04-22,3,8,899.92,360.0,True
596,8738,2022-03-01,1,3,179.97,72.0,False
596,11303,2021-11-15,1,3,239.97,96.0,False
596,1070,2021-10-10,4,11,1544.62,617.88,False
596,11286,2021-03-04,4,8,579.47,231.8,False
596,10577,2020-08-19,3,6,1079.94,432.0,False
596,10530,2020-02-17,2,6,809.94,324.0,False
596,8447,2020-02-10,3,8,1409.38,563.76,True
596,2658,2020-01-31,4,9,679.46,271.8,True
597,4972,2025-07-24,2,3,339.79,135.92,False
597,5887,2024-07-19,4,11,1279.62,511.88,False
597,1125,2024-06-01,3,4,1049.87,419.96,False
597,12641,2024-02-28,2,5,257.77,103.12,False
597,2662,2023-04-13,4,10,879.63,351.88,False
597,3229,2022-11-30,3,8,1337.92,535.2,False
597,10657,2022-08-29,2,2,409.98,164.0,False
597,7777,2022-08-27,2,2,169.98,68.0,False
597,12776,2022-08-23,3,5,304.95,122.0,False
597,2343,2022-05-16,4,6,494.67,197.88,False
597,11971,2022-02-27,2,3,129.88,51.96,False
597,7648,2022-01-22,1,1,149.99,60.0,False
597,3830,2021-03-07,2,3,369.88,147.96,True
597,4378,2020-03-21,1,2,109.8,43.92,False
597,11406,2020-01-11,3,3,454.97,182.0,False
598,4655,2024-11-28,3,7,409.66,163.88,False
598,6348,2024-11-12,2,4,279.6,111.84,False
598,12973,2024-08-07,3,6,649.4,259.76,False
598,7911,2024-06-21,2,2,84.98,34.0,False
598,4120,2024-06-09,2,3,99.97,40.0,False
598,3908,2023-11-16,1,2,179.98,72.0,False
598,14379,2023-05-10,3,7,834.93,334.0,False
598,8684,2023-01-26,3,5,459.86,183.96,True
598,5408,2022-09-26,3,5,349.95,140.0,False
598,5243,2022-07-31,2,4,209.69,83.88,False
598,11991,2022-03-08,1,2,399.98,160.0,False
598,14583,2021-09-17,4,6,669.67,267.88,False
598,9338,2021-06-26,3,6,589.4,235.76,False
598,8365,2021-04-19,3,7,769.75,307.92,True
598,5818,2021-01-14,3,5,639.86,255.96,False
598,10178,2020-10-26,1,1,129.9,51.96,False
598,625,2020-10-23,1,1,54.9,21.96,False
598,9013,2020-04-04,2,4,369.78,147.92,False
598,3887,2020-03-29,1,2,259.98,104.0,False
599,13277,2025-11-04,2,3,799.88,319.96,False
599,8249,2025-10-04,1,1,24.9,9.96,False
599,12415,2025-03-07,1,3,149.97,60.0,False
599,3860,2024-10-05,3,6,709.76,283.92,False
599,7485,2024-09-30,3,7,649.66,259.88,True
599,14333,2024-07-27,4,10,1079.45,431.8,False
599,9004,2023-12-22,3,5,489.68,195.88,True
599,1311,2023-06-28,1,3,119.7,47.88,False
599,9748,2023-03-25,3,5,524.77,209.92,True
599,3126,2022-12-28,2,6,1559.94,624.0,False
599,4242,2022-11-06,1,3,479.97,192.0,False
599,12044,2022-11-02,2,2,249.98,100.0,False
599,9488,2022-09-20,4,8,669.47,267.8,True
599,3257,2022-09-01,1,1,99.9,39.96,False
599,7458,2022-07-06,2,4,94.96,38.0,False
599,1787,2022-04-07,2,5,959.68,383.88,False
599,4824,2022-02-01,3,5,579.77,231.92,False
599,3427,2021-11-28,2,3,64.97,26.0,False
599,743,2021-05-26,2,6,449.94,180.0,False
599,9788,2021-02-01,3,5,544.68,217.88,False
599,2774,2020-09-08,2,3,129.97,52.0,False
599,14364,2020-02-07,1,1,199.9,79.96,False
599,4683,2020-01-21,3,9,1499.64,599.88,False
600,1802,2025-11-13,4,9,1039.28,415.72,True
600,8909,2025-09-27,1,2,319.98,128.0,False
600,10990,2025-01-22,1,2,259.98,104.0,False
600,13656,2025-01-14,1,2,99.98,40.0,False
600,14976,2024-11-20,3,7,609.48,243.8,False
600,11388,2024-02-24,3,5,529.68,211.88,False
600,6553,2023-12-04,3,7,509.66,203.88,False
600,9580,2023-08-29,3,6,1669.94,668.0,False
600,2881,2023-03-30,4,4,319.78,127.92,False
600,9842,2023-01-03,1,1,89.99,36.0,False
600,5981,2022-08-08,3,6,839.94,336.0,False
600,4899,2022-08-05,3,7,1119.57,447.84,True
600,10041,2022-01-28,2,4,549.96,220.0,False
600,2879,2021-05-14,1,3,179.97,72.0,False
600,3653,2021-02-27,3,7,779.66,311.88,False
600,13120,2020-11-09,2,2,419.98,168.0,False
600,2967,2020-06-07,2,5,609.95,244.0,True
601,3652,2025-10-15,4,8,599.65,239.88,False
601,12018,2025-04-03,1,2,319.98,128.0,False
601,5972,2024-11-16,1,3,119.97,48.0,False
601,10129,2024-07-25,4,11,549.35,219.76,False
601,2984,2024-01-08,3,4,429.78,171.92,False
601,9829,2023-08-20,4,8,374.74,149.92,False
601,5525,2023-05-31,4,7,404.75,161.92,False
601,14616,2023-03-18,1,1,39.9,15.96,False
601,6414,2022-12-27,2,3,239.7,95.88,False
601,1443,2022-11-15,3,8,324.65,129.88,False
601,11331,2022-10-23,1,3,179.97,72.0,False
601,13284,2022-10-08,3,7,659.93,264.0,False
601,2646,2022-06-16,1,2,49.8,19.92,False
601,2896,2022-04-23,4,10,1189.63,475.88,False
601,1830,2021-12-25,1,3,599.97,240.0,False
601,5447,2021-06-28,1,1,349.99,140.0,False
601,5814,2021-02-20,1,3,599.7,239.88,False
602,6349,2025-12-30,3,5,589.59,235.84,False
602,2171,2025-07-09,1,2,199.98,80.0,False
602,4474,2025-03-13,2,3,899.97,360.0,False
602,3499,2025-03-11,4,8,1329.74,531.92,True
602,11555,2025-02-26,2,3,359.97,144.0,False
602,12268,2025-01-12,4,6,684.85,273.96,False
602,8016,2024-11-26,2,4,204.87,81.96,True
602,8072,2024-10-01,2,4,199.96,80.0,False
602,5058,2024-07-16,2,3,729.88,291.96,False
602,10221,2024-04-17,1,2,259.8,103.92,False
602,5034,2023-07-09,2,4,489.87,195.96,False
602,10497,2023-06-24,4,8,489.65,195.88,False
602,13341,2023-06-04,4,9,979.64,391.88,False
602,7789,2023-02-06,1,1,99.9,39.96,False
602,1939,2022-10-26,1,1,129.99,52.0,True
602,10574,2022-06-27,3,6,339.76,135.92,False
602,6288,2022-03-09,2,4,239.96,96.0,False
602,1253,2022-02-19,2,3,185.97,74.4,False
602,9755,2022-01-23,4,9,1359.64,543.88,True
602,11259,2021-09-18,4,7,1369.48,547.8,True
602,2614,2021-05-30,1,3,74.7,29.88,False
602,8606,2020-08-19,2,2,249.8,99.92,False
602,6978,2020-07-29,2,3,849.97,340.0,False
603,2190,2025-12-26,1,1,159.99,64.0,False
603,4981,2025-12-18,1,2,259.98,104.0,False
603,2907,2025-11-05,2,5,599.77,239.92,True
603,5060,2025-09-20,1,1,39.9,15.96,False
603,5798,2025-04-15,3,3,624.97,250.0,False
603,8521,2024-08-18,1,1,19.99,8.0,False
603,3796,2024-08-06,2,6,539.4,215.76,False
603,10846,2024-01-28,2,3,359.7,143.88,True
603,2115,2023-08-22,3,6,1039.94,416.0,False
603,935,2022-12-21,2,3,919.88,367.96,False
603,3056,2022-12-21,3,7,544.48,217.8,False
603,227,2022-11-24,2,6,659.67,263.88,False
603,1563,2022-04-29,3,7,519.57,207.84,False
603,10815,2022-03-05,3,9,494.91,198.0,False
603,1919,2022-02-11,3,3,449.97,180.0,False
603,3600,2022-01-21,1,1,24.9,9.96,False
603,8657,2021-12-15,2,6,1499.94,600.0,False
603,9087,2021-07-30,3,5,589.95,236.0,True
603,3881,2021-05-31,3,7,669.93,268.0,False
603,10263,2021-05-14,4,9,1249.64,499.88,False
603,2189,2020-06-21,3,5,719.95,288.0,False
603,9402,2020-01-12,4,9,749.91,300.0,True
604,9207,2025-10-30,4,5,274.86,109.96,False
604,8615,2025-05-03,2,4,119.78,47.92,False
604,1477,2024-07-14,2,4,899.78,359.92,False
604,6148,2024-05-29,2,3,129.79,51.92,False
604,5793,2024-03-25,3,7,1439.84,575.96,False
604,2318,2024-02-16,2,6,284.67,113.88,False
604,2902,2023-03-13,3,6,494.67,197.88,True
604,8543,2023-01-30,2,3,499.79,199.92,False
604,10069,2023-01-21,3,6,449.4,179.76,False
604,819,2022-12-10,3,3,289.79,115.92,False
604,483,2022-04-02,3,5,859.95,344.0,False
604,9268,2022-03-19,3,7,1349.93,540.0,True
604,4200,2022-02-24,3,7,949.39,379.76,False
604,14207,2021-06-17,3,9,449.64,179.88,False
604,8340,2021-03-14,1,1,39.99,16.0,False
604,13652,2020-09-17,1,1,69.99,28.0,False
604,7302,2020-09-05,4,7,579.93,232.0,False
605,8488,2025-10-01,2,4,349.96,140.0,True
605,11804,2025-07-22,2,2,74.8,29.92,False
605,7769,2025-01-25,1,1,349.99,140.0,False
605,254,2024-12-20,4,8,589.83,235.96,False
605,3099,2024-07-17,3,6,187.85,75.16,False
605,7262,2024-04-01,2,4,549.69,219.88,False
605,3692,2024-03-22,1,3,119.7,47.88,False
605,10557,2023-09-08,1,3,389.7,155.88,False
605,210,2023-07-23,3,6,619.4,247.76,False
605,10411,2023-06-08,3,5,629.68,251.88,False
605,10162,2023-04-25,3,4,649.96,260.0,False
605,13984,2023-02-26,3,4,289.96,116.0,False
605,14604,2022-08-09,4,7,979.75,391.92,True
605,4725,2022-04-15,3,4,229.87,91.96,False
605,8987,2022-01-05,1,3,599.7,239.88,False
605,7412,2021-12-19,3,5,549.86,219.96,False
605,7415,2021-06-10,2,4,1089.96,436.0,False
605,7681,2020-11-15,4,8,869.47,347.8,False
605,14522,2020-09-08,2,3,309.79,123.92,False
605,10423,2020-08-12,1,2,239.8,95.92,False
606,8266,2025-12-26,2,4,499.6,199.84,False
606,13260,2025-12-01,3,6,1279.67,511.88,False
606,8554,2025-05-21,2,6,599.4,239.76,False
606,15000,2025-05-13,1,2,159.98,64.0,False
606,2808,2025-03-21,1,1,79.99,32.0,False
606,10553,2025-02-23,2,5,559.95,224.0,False
606,2140,2024-10-31,4,11,1609.71,643.92,False
606,929,2024-06-12,1,1,99.9,39.96,False
606,750,2024-06-03,1,2,499.98,200.0,False
606,1264,2023-12-07,2,4,599.96,240.0,False
606,11261,2023-10-13,1,2,599.98,240.0,False
606,2809,2023-05-30,2,4,609.96,244.0,False
606,12734,2023-04-22,3,7,1719.93,688.0,False
606,13283,2022-08-20,3,7,1219.93,488.0,True
606,14943,2022-03-02,1,1,19.99,8.0,False
606,2510,2022-02-04,2,2,199.89,79.96,False
606,14579,2021-05-11,4,9,899.64,359.88,False
606,9185,2021-04-30,3,6,249.94,100.0,False
606,9801,2021-04-26,4,8,644.65,257.88,False
606,8768,2020-12-10,4,7,899.39,359.76,True
606,11447,2020-09-07,1,1,69.9,27.96,False
606,5081,2020-07-15,2,4,219.78,87.92,False
606,2585,2020-06-24,2,5,999.5,399.8,False
606,10084,2020-06-03,3,9,929.91,372.0,False
607,14186,2025-09-16,3,5,254.95,102.0,False
607,12627,2025-08-31,2,5,284.77,113.92,False
607,14917,2025-08-01,1,3,239.97,96.0,False
607,2566,2025-05-02,4,10,1089.72,435.92,False
607,12685,2025-02-26,1,2,119.98,48.0,False
607,13273,2024-12-20,2,5,499.5,199.8,False
607,7512,2024-09-23,4,8,1709.65,683.88,False
607,1328,2024-08-19,4,8,444.56,177.84,False
607,12865,2024-05-10,2,4,129.87,51.96,False
607,804,2024-02-23,1,1,299.99,120.0,False
607,5178,2023-09-02,4,6,664.94,266.0,True
607,4268,2023-08-08,3,7,754.39,301.76,True
607,477,2023-04-21,4,8,734.38,293.76,False
607,10645,2023-03-06,3,7,919.93,368.0,False
607,6610,2022-10-23,4,7,589.93,236.0,True
607,12443,2022-10-19,1,2,49.98,20.0,False
607,13000,2022-08-18,4,6,551.85,220.76,False
607,8600,2022-07-17,3,8,1509.65,603.88,False
607,8840,2021-12-21,1,3,239.97,96.0,False
607,14730,2021-10-27,3,5,584.95,234.0,False
607,884,2020-04-01,1,1,129.9,51.96,False
607,5939,2020-01-19,1,3,59.97,24.0,False
608,753,2025-12-11,4,6,469.49,187.8,False
608,51,2024-12-04,3,7,819.48,327.8,False
608,7517,2024-03-15,2,4,159.6,63.84,False
608,12191,2024-03-03,4,11,1389.35,555.76,False
608,7998,2023-09-03,1,1,129.99,52.0,False
608,10027,2023-05-24,3,6,1239.94,496.0,False
608,53,2023-04-21,1,2,99.98,40.0,False
608,3852,2023-04-02,4,7,1129.93,452.0,False
608,3374,2023-03-27,1,2,49.8,19.92,False
608,3892,2023-03-13,4,9,979.19,391.68,True
608,2251,2023-02-15,1,1,199.9,79.96,False
608,12160,2023-01-22,2,6,1199.67,479.88,False
608,9044,2022-03-23,4,7,1107.84,443.16,False
608,2761,2022-01-02,1,2,51.98,20.8,False
608,9067,2021-03-13,4,7,1604.84,641.96,False
608,4373,2020-04-12,1,1,59.99,24.0,False
608,1447,2020-03-06,2,6,839.67,335.88,False
608,8566,2020-02-29,2,2,309.98,124.0,False
609,8243,2025-09-02,1,2,49.98,20.0,False
609,2832,2025-05-09,4,10,874.63,349.88,False
609,5504,2025-03-28,3,3,469.88,187.96,False
609,6486,2024-10-10,2,4,209.96,84.0,False
609,14017,2024-07-22,1,2,79.8,31.92,False
609,8134,2024-06-21,2,5,499.68,199.88,False
609,2137,2024-05-08,4,8,1059.65,423.88,False
609,3564,2024-02-24,4,5,1239.86,495.96,False
609,2395,2024-02-09,3,5,889.77,355.92,False
609,13258,2024-01-09,4,8,839.56,335.84,False
609,6157,2023-11-24,4,10,1199.36,479.76,False
609,11702,2023-09-18,3,6,514.49,205.8,False
609,3254,2023-03-27,1,2,199.8,79.92,False
609,7808,2023-02-14,1,1,99.9,39.96,False
609,1649,2022-01-14,2,3,139.79,55.92,False
609,243,2021-11-13,4,7,399.93,160.0,False
609,6485,2020-12-12,3,8,799.65,319.88,False
609,14912,2020-08-20,3,7,649.57,259.84,False
609,39,2020-02-02,3,9,1139.64,455.88,False
609,10785,2020-01-26,2,2,139.89,55.96,True
609,846,2020-01-20,2,5,229.95,92.0,False
610,4261,2025-09-29,2,3,239.97,96.0,False
610,1882,2025-05-09,2,4,459.87,183.96,False
610,5079,2025-02-12,4,8,764.83,305.96,False
610,11460,2024-12-23,2,4,1349.96,540.0,True
610,6923,2024-11-15,4,8,839.38,335.76,False
610,14621,2024-07-04,4,5,699.77,279.92,False
610,5135,2024-05-28,3,9,839.64,335.88,True
610,2673,2024-05-07,1,2,299.8,119.92,False
610,6428,2023-01-13,4,10,597.81,239.16,False
610,3605,2022-06-05,1,3,119.7,47.88,False
610,4415,2022-01-31,1,1,399.99,160.0,False
610,8879,2021-12-14,3,7,1229.66,491.88,False
610,617,2021-11-27,3,7,1839.93,736.0,False
610,10441,2021-05-29,1,2,259.8,103.92,False
610,1375,2021-02-17,3,7,899.93,360.0,False
610,4574,2021-02-03,1,2,319.98,128.0,False
610,12155,2021-01-12,2,5,949.95,380.0,False
610,2524,2020-12-31,2,3,419.97,168.0,False
610,10319,2020-11-24,4,9,999.91,400.0,False
610,3610,2020-11-20,4,9,919.55,367.84,False
610,9412,2020-08-05,4,9,759.73,303.92,False
610,9028,2020-04-25,1,1,299.99,120.0,True
610,1149,2020-02-16,4,6,769.94,308.0,False
611,1035,2025-12-15,3,9,599.64,239.88,False
611,6327,2025-11-11,1,1,34.99,14.0,False
611,10867,2025-08-29,2,4,619.69,247.88,False
611,8801,2025-04-30,2,3,439.97,176.0,False
611,14993,2025-01-23,1,1,159.99,64.0,False
611,2387,2024-10-18,4,8,1999.92,800.0,True
611,4702,2024-10-04,2,3,139.88,55.96,False
611,10498,2024-05-24,3,7,549.66,219.88,False
611,9716,2024-05-09,2,2,249.8,99.92,False
611,5950,2024-04-30,1,1,129.99,52.0,False
611,9458,2023-04-23,2,2,144.8,57.92,False
611,1247,2023-02-26,3,3,349.79,139.92,False
611,10124,2023-02-07,4,8,909.83,363.96,True
611,2853,2023-01-14,1,2,259.98,104.0,False
611,1693,2022-08-18,4,11,1469.89,588.0,True
611,888,2022-07-13,1,1,129.9,51.96,False
611,6237,2022-02-10,2,2,419.98,168.0,False
611,13641,2021-07-25,2,4,369.78,147.92,False
611,85,2021-05-12,3,5,1419.77,567.92,False
611,7931,2021-03-28,2,4,79.96,32.0,False
611,7638,2020-11-02,2,5,249.95,100.0,False
611,11306,2020-05-02,3,5,1204.86,481.96,False
611,6239,2020-01-27,2,5,479.95,192.0,False
612,268,2025-12-16,3,6,849.85,339.96,False
612,7326,2025-11-16,4,9,1205.91,482.4,False
612,10353,2025-10-06,4,8,939.92,376.0,False
612,10037,2025-09-25,4,7,449.75,179.92,False
612,10556,2025-07-29,2,6,314.94,126.0,True
612,2064,2025-05-04,2,6,1349.94,540.0,False
612,13473,2025-03-13,1,2,49.8,19.92,False
612,10951,2024-12-07,3,6,439.76,175.92,True
612,2382,2024-07-16,1,3,479.97,192.0,False
612,2928,2023-12-30,1,1,159.99,64.0,False
612,14822,2023-10-18,1,3,449.7,179.88,True
612,8307,2023-08-03,1,1,249.99,100.0,False
612,8328,2022-05-24,4,7,869.39,347.76,False
612,3159,2022-02-04,4,6,1019.85,407.96,False
612,8363,2021-08-10,4,7,899.66,359.88,False
612,3011,2021-08-01,2,3,399.79,159.92,True
612,4726,2021-07-10,1,3,149.97,60.0,False
612,8024,2021-05-31,4,9,1739.91,696.0,False
612,13816,2020-10-13,3,6,819.76,327.92,False
612,12210,2020-09-08,3,7,489.93,196.0,False
612,6021,2020-01-23,1,1,179.99,72.0,True
613,10532,2025-12-22,1,3,1199.97,480.0,False
613,9786,2025-11-09,3,8,1359.65,543.88,False
613,6984,2025-04-16,4,7,479.75,191.92,False
613,6588,2025-02-20,4,6,644.85,257.96,False
613,83,2025-02-13,4,7,504.93,202.0,False
613,13548,2024-08-19,1,1,99.99,40.0,False
613,2075,2024-05-22,4,7,939.75,375.92,False
613,13118,2024-01-22,1,1,199.9,79.96,False
613,9935,2023-10-09,2,4,189.87,75.96,False
613,8746,2022-12-12,2,5,719.95,288.0,False
613,5161,2022-10-17,2,3,329.79,131.92,False
613,11277,2022-10-13,4,6,244.76,97.92,False
613,4606,2022-02-26,2,4,599.96,240.0,False
613,460,2022-02-06,1,1,39.99,16.0,False
613,8804,2022-01-31,3,8,649.65,259.88,False
613,1129,2020-11-29,2,4,309.96,124.0,False
613,8882,2020-11-13,4,7,1129.66,451.88,True
613,3204,2020-08-15,4,9,829.73,331.92,True
613,13827,2020-08-10,1,2,179.98,72.0,False
613,9392,2020-03-01,3,6,499.49,199.8,False
614,11877,2025-07-25,2,3,499.79,199.92,False
614,13764,2025-05-26,4,7,854.57,341.84,False
614,11151,2025-05-15,2,3,409.97,164.0,False
614,2837,2025-01-05,2,4,199.96,80.0,False
614,3186,2025-01-05,3,5,489.68,195.88,False
614,12553,2024-12-16,3,6,584.76,233.92,False
614,12789,2024-07-23,3,6,514.94,206.0,False
614,4186,2024-04-06,1,2,79.8,31.92,False
614,10658,2024-03-21,1,1,189.99,76.0,False
614,12543,2023-10-14,4,8,449.83,179.96,False
614,2019,2023-04-03,3,3,369.79,147.92,False
614,7102,2022-10-30,4,9,549.82,219.96,False
614,13112,2021-10-08,2,6,1319.94,528.0,False
614,951,2021-01-06,4,8,709.92,284.0,False
614,8232,2020-09-02,1,3,59.97,24.0,False
614,8914,2020-07-21,1,3,479.97,192.0,False
614,2193,2020-07-01,3,5,469.95,188.0,False
615,7348,2025-09-22,3,9,1097.91,439.2,False
615,2728,2025-04-23,2,3,569.97,228.0,False
615,7288,2025-02-10,2,5,549.68,219.88,False
615,3631,2024-10-11,1,3,269.97,108.0,False
615,9796,2024-10-06,1,1,39.99,16.0,False
615,6969,2024-09-21,4,9,1109.46,443.8,False
615,928,2024-02-26,4,8,1399.56,559.84,False
615,4285,2023-11-20,2,4,479.78,191.92,False
615,1329,2023-07-28,1,3,899.97,360.0,False
615,7225,2023-03-10,3,8,814.65,325.88,True
615,9062,2022-11-04,2,2,319.98,128.0,False
615,12488,2022-06-27,4,9,1159.55,463.84,False
615,13170,2021-08-10,1,2,79.8,31.92,False
615,5713,2021-02-18,3,5,199.68,79.88,False
615,6302,2021-01-19,3,6,724.94,290.0,False
616,11868,2025-12-18,4,10,1349.9,540.0,False
616,7538,2025-11-13,1,3,569.97,228.0,False
616,1710,2025-09-25,3,5,579.59,231.84,True
616,7576,2024-09-05,3,8,1369.65,547.88,True
616,4690,2024-06-17,2,6,1289.94,516.0,False
616,10526,2024-04-23,4,7,609.57,243.84,False
616,13558,2023-11-09,4,6,479.58,191.84,False
616,13140,2023-10-10,2,6,959.67,383.88,False
616,13570,2023-09-22,4,8,229.92,92.0,False
616,10499,2023-09-16,4,6,574.76,229.92,False
616,13105,2023-08-20,1,3,1199.97,480.0,False
616,14782,2023-07-25,2,2,74.89,29.96,False
616,5973,2023-02-02,2,4,399.6,159.84,False
616,6449,2022-06-22,1,2,259.98,104.0,False
616,13731,2022-01-03,1,3,149.97,60.0,False
616,9524,2021-11-10,4,7,851.93,340.8,False
616,14815,2021-04-16,2,2,309.98,124.0,False
616,11258,2020-12-13,3,6,969.85,387.96,False
616,9742,2020-11-09,3,5,424.77,169.92,False
616,2006,2020-03-27,2,3,849.97,340.0,False
616,2660,2020-02-29,4,8,424.92,170.0,False
617,11943,2025-09-04,3,7,829.66,331.88,False
617,9639,2025-07-08,3,8,379.74,151.92,False
617,2133,2025-06-12,3,5,399.86,159.96,False
617,10202,2025-04-10,4,6,729.94,292.0,False
617,3309,2024-12-27,2,4,579.96,232.0,False
617,6285,2024-07-09,3,7,389.3,155.72,False
617,13330,2023-04-20,2,4,699.96,280.0,False
617,7578,2023-01-17,2,5,439.77,175.92,False
617,814,2021-04-24,1,1,49.9,19.96,False
617,12197,2021-03-20,4,7,819.66,327.88,False
617,6554,2020-12-16,4,9,617.91,247.2,False
618,1421,2025-09-12,4,8,424.83,169.96,False
618,9435,2025-08-23,4,8,634.74,253.92,False
618,2892,2025-07-13,3,6,539.94,216.0,False
618,13806,2025-06-29,3,6,839.94,336.0,False
618,12538,2025-05-24,3,7,1599.66,639.88,False
618,8245,2025-05-23,1,2,299.8,119.92,True
618,13180,2024-10-22,4,9,847.82,339.16,False
618,10372,2024-10-10,3,5,169.77,67.92,True
618,1756,2024-09-20,4,7,1449.93,580.0,False
618,13495,2024-07-06,4,8,1489.74,595.92,False
618,13998,2024-07-01,2,4,209.96,84.0,False
618,612,2024-04-29,4,7,1299.93,520.0,False
618,12146,2024-04-15,1,1,49.99,20.0,False
618,9271,2024-03-17,4,10,1179.72,471.92,False
618,9557,2024-02-10,4,6,1169.94,468.0,True
618,14974,2023-09-05,1,1,99.9,39.96,False
618,8494,2023-05-16,1,2,99.98,40.0,False
618,3969,2021-03-26,4,9,1229.28,491.72,False
618,764,2020-05-05,3,4,339.96,136.0,False
618,3628,2020-04-13,1,3,104.97,42.0,False
618,5760,2020-03-28,4,5,429.86,171.96,False
618,13336,2020-01-21,4,5,739.77,295.92,False
619,8037,2025-07-12,3,6,424.58,169.84,False
619,8659,2025-07-06,1,3,179.97,72.0,False
619,309,2025-06-10,3,5,1259.95,504.0,False
619,6290,2025-05-15,1,1,89.99,36.0,False
619,13457,2025-01-19,1,1,19.99,8.0,False
619,4827,2024-10-18,4,10,739.63,295.88,False
619,3622,2024-07-25,3,5,559.68,223.88,False
619,12505,2024-02-28,2,3,384.97,154.0,False
619,12740,2024-02-01,2,2,169.8,67.92,False
619,6701,2024-01-22,2,6,1589.94,636.0,False
619,7756,2024-01-14,4,8,689.92,276.0,False
619,9430,2023-12-03,4,8,819.47,327.8,False
619,12130,2023-06-11,2,3,559.97,224.0,False
619,1120,2022-09-26,4,8,1125.92,450.4,False
619,7602,2022-05-28,3,4,454.96,182.0,False
619,10334,2022-04-21,4,8,584.83,233.96,False
619,1902,2021-11-30,4,5,469.95,188.0,False
619,6278,2021-08-30,1,1,129.99,52.0,False
619,881,2021-07-11,2,4,399.96,160.0,False
619,1706,2021-04-19,3,8,749.65,299.88,False
619,14245,2020-09-22,1,3,74.97,30.0,False
619,2835,2020-01-24,4,6,1069.85,427.96,False
620,10604,2025-10-27,2,2,209.89,83.96,False
620,12821,2025-10-23,3,6,179.94,72.0,False
620,14486,2025-08-10,2,5,359.77,143.92,False
620,8338,2025-05-16,3,7,619.75,247.92,False
620,13035,2024-05-18,4,10,829.81,331.96,False
620,5053,2024-03-29,2,5,339.95,136.0,False
620,13123,2024-02-06,1,1,19.99,8.0,False
620,529,2022-12-08,2,3,389.97,156.0,True
620,11434,2022-03-25,1,1,149.99,60.0,False
620,6458,2022-03-24,1,2,199.98,80.0,False
620,7617,2021-06-30,2,5,1229.77,491.92,False
620,7358,2021-06-01,1,1,139.99,56.0,False
620,73,2021-04-23,2,6,389.94,156.0,False
620,12326,2021-04-21,2,5,309.95,124.0,False
620,13929,2021-02-19,1,2,199.98,80.0,False
620,1207,2020-10-05,2,3,359.97,144.0,False
620,2546,2020-02-10,1,1,249.99,100.0,False
621,13516,2025-07-21,4,8,614.2,245.68,False
621,6473,2025-02-16,3,5,339.95,136.0,False
621,8499,2024-10-09,4,5,819.86,327.96,False
621,1732,2024-06-18,4,11,1849.71,739.92,False
621,1810,2024-03-25,3,6,329.67,131.88,False
621,5825,2023-11-13,3,6,739.94,296.0,False
621,1546,2023-06-06,2,3,679.97,272.0,False
621,10002,2023-04-08,2,2,319.98,128.0,True
621,7267,2022-11-19,3,9,1469.91,588.0,False
621,2215,2022-07-20,1,3,389.7,155.88,False
621,8706,2021-11-07,4,6,679.94,272.0,False
621,11119,2020-10-25,1,3,389.97,156.0,False
621,5958,2020-10-14,3,6,619.67,247.88,True
621,7865,2020-09-19,4,10,1684.45,673.8,False
621,13481,2020-06-19,4,8,859.74,343.92,False
621,13844,2020-03-19,3,8,374.65,149.88,True
621,14219,2020-02-24,4,7,411.66,164.68,False
621,6184,2020-01-22,1,3,449.97,180.0,False
621,13230,2020-01-18,3,7,839.93,336.0,False
622,3033,2025-08-06,4,9,742.64,297.08,False
622,13794,2025-08-05,3,6,504.67,201.88,False
622,5573,2025-04-28,4,9,989.91,396.0,False
622,14202,2025-01-01,1,2,79.98,32.0,False
622,1186,2024-12-25,1,1,59.99,24.0,False
622,5606,2024-04-11,3,6,284.58,113.84,False
622,13738,2024-02-08,1,3,539.97,216.0,False
622,725,2023-09-30,4,5,899.95,360.0,False
622,6385,2023-09-29,4,8,919.83,367.96,False
622,11334,2023-05-19,3,6,1479.76,591.92,False
622,12186,2022-11-11,2,6,839.94,336.0,False
622,7103,2022-09-30,3,6,919.67,367.88,False
622,10507,2022-04-25,2,6,269.67,107.88,False
622,3040,2021-08-14,4,10,1264.72,505.92,True
622,10524,2021-06-27,4,8,519.65,207.88,False
622,417,2021-06-01,4,9,724.37,289.76,True
622,12515,2020-05-10,3,6,899.94,360.0,False
623,9961,2025-11-12,2,4,389.96,156.0,True
623,11915,2025-08-23,4,10,1399.9,560.0,True
623,12059,2025-06-30,3,6,1049.94,420.0,True
623,11853,2025-06-06,1,3,119.7,47.88,False
623,10748,2022-11-21,2,4,239.96,96.0,False
623,11924,2022-10-30,2,5,579.77,231.92,False
623,5318,2022-10-25,4,9,1609.82,643.96,False
623,5065,2022-06-22,2,4,279.96,112.0,False
623,3399,2022-04-11,2,3,219.97,88.0,False
623,12322,2021-12-09,2,5,669.95,268.0,False
623,5027,2021-09-26,2,5,329.95,132.0,False
623,7426,2021-09-04,1,2,159.98,64.0,False
623,10057,2021-06-15,1,1,24.9,9.96,False
623,10150,2021-03-20,2,4,809.96,324.0,True
623,2400,2020-11-30,4,8,354.92,142.0,False
623,373,2020-11-21,4,10,2529.9,1012.0,False
623,9616,2020-03-15,2,5,779.77,311.92,False
623,9293,2020-01-17,4,5,819.59,327.84,False
624,6460,2025-11-23,2,5,219.68,87.88,False
624,3359,2025-03-05,4,9,789.64,315.88,True
624,6672,2024-12-07,3,9,1199.37,479.76,True
624,4557,2024-07-27,2,4,379.69,151.88,False
624,14221,2024-04-12,4,8,849.65,339.88,False
624,2325,2024-01-13,3,5,1399.86,559.96,True
624,2219,2023-12-25,1,3,179.97,72.0,False
624,308,2023-10-21,1,3,164.7,65.88,False
624,8519,2023-07-24,1,1,24.9,9.96,False
624,2796,2023-04-27,1,2,69.98,28.0,False
624,5724,2023-03-21,3,6,639.4,255.76,False
624,4247,2023-01-26,4,7,829.57,331.84,False
624,10204,2022-11-13,4,11,1227.62,491.08,False
624,3707,2022-07-24,1,1,79.99,32.0,True
624,2322,2022-06-10,1,2,109.8,43.92,False
624,6779,2022-04-07,2,3,419.79,167.92,False
624,1084,2022-02-17,2,6,569.67,227.88,False
624,1407,2021-11-09,2,4,309.96,124.0,False
624,3158,2021-07-05,1,1,54.9,21.96,False
624,3678,2021-05-27,1,1,69.99,28.0,False
624,5261,2021-05-21,4,7,729.66,291.88,False
624,14542,2021-05-20,1,2,59.98,24.0,False
624,8471,2021-04-22,2,6,359.94,144.0,False
624,7628,2020-08-02,4,8,674.92,270.0,False
624,7012,2020-03-07,1,2,99.98,40.0,False
625,7961,2025-11-27,3,7,1799.66,719.88,False
625,10625,2025-11-21,4,12,944.61,377.88,False
625,12702,2025-10-05,1,2,199.98,80.0,False
625,5329,2024-08-09,4,9,1629.91,652.0,False
625,6661,2024-04-24,2,4,751.96,300.8,True
625,2011,2024-01-01,4,6,1139.94,456.0,False
625,14536,2023-10-18,4,6,239.67,95.88,True
625,6647,2023-04-11,3,6,1089.94,436.0,False
625,14067,2022-11-09,3,4,119.96,48.0,True
625,7514,2022-07-11,1,1,19.99,8.0,False
625,13396,2022-02-18,4,8,819.92,328.0,False
625,9562,2022-02-11,2,5,409.95,164.0,False
625,5050,2021-12-05,2,4,649.69,259.88,False
625,13445,2020-11-09,2,2,129.89,51.96,False
625,1022,2020-08-13,1,3,299.7,119.88,False
625,7366,2020-05-16,4,8,1149.83,459.96,False
625,6902,2020-02-07,4,7,1499.93,600.0,False
626,6182,2024-11-23,4,8,1579.74,631.92,True
626,7455,2024-10-04,1,3,359.97,144.0,False
626,11829,2024-02-03,2,3,229.97,92.0,False
626,6368,2023-01-23,4,9,489.73,195.92,False
626,12441,2022-10-03,2,4,109.96,44.0,True
626,12349,2022-08-10,4,10,859.63,343.88,False
626,9781,2021-12-12,2,4,399.96,160.0,True
626,1494,2021-08-21,2,4,339.78,135.92,False
626,1436,2021-08-04,2,6,1049.67,419.88,True
626,6049,2021-04-18,1,1,49.99,20.0,False
626,8506,2021-02-04,4,8,869.56,347.84,False
626,1393,2021-01-04,1,1,299.99,120.0,False
626,129,2020-12-28,4,7,819.75,327.92,False
626,14576,2020-11-27,4,8,869.92,348.0,False
626,7377,2020-11-01,3,4,339.87,135.96,False
626,1541,2020-06-10,4,8,1249.56,499.84,False
626,10137,2020-05-16,3,7,414.66,165.88,True
626,12149,2020-04-03,1,3,269.7,107.88,False
627,749,2025-08-13,4,6,579.58,231.84,False
627,11686,2025-01-07,2,4,429.69,171.88,False
627,14975,2024-10-17,2,4,609.96,244.0,False
627,1067,2024-06-26,1,1,179.99,72.0,False
627,7210,2024-03-28,3,9,989.64,395.88,False
627,8166,2024-03-03,3,6,369.76,147.92,False
627,1836,2024-02-26,2,4,499.96,200.0,False
627,14461,2024-01-16,1,2,119.98,48.0,False
627,63,2023-03-25,2,5,441.68,176.68,False
627,6281,2022-11-24,2,3,199.97,80.0,False
627,3256,2022-11-15,3,5,261.95,104.8,False
627,1678,2022-07-25,4,7,779.75,311.92,False
627,13108,2022-03-10,1,1,199.9,79.96,False
627,8629,2021-06-23,4,6,459.85,183.96,True
627,8094,2021-06-07,4,11,1969.35,787.76,True
627,8153,2020-10-29,4,9,704.55,281.84,False
627,209,2020-09-18,1,1,139.99,56.0,False
628,8611,2025-12-27,3,7,387.66,155.08,False
628,2887,2025-11-15,4,9,1099.64,439.88,False
628,11355,2025-06-05,3,4,674.96,270.0,False
628,2897,2025-03-13,1,2,379.98,152.0,False
628,3348,2025-01-25,1,1,24.9,9.96,False
628,9843,2025-01-20,3,7,649.48,259.8,False
628,2447,2024-04-02,4,7,864.66,345.88,False
628,7370,2024-03-16,4,7,1209.93,484.0,False
628,7586,2023-09-30,4,12,1364.88,546.0,False
628,11454,2023-08-22,4,9,1909.91,764.0,False
628,9118,2023-07-29,3,8,1249.74,499.92,False
628,2508,2023-03-03,2,3,139.97,56.0,False
628,8387,2022-03-10,2,3,239.97,96.0,False
628,12023,2021-08-25,4,6,449.85,179.96,False
628,2994,2021-07-17,2,4,539.87,215.96,False
628,4217,2021-02-02,2,3,349.7,139.88,False
628,10531,2020-12-02,2,5,709.68,283.88,True
628,1765,2020-10-27,1,1,99.9,39.96,False
628,4730,2020-09-12,4,7,579.84,231.96,False
628,21,2020-07-23,2,6,509.67,203.88,False
628,301,2020-07-12,4,9,929.55,371.84,False
628,3647,2020-05-07,2,4,249.6,99.84,False
629,11036,2025-11-05,1,2,79.8,31.92,False
629,3020,2025-08-30,1,3,74.97,30.0,False
629,7763,2025-07-20,2,3,249.7,99.88,True
629,835,2025-05-16,3,6,389.85,155.96,True
629,12257,2025-05-06,1,3,449.97,180.0,False
629,14279,2025-04-16,2,4,439.96,176.0,False
629,9073,2025-04-10,3,5,479.59,191.84,False
629,511,2025-04-06,4,9,1184.73,473.92,False
629,7007,2024-12-30,4,9,1259.37,503.76,False
629,11006,2024-12-13,1,1,19.99,8.0,False
629,4706,2024-12-01,1,1,349.99,140.0,False
629,10449,2024-11-16,3,7,457.57,183.04,False
629,5045,2024-11-07,1,2,239.98,96.0,False
629,2118,2024-09-07,2,3,379.97,152.0,False
629,8250,2024-09-03,2,4,789.87,315.96,False
629,6267,2024-07-22,2,5,389.77,155.92,True
629,5259,2024-06-14,1,1,79.99,32.0,False
629,11889,2024-02-03,1,1,39.99,16.0,False
629,9693,2024-01-20,1,1,189.99,76.0,False
629,7846,2023-11-09,2,2,169.8,67.92,False
629,8866,2023-08-16,4,5,609.95,244.0,True
629,9582,2023-07-12,2,4,294.6,117.84,False
629,5625,2023-07-03,2,3,359.88,143.96,False
629,11556,2022-08-26,1,2,159.98,64.0,False
629,4846,2022-06-29,4,7,1039.75,415.92,False
629,7436,2022-05-26,2,4,289.69,115.88,False
629,10717,2022-03-19,4,7,879.66,351.88,False
629,12049,2021-03-24,1,3,299.97,120.0,False
629,1726,2021-02-18,2,3,389.79,155.92,False
629,5441,2020-12-19,1,3,299.7,119.88,False
629,14816,2020-08-17,1,2,499.98,200.0,False
629,6481,2020-04-19,1,3,299.7,119.88,False
629,8422,2020-01-08,1,2,119.98,48.0,True
630,7175,2025-04-22,3,4,409.69,163.88,False
630,2002,2025-04-13,4,11,1309.89,524.0,True
630,5304,2025-01-10,4,9,629.64,251.88,False
630,10248,2024-12-16,1,1,24.9,9.96,False
630,148,2024-10-08,3,5,954.86,381.96,False
630,9166,2024-05-29,4,9,1349.91,540.0,True
630,5039,2024-03-24,1,3,149.97,60.0,False
630,11960,2024-03-06,3,6,1499.94,600.0,False
630,531,2023-07-11,4,8,804.83,321.96,False
630,1456,2022-12-06,2,3,509.97,204.0,False
630,13188,2022-07-19,1,1,39.9,15.96,False
630,4168,2022-03-23,3,6,1019.85,407.96,False
630,6941,2022-02-28,3,6,739.94,296.0,False
630,1122,2021-10-30,2,2,479.89,191.96,False
630,4000,2021-10-11,1,3,749.97,300.0,True
630,14870,2021-06-25,4,8,944.65,377.88,True
630,2428,2021-06-11,4,6,1649.76,659.92,False
630,5906,2021-04-02,4,5,1059.95,424.0,True
630,12662,2021-02-13,2,5,619.95,248.0,False
630,9314,2020-12-18,4,9,1269.64,507.88,False
630,2543,2020-05-01,1,1,119.9,47.96,False
630,502,2020-02-16,2,6,1349.67,539.88,False
631,3874,2025-12-28,4,10,674.72,269.92,True
631,7456,2025-12-27,4,7,669.84,267.96,False
631,14682,2025-11-07,4,6,369.58,147.84,False
631,14413,2025-09-25,3,5,284.68,113.88,False
631,1198,2025-08-06,2,4,899.78,359.92,True
631,9101,2025-06-03,2,4,299.96,120.0,False
631,14482,2025-05-02,3,6,399.94,160.0,False
631,3413,2024-10-23,1,3,749.97,300.0,False
631,12273,2024-06-20,2,5,949.95,380.0,False
631,6499,2024-02-22,1,1,24.99,10.0,False
631,1528,2023-10-02,2,2,139.98,56.0,False
631,2715,2023-07-18,4,9,704.37,281.76,False
631,11272,2023-05-06,2,3,294.97,118.0,False
631,1003,2021-10-30,3,5,519.68,207.88,False
631,1173,2021-09-11,3,7,1009.39,403.76,False
631,5756,2021-07-25,4,10,1601.72,640.72,False
631,3035,2021-06-01,2,3,349.88,139.96,False
631,12820,2020-08-20,2,6,1409.67,563.88,False
631,7115,2020-06-07,2,3,179.97,72.0,False
631,12417,2020-03-06,2,3,379.79,151.92,False
631,11814,2020-03-05,3,5,139.95,56.0,False
632,3739,2025-07-04,4,6,769.67,307.88,True
632,14409,2025-03-20,3,3,150.97,60.4,False
632,10752,2024-11-12,4,10,889.63,355.88,False
632,10747,2024-03-04,3,6,1739.76,695.92,False
632,12694,2023-09-30,2,5,469.77,187.92,True
632,10824,2023-09-16,2,6,329.94,132.0,False
632,1737,2023-05-06,4,9,639.64,255.88,False
632,12621,2023-04-29,1,2,39.98,16.0,False
632,249,2023-03-16,2,4,539.96,216.0,False
632,1008,2023-03-11,3,7,216.93,86.8,False
632,1928,2022-12-29,4,9,1114.82,445.96,False
632,6877,2022-11-25,3,5,879.95,352.0,False
632,12139,2022-05-21,2,4,399.6,159.84,False
632,11784,2021-02-14,3,7,887.93,355.2,False
632,10689,2020-12-23,3,6,154.94,62.0,False
632,6036,2020-05-09,1,3,299.7,119.88,False
632,6080,2020-03-25,4,10,1319.54,527.84,False
633,5386,2025-10-10,2,2,319.98,128.0,False
633,10270,2025-10-06,1,3,239.97,96.0,False
633,12340,2025-09-22,4,6,1119.76,447.92,False
633,11786,2025-06-21,1,2,159.98,64.0,False
633,1958,2024-09-24,4,7,979.93,392.0,False
633,11504,2024-08-29,4,8,424.56,169.84,False
633,12315,2024-02-26,2,4,819.96,328.0,False
633,13392,2023-09-17,1,1,149.99,60.0,False
633,1953,2023-06-06,1,1,59.99,24.0,False
633,13282,2023-05-08,3,4,249.69,99.88,True
633,2476,2023-03-29,3,7,909.66,363.88,False
633,8255,2023-03-12,2,6,509.67,203.88,False
633,2007,2023-02-27,1,1,79.99,32.0,False
633,5047,2022-08-15,4,9,789.91,316.0,False
633,2535,2022-04-25,1,1,99.9,39.96,False
633,9826,2021-03-10,3,9,629.37,251.76,False
633,1152,2021-02-08,1,2,99.98,40.0,False
633,1432,2020-12-28,4,10,1229.9,492.0,False
633,11682,2020-03-12,4,8,489.56,195.84,False
634,10568,2025-10-01,3,5,519.86,207.96,False
634,1189,2025-05-25,2,3,189.97,76.0,False
634,7563,2025-04-18,3,7,719.93,288.0,False
634,713,2025-01-29,1,1,99.99,40.0,False
634,6694,2024-10-27,4,4,404.69,161.88,False
634,712,2024-08-23,4,9,929.73,371.92,False
634,11666,2024-03-11,4,9,1689.82,675.96,False
634,6924,2023-09-13,2,5,1519.95,608.0,False
634,12440,2023-08-05,2,3,99.97,40.0,True
634,10851,2022-04-25,2,4,559.69,223.88,False
634,8904,2020-09-17,2,6,719.4,287.76,False
634,998,2020-09-15,1,3,599.7,239.88,False
634,11202,2020-09-04,4,12,914.34,365.76,False
634,11597,2020-09-03,1,2,359.98,144.0,False
634,5473,2020-02-04,3,4,309.69,123.88,False
635,1118,2025-02-08,1,3,569.97,228.0,False
635,13965,2024-11-30,1,3,299.7,119.88,False
635,6446,2024-04-10,3,8,1379.65,551.88,False
635,7546,2023-12-31,4,9,1209.91,484.0,False
635,3723,2023-07-06,3,7,799.93,320.0,False
635,9883,2023-07-06,4,9,1039.46,415.8,True
635,2830,2023-04-21,2,4,549.69,219.88,False
635,6532,2022-11-17,1,3,164.7,65.88,False
635,11148,2022-08-24,3,5,954.95,382.0,False
635,4451,2022-06-05,3,6,285.76,114.32,False
635,8658,2021-09-18,1,3,59.97,24.0,False
635,876,2021-06-06,1,2,39.98,16.0,False
635,8837,2021-01-22,2,6,1439.67,575.88,False
635,14658,2021-01-03,2,5,259.77,103.92,False
635,4337,2020-12-13,3,6,689.76,275.92,True
635,13941,2020-07-21,1,1,119.99,48.0,False
635,4311,2020-01-02,1,2,199.8,79.92,False
636,7486,2025-09-20,2,4,499.96,200.0,False
636,5910,2025-05-30,3,4,459.96,184.0,False
636,7788,2025-05-27,4,9,1799.73,719.92,True
636,12772,2025-02-22,4,8,829.74,331.92,False
636,3144,2024-11-21,3,9,449.64,179.88,False
636,4216,2024-09-17,2,4,899.96,360.0,False
636,10903,2024-07-18,4,9,1279.73,511.92,False
636,8124,2024-03-16,4,8,844.65,337.88,False
636,13625,2024-03-12,3,5,424.95,170.0,False
636,5354,2024-02-01,3,5,1249.77,499.92,False
636,2164,2022-12-07,1,2,119.98,48.0,True
636,7579,2022-12-04,2,5,579.77,231.92,False
636,14738,2022-01-27,2,5,449.77,179.92,False
636,3405,2021-10-27,1,3,179.97,72.0,False
636,3346,2021-09-28,4,11,2139.35,855.76,False
636,2656,2021-09-15,2,4,309.69,123.88,False
636,7922,2021-07-12,1,2,79.98,32.0,False
636,3618,2020-05-03,2,3,389.97,156.0,False
637,12730,2025-09-24,4,8,679.65,271.88,False
637,7098,2025-09-07,1,3,239.97,96.0,False
637,6882,2025-08-19,2,4,324.96,130.0,False
637,14861,2024-09-18,2,6,809.94,324.0,False
637,14435,2024-09-14,1,2,159.98,64.0,False
637,418,2023-02-04,4,10,999.72,399.92,False
637,5141,2022-05-29,4,7,859.39,343.76,False
637,262,2022-05-10,3,4,559.96,224.0,False
637,12899,2022-01-05,2,2,699.98,280.0,False
637,5355,2021-11-11,2,4,264.6,105.84,False
637,6206,2020-09-14,1,1,59.99,24.0,False
637,2751,2020-06-21,3,7,769.75,307.92,True
637,4800,2020-06-15,1,1,129.99,52.0,False
638,11341,2025-08-17,2,3,269.79,107.92,False
638,5096,2025-04-18,1,2,299.8,119.92,False
638,2720,2025-04-15,4,11,1989.71,795.92,True
638,2181,2024-12-19,4,6,509.49,203.8,False
638,7241,2024-05-06,4,8,509.83,203.96,True
638,14612,2024-04-03,3,6,1319.94,528.0,False
638,8380,2024-02-27,3,9,1289.64,515.88,False
638,9469,2023-10-20,1,1,69.99,28.0,False
638,9180,2023-09-24,4,10,779.72,311.92,False
638,3466,2023-08-05,3,9,599.91,240.0,True
638,9082,2023-07-30,2,4,229.78,91.92,False
638,6415,2023-04-27,1,2,159.98,64.0,False
638,10786,2022-07-08,4,6,914.94,366.0,False
638,4368,2022-03-05,4,8,509.83,203.96,False
638,5702,2022-01-23,4,8,839.83,335.96,False
638,13479,2021-11-20,3,7,819.93,328.0,False
638,12926,2021-06-26,3,4,799.87,319.96,False
638,8108,2021-05-21,2,3,439.97,176.0,False
638,3426,2021-04-08,4,4,234.87,93.96,False
638,11339,2021-03-26,4,6,719.76,287.92,False
638,3914,2021-01-02,4,12,2444.61,977.88,False
638,5812,2020-12-08,2,4,114.87,45.96,False
638,2802,2020-06-19,4,8,1609.92,644.0,False
638,8754,2020-01-22,3,4,469.78,187.92,False
639,4065,2025-12-12,4,8,1384.56,553.84,False
639,8789,2025-10-13,3,6,744.85,297.96,False
639,6530,2025-08-17,2,3,229.97,92.0,False
639,6937,2024-09-05,1,1,59.99,24.0,False
639,6728,2024-01-17,2,4,769.96,308.0,True
639,10761,2023-12-13,3,5,769.86,307.96,False
639,192,2023-10-31,1,2,499.98,200.0,False
639,14442,2023-05-19,2,6,329.67,131.88,False
639,5209,2022-08-11,1,1,119.99,48.0,False
639,388,2022-05-26,3,6,1159.94,464.0,False
639,3484,2021-09-25,3,5,469.86,187.96,False
639,154,2021-07-06,4,9,989.46,395.8,False
639,5871,2021-06-23,3,9,1514.37,605.76,False
639,8308,2021-03-10,3,9,719.91,288.0,False
639,12135,2021-01-08,1,1,149.9,59.96,False
639,7949,2020-09-18,2,3,529.97,212.0,False
639,11552,2020-05-23,2,4,399.96,160.0,False
639,11443,2020-04-20,3,8,749.65,299.88,False
640,4066,2025-02-15,2,4,164.69,65.88,True
640,15001,2024-08-15,4,8,1231.92,492.8,False
640,9785,2024-07-14,3,8,497.65,199.08,False
640,10915,2023-12-06,2,2,274.98,110.0,False
640,5754,2023-10-22,4,10,1409.45,563.8,False
640,320,2023-09-09,1,1,99.9,39.96,False
640,6061,2023-05-03,3,5,379.77,151.92,True
640,11276,2022-08-18,4,8,554.38,221.76,False
640,8327,2022-02-16,4,10,1189.72,475.92,False
640,4042,2021-12-19,1,1,89.99,36.0,False
640,12639,2021-06-29,4,7,1089.84,435.96,False
640,7045,2021-04-30,3,7,569.93,228.0,False
640,9144,2021-01-29,3,8,819.65,327.88,False
640,10690,2020-12-03,2,4,234.6,93.84,False
640,13515,2020-10-23,2,3,659.97,264.0,False
640,12849,2020-09-20,4,9,1259.73,503.92,False
640,7924,2020-08-05,2,2,419.98,168.0,False
641,3998,2025-11-03,1,1,349.99,140.0,False
641,11263,2025-07-17,4,8,549.65,219.88,False
641,9530,2025-04-17,2,3,599.79,239.92,False
641,9105,2025-03-18,4,10,554.9,222.0,False
641,7263,2024-11-19,4,8,599.56,239.84,False
641,547,2024-09-27,4,9,919.91,368.0,False
641,10128,2024-09-04,2,3,359.88,143.96,False
641,4682,2024-07-29,4,8,1979.92,792.0,False
641,12043,2024-01-03,2,4,459.69,183.88,False
641,9612,2023-04-20,2,3,479.97,192.0,False
641,4771,2022-10-07,2,5,479.77,191.92,False
641,3232,2022-08-14,4,9,1049.64,419.88,False
641,13902,2021-09-26,3,5,594.86,237.96,True
641,11010,2021-05-14,1,1,34.99,14.0,False
641,10664,2021-04-28,3,3,219.79,87.92,False
641,13775,2020-06-12,3,7,469.66,187.88,False
641,3898,2020-05-06,4,8,1079.47,431.8,False
641,10119,2020-04-03,2,5,349.95,140.0,False
642,6787,2025-04-21,2,5,299.68,119.88,False
642,4968,2025-04-19,2,2,239.98,96.0,False
642,4318,2025-02-16,3,6,291.76,116.72,False
642,4144,2024-12-14,1,3,479.97,192.0,False
642,6476,2024-12-03,4,10,524.72,209.92,True
642,9596,2024-06-15,4,8,1064.83,425.96,True
642,10245,2024-04-10,3,5,469.77,187.92,True
642,10775,2024-01-25,4,10,604.63,241.88,False
642,7776,2024-01-07,2,3,179.88,71.96,False
642,14505,2023-11-04,2,4,499.6,199.84,False
642,12502,2023-09-18,1,3,749.97,300.0,False
642,14211,2023-09-06,2,4,699.6,279.84,False
642,914,2023-08-06,1,3,479.97,192.0,False
642,4894,2023-04-26,1,1,89.99,36.0,False
642,13097,2022-12-31,4,9,809.91,324.0,False
642,14635,2022-12-29,2,4,899.87,359.96,False
642,4611,2022-12-02,2,3,159.97,64.0,False
642,5962,2022-11-13,2,4,239.96,96.0,False
642,12989,2022-02-06,4,8,644.65,257.88,False
642,9045,2021-11-18,4,9,1319.91,528.0,False
642,4489,2021-11-12,3,4,549.69,219.88,False
642,14619,2021-09-16,3,7,874.39,349.76,False
642,3755,2021-07-28,2,6,749.67,299.88,False
642,4238,2021-04-21,2,4,149.96,60.0,False
642,9850,2021-03-08,2,5,349.77,139.92,True
642,4792,2021-01-16,4,10,1079.45,431.8,False
642,5095,2021-01-06,2,2,129.98,52.0,False
642,6094,2020-03-05,4,8,1179.74,471.92,False
643,1408,2025-11-21,4,7,1409.93,564.0,False
643,3048,2025-06-08,3,8,1189.92,476.0,True
643,9432,2025-03-21,1,2,299.98,120.0,False
643,6726,2025-01-25,2,5,469.95,188.0,False
643,3703,2024-10-03,3,5,749.86,299.96,False
643,14733,2024-05-07,3,7,759.93,304.0,False
643,14425,2023-12-01,4,9,914.64,365.88,False
643,9866,2023-11-27,4,7,879.93,352.0,False
643,7646,2023-08-12,2,4,204.6,81.84,False
643,3817,2023-02-17,2,4,279.87,111.96,False
643,12554,2023-01-06,3,4,614.87,245.96,False
643,177,2022-05-03,1,1,69.9,27.96,False
643,10120,2021-10-12,1,1,249.99,100.0,False
643,13295,2021-10-01,2,3,129.79,51.92,False
643,11074,2021-02-08,2,5,189.68,75.88,False
643,6953,2020-12-03,3,6,769.58,307.84,False
643,893,2020-10-19,2,6,467.94,187.2,False
643,12291,2020-09-30,3,8,1679.92,672.0,True
643,13371,2020-08-17,1,1,99.9,39.96,True
643,789,2020-05-31,3,4,349.78,139.92,False
643,3222,2020-03-25,3,8,809.74,323.92,True
643,6226,2020-03-18,2,4,114.96,46.0,False
643,6024,2020-01-27,3,4,229.96,92.0,True
644,6474,2025-05-02,1,2,119.98,48.0,False
644,12841,2025-03-22,2,5,1109.95,444.0,False
644,9698,2024-11-28,2,3,79.88,31.96,False
644,9204,2024-09-23,1,1,139.99,56.0,False
644,4053,2023-11-14,4,7,669.57,267.84,False
644,8900,2023-10-20,3,6,459.49,183.8,False
644,1769,2023-09-14,3,7,1169.93,468.0,False
644,4177,2022-11-24,1,3,74.97,30.0,False
644,11842,2022-11-08,3,6,329.94,132.0,False
644,13243,2022-07-26,3,8,929.65,371.88,True
644,10736,2022-04-06,1,3,149.97,60.0,False
644,4721,2022-03-11,3,5,859.95,344.0,False
644,12962,2021-11-27,1,1,24.99,10.0,False
644,13739,2021-11-24,3,3,194.88,77.96,False
644,3419,2021-07-23,1,1,49.99,20.0,True
644,7811,2021-06-24,2,4,359.96,144.0,False
644,5196,2021-01-11,4,5,429.95,172.0,False
644,10386,2020-11-24,2,4,109.96,44.0,False
644,4672,2020-05-05,2,4,103.96,41.6,False
644,7917,2020-03-09,4,7,829.75,331.92,False
644,11265,2020-01-16,4,9,1709.91,684.0,True
645,2429,2025-08-23,3,4,289.96,116.0,False
645,762,2025-08-06,2,3,149.79,59.92,False
645,389,2025-08-04,4,8,1239.74,495.92,False
645,14826,2025-03-04,3,5,339.95,136.0,False
645,8580,2024-11-11,1,2,99.98,40.0,False
645,7076,2024-07-19,3,6,699.85,279.96,False
645,5521,2024-02-27,3,8,949.2,379.68,True
645,4884,2024-02-03,4,7,929.75,371.92,False
645,1148,2024-01-07,3,7,1209.93,484.0,False
645,6589,2023-11-07,4,7,604.57,241.84,False
645,12379,2023-10-03,1,2,119.98,48.0,False
645,9570,2023-01-26,3,4,229.87,91.96,False
645,3987,2022-12-17,4,7,1484.84,593.96,False
645,6599,2022-02-22,1,2,159.98,64.0,False
645,2132,2022-01-15,4,9,889.64,355.88,False
645,4050,2021-11-24,4,9,709.64,283.88,False
645,643,2021-05-16,1,1,34.99,14.0,False
645,2376,2021-04-27,2,6,659.94,264.0,False
645,13938,2021-02-25,2,2,154.98,62.0,False
645,7195,2020-09-09,2,3,201.88,80.76,False
645,8237,2020-08-14,2,6,299.67,119.88,False
645,8480,2020-06-14,3,6,289.67,115.88,False
645,6679,2020-02-15,3,5,629.59,251.84,False
646,10290,2025-12-15,3,5,1349.95,540.0,False
646,7477,2025-07-14,1,2,79.8,31.92,False
646,14888,2025-07-09,3,6,474.67,189.88,False
646,7780,2025-01-15,2,4,579.6,231.84,False
646,2918,2024-12-08,1,1,34.99,14.0,False
646,9437,2024-03-25,3,7,1079.66,431.88,False
646,4700,2024-01-16,1,1,79.99,32.0,False
646,7438,2023-06-10,2,3,799.79,319.92,False
646,3223,2023-01-14,1,1,299.99,120.0,False
646,1800,2022-10-11,4,6,919.94,368.0,False
646,1885,2022-05-26,4,8,709.92,284.0,True
646,10081,2021-10-14,3,7,1529.93,612.0,False
646,11866,2021-09-16,4,9,1119.82,447.96,False
646,12070,2021-06-11,2,4,329.96,132.0,False
646,11872,2021-02-05,3,6,1389.94,556.0,False
646,8581,2021-01-14,2,5,509.5,203.8,True
646,7440,2020-12-02,2,3,309.79,123.92,False
646,5768,2020-05-27,3,5,499.86,199.96,False
646,2703,2020-05-01,1,2,79.98,32.0,False
646,453,2020-02-08,2,4,319.96,128.0,False
646,7584,2020-01-29,4,5,419.95,168.0,False
647,9912,2025-10-24,2,5,819.68,327.88,False
647,10820,2025-08-20,3,6,549.85,219.96,False
647,9825,2025-07-25,2,4,599.69,239.88,False
647,3042,2025-05-21,3,7,326.48,130.6,False
647,5765,2025-03-04,3,5,409.77,163.92,False
647,12695,2024-12-25,3,6,1179.76,471.92,False
647,561,2024-12-05,1,2,79.8,31.92,False
647,12700,2024-05-22,2,4,469.96,188.0,False
647,5303,2023-02-09,2,5,1159.77,463.92,True
647,14748,2022-12-24,2,4,529.96,212.0,True
647,3936,2022-07-19,4,8,539.56,215.84,True
647,411,2022-01-13,2,4,209.96,84.0,False
647,10662,2021-09-24,4,11,1309.62,523.88,False
647,1557,2021-01-29,2,2,449.98,180.0,False
647,11144,2020-06-26,1,3,449.97,180.0,False
647,10207,2020-05-16,4,7,479.93,192.0,False
648,7166,2025-09-04,4,5,369.77,147.92,False
648,5476,2025-03-17,4,5,1189.95,476.0,False
648,13589,2024-10-13,4,10,1089.63,435.88,False
648,14335,2024-04-17,2,5,839.95,336.0,False
648,14195,2024-03-03,3,7,749.75,299.92,False
648,11342,2023-07-09,4,10,444.63,177.88,True
648,1188,2023-07-02,1,3,299.97,120.0,False
648,14218,2023-03-30,4,6,1419.94,568.0,False
648,11039,2022-03-23,2,3,219.79,87.92,False
648,9534,2022-01-01,3,7,539.93,216.0,False
648,6295,2021-11-28,3,4,129.69,51.88,False
648,11559,2021-03-22,1,2,159.98,64.0,True
648,705,2020-12-27,4,8,669.74,267.92,False
648,14832,2020-06-22,1,2,99.8,39.92,False
648,14019,2020-05-13,4,9,939.55,375.84,False
649,1423,2025-10-12,2,6,1379.94,552.0,False
649,7268,2025-02-25,4,5,595.68,238.28,False
649,3248,2025-02-01,4,7,1409.66,563.88,True
649,14749,2024-11-23,2,6,839.67,335.88,False
649,13178,2024-11-20,2,5,689.77,275.92,False
649,11573,2024-10-22,3,5,809.95,324.0,False
649,8665,2024-09-26,3,6,799.85,319.96,False
649,4821,2024-08-24,4,11,1207.89,483.2,False
649,12946,2024-04-20,3,7,1149.93,460.0,False
649,4156,2023-08-17,1,1,149.99,60.0,False
649,2240,2023-02-25,3,7,679.75,271.92,False
649,473,2022-12-17,1,1,79.99,32.0,False
649,2456,2022-10-03,4,8,759.92,304.0,True
649,10733,2022-08-30,3,4,419.87,167.96,False
649,10133,2022-07-09,3,7,1039.93,416.0,False
649,7565,2022-04-06,1,3,269.7,107.88,False
649,8403,2022-01-25,1,1,39.9,15.96,False
649,6111,2021-08-02,4,8,699.65,279.88,True
649,1044,2021-04-18,1,2,599.98,240.0,False
649,13340,2021-01-24,1,2,109.8,43.92,False
649,13745,2020-10-14,3,6,1179.58,471.84,False
649,6962,2020-08-11,3,6,589.94,236.0,True
649,7726,2020-07-21,1,2,179.98,72.0,False
650,1832,2025-07-29,1,3,239.97,96.0,False
650,1551,2024-09-11,1,2,99.98,40.0,False
650,10840,2023-12-31,2,2,149.89,59.96,False
650,3295,2023-11-14,1,1,159.99,64.0,False
650,6395,2023-10-21,1,3,1199.97,480.0,False
650,6592,2023-08-03,1,2,299.98,120.0,False
650,3915,2023-05-14,2,6,779.94,312.0,False
650,6727,2023-02-24,2,5,979.95,392.0,False
650,10159,2022-11-08,4,7,484.57,193.84,False
650,1642,2022-08-21,4,10,1079.9,432.0,False
650,1763,2021-10-25,3,5,679.95,272.0,True
650,2962,2021-10-21,1,2,119.98,48.0,False
650,8731,2021-10-20,2,3,129.79,51.92,False
650,14883,2021-09-17,3,6,849.85,339.96,False
650,4997,2021-03-16,4,7,569.3,227.72,False
650,12422,2020-11-27,3,8,649.92,260.0,True
650,8044,2020-10-29,1,1,59.99,24.0,False
651,4807,2025-07-04,3,4,529.87,211.96,False
651,1297,2025-07-03,2,6,779.67,311.88,False
651,1208,2025-03-24,3,8,879.65,351.88,False
651,6028,2024-12-31,3,8,609.47,243.8,False
651,8567,2024-07-15,2,2,284.98,114.0,False
651,9986,2024-06-18,4,6,819.85,327.96,True
651,11544,2024-04-18,4,7,799.93,320.0,False
651,5244,2023-12-07,2,4,439.96,176.0,False
651,14316,2023-11-30,1,1,149.99,60.0,False
651,12744,2023-11-29,3,5,459.95,184.0,False
651,3351,2023-10-30,4,6,679.76,271.92,False
651,13241,2023-06-28,1,2,159.98,64.0,False
651,4231,2022-11-08,1,2,499.98,200.0,False
651,3519,2022-11-06,3,5,299.59,119.84,False
651,12338,2022-03-02,2,6,389.67,155.88,False
651,14709,2022-01-01,3,7,749.93,300.0,True
651,13308,2021-08-20,3,6,829.76,331.92,False
651,2178,2021-07-03,1,3,749.97,300.0,False
651,1602,2021-06-30,2,5,1049.77,419.92,False
651,4740,2021-04-28,3,4,275.87,110.36,False
651,1300,2020-12-27,1,1,39.9,15.96,False
651,2501,2020-10-12,1,3,269.97,108.0,False
651,13145,2020-08-22,3,7,1209.66,483.88,False
651,5626,2020-08-01,1,2,399.98,160.0,False
651,6723,2020-02-27,1,3,164.7,65.88,False
651,8348,2020-02-11,3,4,509.78,203.92,False
652,6144,2025-07-11,3,5,429.86,171.96,False
652,5688,2025-06-08,4,9,789.91,316.0,True
652,4995,2025-02-25,2,5,1009.77,403.92,False
652,4179,2025-01-07,2,4,779.78,311.92,False
652,4060,2024-11-16,2,3,369.79,147.92,False
652,12884,2024-04-08,1,1,79.99,32.0,False
652,1688,2024-01-20,1,3,299.97,120.0,False
652,4295,2023-10-27,3,5,579.95,232.0,True
652,1303,2022-11-20,1,1,199.9,79.96,False
652,1000,2022-10-03,1,1,189.99,76.0,False
652,10764,2022-05-23,4,9,729.91,292.0,False
652,8305,2022-02-10,3,5,234.68,93.88,False
652,1434,2021-10-30,3,5,599.95,240.0,False
652,2272,2021-09-02,4,8,449.92,180.0,False
652,197,2021-02-19,1,2,239.8,95.92,False
652,11626,2021-02-05,2,4,259.78,103.92,False
652,4789,2021-01-01,1,2,279.98,112.0,False
652,3313,2020-12-04,4,7,629.48,251.8,False
652,9339,2020-10-23,1,2,379.98,152.0,False
652,7281,2020-09-30,1,2,159.98,64.0,False
652,6181,2020-04-29,4,9,859.91,344.0,False
652,632,2020-04-05,3,7,1209.66,483.88,False
652,4876,2020-03-09,3,7,917.75,367.12,False
652,11292,2020-01-26,4,10,1469.36,587.76,True
653,14257,2025-05-10,2,2,549.98,220.0,True
653,14430,2025-03-04,2,3,289.97,116.0,True
653,7926,2025-01-01,3,6,709.76,283.92,False
653,10571,2023-03-19,4,7,859.84,343.96,False
653,2317,2023-01-29,3,7,949.75,379.92,False
653,321,2022-09-08,1,1,59.99,24.0,False
653,13061,2022-08-31,3,6,1199.94,480.0,False
653,2667,2021-12-01,3,7,729.75,291.92,False
653,1587,2021-11-18,4,8,549.83,219.96,True
653,2349,2021-07-01,4,9,659.28,263.72,False
653,4584,2021-03-11,4,8,1249.56,499.84,False
653,8158,2020-07-10,2,4,229.96,92.0,False
653,1179,2020-06-15,2,3,209.97,84.0,True
653,12958,2020-05-13,1,1,89.99,36.0,False
653,3815,2020-04-16,3,6,284.76,113.92,False
653,2965,2020-02-27,1,1,139.99,56.0,False
654,6831,2025-11-16,2,6,389.67,155.88,False
654,1242,2025-10-23,2,4,329.96,132.0,False
654,2923,2024-11-17,3,6,409.67,163.88,True
654,3800,2024-04-29,4,10,1569.72,627.92,False
654,4501,2024-02-27,4,9,779.82,311.96,True
654,7539,2023-07-09,4,9,919.91,368.0,True
654,6355,2023-04-23,4,8,1179.92,472.0,False
654,1061,2022-12-07,1,3,599.97,240.0,False
654,4607,2022-11-07,3,4,519.96,208.0,False
654,3593,2022-10-19,2,3,205.97,82.4,False
654,4989,2022-06-09,2,5,799.95,320.0,True
654,4689,2021-11-23,1,2,599.98,240.0,False
654,3781,2021-11-06,3,5,1094.86,437.96,False
654,1989,2021-10-19,1,3,389.97,156.0,False
654,1442,2021-10-02,2,5,1179.95,472.0,False
654,6401,2021-06-15,4,8,1159.92,464.0,False
654,6546,2021-06-05,3,4,219.78,87.92,False
654,5478,2021-01-28,4,8,1019.56,407.84,False
654,10836,2021-01-08,4,7,669.93,268.0,False
654,12508,2020-05-19,2,4,439.78,175.92,False
655,3719,2025-07-20,1,3,899.97,360.0,False
655,2991,2025-07-06,4,6,435.67,174.28,True
655,1561,2025-02-18,2,3,69.79,27.92,False
655,3403,2025-02-14,4,10,644.54,257.84,False
655,12390,2024-12-24,1,3,209.97,84.0,False
655,6231,2024-07-26,2,5,619.68,247.88,False
655,4345,2024-04-08,3,6,619.49,247.8,False
655,5562,2024-02-08,3,4,254.96,102.0,False
655,11975,2023-12-27,4,9,909.91,364.0,True
655,8832,2023-09-06,2,2,229.89,91.96,False
655,13961,2023-08-10,3,6,1249.85,499.96,True
655,12033,2023-06-16,3,5,255.95,102.4,False
655,9171,2023-01-13,4,6,1179.94,472.0,False
655,12357,2022-12-14,1,1,89.99,36.0,False
655,12133,2022-04-30,1,1,99.9,39.96,False
655,11304,2022-01-17,3,8,919.74,367.92,False
655,7041,2021-08-03,4,8,1199.47,479.8,False
655,11492,2021-02-18,1,3,749.97,300.0,False
655,10945,2020-06-25,1,1,149.9,59.96,False
655,12013,2020-06-09,4,11,1124.62,449.88,False
655,7087,2020-01-04,2,2,259.98,104.0,False
656,11012,2025-09-13,3,8,609.65,243.88,False
656,10103,2025-06-21,2,4,259.6,103.84,False
656,12251,2024-11-05,2,4,309.87,123.96,True
656,12551,2024-09-14,3,5,469.95,188.0,False
656,5290,2024-06-27,3,8,1279.92,512.0,False
656,10477,2024-06-26,3,5,464.68,185.88,False
656,11001,2024-06-07,2,6,1199.94,480.0,False
656,3666,2024-05-23,1,1,39.9,15.96,False
656,2945,2024-03-28,3,8,1109.92,444.0,False
656,4437,2023-11-12,2,4,809.96,324.0,True
656,5233,2023-11-04,1,1,129.9,51.96,False
656,12327,2023-11-04,1,3,74.7,29.88,False
656,10352,2023-10-20,2,2,219.89,87.96,False
656,12521,2023-08-18,4,8,1409.56,563.84,False
656,12343,2023-05-10,4,7,504.93,202.0,False
656,2908,2021-11-17,2,4,779.96,312.0,False
656,9508,2021-07-06,3,7,1349.93,540.0,False
656,6548,2021-05-13,3,4,489.6,195.84,False
656,12489,2021-03-28,3,7,819.84,327.96,False
656,2346,2021-03-24,3,4,284.87,113.96,False
656,10388,2021-02-28,1,1,24.9,9.96,False
656,14437,2021-01-31,1,2,259.98,104.0,False
656,10231,2020-12-25,1,1,129.9,51.96,False
656,4410,2020-11-30,2,4,1299.96,520.0,False
656,12256,2020-10-13,4,6,869.85,347.96,False
656,5830,2020-09-13,2,2,299.98,120.0,False
656,4728,2020-08-22,1,3,59.97,24.0,False
656,7079,2020-06-05,1,2,239.98,96.0,True
656,12101,2020-03-05,4,6,1549.85,619.96,True
657,872,2024-09-26,4,7,779.66,311.88,True
657,4016,2024-03-29,4,6,789.58,315.84,False
657,14567,2024-03-19,3,7,1649.66,659.88,False
657,1747,2024-03-15,4,6,499.76,199.92,False
657,8076,2024-03-05,3,4,909.96,364.0,False
657,13301,2023-11-19,4,10,1269.72,507.92,False
657,480,2023-10-29,2,4,439.69,175.88,False
657,10249,2023-08-25,1,2,199.8,79.92,False
657,6718,2023-04-15,1,3,269.97,108.0,False
657,8975,2022-07-10,3,5,574.59,229.84,False
657,14963,2022-05-30,2,3,279.79,111.92,False
657,13015,2022-02-09,2,5,229.5,91.8,False
657,3077,2022-02-07,1,3,77.97,31.2,False
657,9086,2022-01-31,3,6,1239.94,496.0,False
657,6307,2021-12-27,4,6,489.85,195.96,False
657,661,2021-10-03,2,3,379.97,152.0,False
657,12348,2021-10-03,4,8,349.74,139.92,False
657,8504,2021-07-08,2,4,475.96,190.4,False
657,11240,2021-07-07,3,7,1439.93,576.0,False
657,13154,2021-06-08,2,4,399.78,159.92,False
657,14468,2021-04-11,1,2,279.98,112.0,False
657,2013,2020-03-19,4,6,874.67,349.88,False
658,4341,2025-11-21,4,7,699.84,279.96,False
658,11302,2025-10-17,2,3,309.97,124.0,True
658,1534,2025-10-15,1,2,59.98,24.0,False
658,12714,2025-05-25,4,8,1459.74,583.92,True
658,1373,2025-02-26,2,3,389.79,155.92,False
658,3368,2024-11-30,2,3,219.97,88.0,False
658,975,2024-10-14,2,5,189.95,76.0,False
658,2258,2024-07-13,1,3,149.7,59.88,False
658,13086,2024-05-13,3,6,929.76,371.92,False
658,3208,2024-03-10,2,3,329.88,131.96,False
658,7962,2023-09-25,3,8,604.65,241.88,False
658,13786,2023-08-17,3,7,629.48,251.8,False
658,9593,2022-10-07,1,1,29.99,12.0,False
658,329,2022-05-26,3,9,1769.64,707.88,True
658,14647,2021-10-15,2,5,264.95,106.0,False
658,8304,2021-08-25,1,3,899.97,360.0,False
658,1834,2021-04-18,2,3,189.97,76.0,False
658,3369,2021-04-06,1,3,77.97,31.2,False
658,4644,2021-03-13,3,7,1129.93,452.0,False
658,13611,2020-11-06,4,12,2309.61,923.88,False
658,2114,2020-02-11,1,3,419.97,168.0,False
659,5139,2025-03-18,2,5,479.95,192.0,False
659,11802,2024-12-17,3,7,1189.84,475.96,True
659,14712,2024-08-30,4,8,869.38,347.76,True
659,5926,2024-06-15,1,3,179.97,72.0,False
659,4441,2024-03-22,3,4,779.87,311.96,False
659,4426,2023-11-21,4,8,879.92,352.0,False
659,3422,2023-10-11,1,3,899.97,360.0,False
659,14740,2023-10-08,2,2,259.98,104.0,False
659,11550,2023-07-22,1,1,249.99,100.0,False
659,9284,2023-04-18,2,4,295.96,118.4,False
659,8267,2023-01-18,3,8,839.38,335.76,False
659,2985,2022-04-14,4,8,1589.65,635.88,False
659,12392,2022-04-04,4,9,1849.91,740.0,False
659,8752,2022-02-02,3,5,479.68,191.88,False
659,14574,2022-01-05,2,6,599.94,240.0,False
659,12187,2021-11-27,3,9,1679.91,672.0,False
659,2595,2021-10-21,2,5,789.95,316.0,False
659,2850,2021-04-12,3,4,779.96,312.0,False
659,7752,2021-03-16,4,8,1339.74,535.92,False
659,4692,2020-07-30,4,10,1804.63,721.88,True
660,11083,2025-11-09,3,3,349.88,139.96,False
660,10854,2024-06-22,4,9,659.37,263.76,False
660,1017,2024-05-06,1,2,299.8,119.92,False
660,8420,2024-05-02,4,10,759.54,303.84,True
660,2029,2024-03-08,1,3,269.97,108.0,False
660,5716,2024-01-30,3,7,587.66,235.08,False
660,10020,2024-01-09,4,5,425.77,170.32,False
660,14239,2023-11-17,3,4,449.78,179.92,False
660,14903,2023-10-26,1,2,159.98,64.0,False
660,8035,2022-07-29,3,6,639.94,256.0,False
660,12842,2022-06-01,2,3,379.97,152.0,False
660,5017,2022-05-15,2,4,239.78,95.92,False
660,11093,2022-04-19,4,7,1109.75,443.92,False
660,3164,2021-06-04,3,7,1179.93,472.0,True
660,9569,2021-06-01,4,8,1274.65,509.88,False
660,13716,2021-03-05,1,2,399.8,159.92,False
660,2735,2021-02-02,4,10,1314.54,525.84,False
660,10809,2020-05-07,4,10,1247.54,499.04,False
660,1660,2020-04-17,4,10,544.72,217.92,False
661,5893,2025-03-09,3,6,669.58,267.84,False
661,14384,2024-11-19,2,3,409.97,164.0,False
661,9914,2024-06-08,3,6,759.94,304.0,False
661,6041,2024-05-13,1,1,59.99,24.0,False
661,4226,2024-05-11,4,6,741.94,296.8,True
661,2437,2024-01-05,3,6,749.94,300.0,True
661,10277,2023-11-03,1,1,129.99,52.0,False
661,6819,2023-08-02,1,3,1049.97,420.0,True
661,3508,2023-02-22,3,6,491.76,196.72,False
661,12630,2023-02-07,2,4,509.87,203.96,True
661,3965,2022-09-02,2,5,449.77,179.92,True
661,3352,2022-07-31,4,7,829.75,331.92,False
661,3218,2022-06-20,1,2,239.98,96.0,False
661,9224,2022-02-20,4,7,1059.93,424.0,True
661,2645,2021-10-06,2,3,399.97,160.0,False
661,13257,2021-07-20,2,4,459.96,184.0,True
661,13989,2020-09-11,4,7,769.75,307.92,False
661,3000,2020-08-08,4,8,809.56,323.84,False
661,7469,2020-03-27,3,3,244.79,97.92,False
662,14027,2025-11-16,1,3,119.97,48.0,False
662,9787,2025-09-20,3,7,429.66,171.88,False
662,8988,2025-08-29,1,3,119.97,48.0,False
662,14143,2025-06-17,4,10,1199.9,480.0,False
662,4467,2025-04-04,2,5,989.95,396.0,False
662,9262,2024-10-27,3,6,699.58,279.84,False
662,14389,2024-06-13,2,5,389.68,155.88,False
662,11638,2023-05-21,4,9,869.55,347.84,False
662,1401,2023-01-17,3,6,449.67,179.88,False
662,569,2022-08-26,1,1,69.9,27.96,False
662,14670,2022-07-24,4,9,1114.37,445.76,False
662,957,2022-02-28,1,2,259.8,103.92,False
662,10066,2021-11-02,4,9,1529.91,612.0,True
662,14732,2021-10-13,3,6,519.49,207.8,True
662,13143,2021-08-19,4,7,394.48,157.8,False
662,12399,2021-04-19,3,7,339.84,135.96,False
662,7927,2020-08-28,4,7,914.39,365.76,False
662,8712,2020-05-24,4,8,1129.56,451.84,True
662,3753,2020-03-30,3,5,959.95,384.0,False
662,49,2020-03-10,2,3,239.97,96.0,False
663,8256,2025-12-16,4,9,869.64,347.88,False
663,2176,2025-04-12,4,9,874.73,349.92,False
663,13585,2025-03-31,2,5,649.77,259.92,False
663,11444,2023-06-29,4,6,789.76,315.92,True
663,13755,2023-06-07,4,9,794.19,317.68,False
663,8980,2023-01-30,4,9,809.37,323.76,True
663,404,2022-12-10,2,5,299.95,120.0,False
663,12704,2022-06-22,3,7,579.75,231.92,False
663,11448,2021-09-14,3,8,1189.92,476.0,False
663,11566,2021-03-07,4,9,1119.37,447.76,False
663,7494,2020-07-21,2,5,789.5,315.8,False
663,12244,2020-05-17,4,6,509.67,203.88,False
663,10914,2020-04-03,3,3,179.88,71.96,False
663,14953,2020-03-12,4,5,451.95,180.8,False
664,500,2025-12-28,3,6,459.94,184.0,False
664,11769,2025-08-11,3,5,524.86,209.96,False
664,9487,2025-03-04,2,3,169.79,67.92,False
664,8465,2025-02-09,2,4,169.96,68.0,False
664,3156,2024-11-11,1,1,79.99,32.0,False
664,1412,2024-04-23,3,8,1729.92,692.0,True
664,13121,2024-04-02,4,7,1579.93,632.0,False
664,10926,2024-03-05,1,3,299.7,119.88,False
664,13168,2022-04-03,4,7,714.84,285.96,True
664,13639,2022-02-27,2,4,259.96,104.0,False
664,8085,2022-01-01,3,9,704.91,282.0,False
664,2172,2021-08-28,2,4,137.96,55.2,False
664,918,2021-08-22,2,5,399.95,160.0,False
664,13316,2021-07-25,3,3,499.97,200.0,False
664,8537,2021-04-22,3,9,749.91,300.0,False
664,10090,2021-04-16,4,6,1029.76,411.92,False
664,12545,2021-02-15,3,6,939.67,375.88,False
664,5581,2021-02-09,2,4,419.78,167.92,False
664,10609,2020-01-15,3,8,409.74,163.92,False
665,131,2025-12-09,2,5,539.68,215.88,False
665,14126,2025-11-13,1,3,164.7,65.88,False
665,8042,2025-02-16,3,6,1079.76,431.92,False
665,14285,2025-02-04,2,3,179.79,71.92,False
665,12290,2025-01-12,2,6,179.67,71.88,True
665,9148,2024-05-13,4,9,1299.64,519.88,False
665,229,2024-01-15,2,5,629.68,251.88,False
665,7049,2023-12-20,1,3,389.97,156.0,False
665,6570,2023-10-22,2,4,439.6,175.84,False
665,13099,2023-09-26,2,4,489.6,195.84,False
665,5933,2023-05-14,2,4,154.96,62.0,False
665,10374,2023-02-26,3,7,1004.93,402.0,True
665,7001,2023-02-21,4,8,999.92,400.0,False
665,6508,2022-12-24,4,10,569.63,227.88,False
665,11106,2022-08-24,1,3,449.97,180.0,True
665,11503,2022-04-18,4,11,1894.89,758.0,False
665,12814,2022-01-13,1,3,104.97,42.0,False
665,6387,2021-12-12,2,3,299.88,119.96,False
665,12115,2021-12-05,3,6,219.58,87.84,False
665,1262,2021-11-05,4,8,904.92,362.0,True
665,8536,2021-09-06,2,5,404.95,162.0,False
665,2899,2021-08-30,3,6,459.67,183.88,False
665,14866,2021-07-17,4,7,879.75,351.92,False
665,11345,2021-05-04,3,8,519.38,207.76,True
665,3806,2021-04-21,3,5,779.95,312.0,False
665,13655,2021-04-03,3,7,299.93,120.0,False
665,4613,2021-01-18,3,7,1644.84,657.96,False
665,10265,2020-09-03,4,8,1179.92,472.0,False
666,7378,2025-10-21,4,10,1089.63,435.88,False
666,12998,2025-05-04,4,8,709.56,283.84,False
666,13967,2025-04-26,3,4,469.96,188.0,False
666,13014,2025-02-03,2,4,119.96,48.0,False
666,10147,2025-01-27,1,2,79.8,31.92,False
666,1829,2024-06-12,1,1,129.9,51.96,False
666,6596,2024-01-15,2,4,369.96,148.0,False
666,171,2023-09-05,3,7,559.75,223.92,False
666,8553,2023-08-11,1,1,159.99,64.0,False
666,7194,2023-08-06,2,5,519.95,208.0,False
666,10205,2023-07-27,1,2,159.98,64.0,False
666,4985,2022-10-31,4,10,839.9,336.0,False
666,7691,2022-09-13,1,2,119.98,48.0,False
666,10756,2022-08-03,1,2,39.98,16.0,False
666,3398,2022-03-20,2,4,539.96,216.0,False
666,11362,2021-04-15,2,3,799.88,319.96,False
666,9622,2021-04-12,1,1,59.99,24.0,False
666,14928,2020-06-16,2,6,224.94,90.0,True
666,4578,2020-03-23,4,7,1469.84,587.96,False
666,11137,2020-01-10,3,5,459.86,183.96,False
667,14180,2025-11-27,3,6,489.67,195.88,False
667,8103,2025-03-11,1,1,24.99,10.0,True
667,3539,2025-01-27,2,5,1519.95,608.0,False
667,9918,2024-02-07,4,9,427.64,171.08,False
667,6821,2024-01-08,2,3,439.79,175.92,False
667,10471,2023-10-16,1,1,119.99,48.0,False
667,10965,2023-04-15,3,6,269.94,108.0,False
667,13964,2022-10-26,2,3,269.79,107.92,False
667,606,2022-09-27,2,3,399.97,160.0,False
667,7330,2022-07-21,3,6,509.85,203.96,False
667,6519,2022-07-16,1,3,299.7,119.88,False
667,2944,2022-06-10,4,6,789.85,315.96,False
667,8562,2021-06-17,4,8,329.92,132.0,False
667,4605,2021-04-22,1,2,79.98,32.0,False
667,14636,2021-01-10,1,3,539.97,216.0,False
667,4344,2020-09-14,2,6,989.94,396.0,False
667,7953,2020-05-30,4,10,849.9,340.0,False
668,7940,2025-11-07,2,2,134.89,53.96,False
668,11908,2025-08-28,4,9,899.73,359.92,False
668,1140,2025-08-18,3,7,839.75,335.92,False
668,7532,2025-06-13,1,1,24.99,10.0,False
668,3807,2025-05-02,2,3,349.97,140.0,True
668,4366,2025-01-26,1,2,179.98,72.0,False
668,9242,2024-09-03,1,3,239.97,96.0,False
668,2848,2024-08-03,1,2,179.98,72.0,False
668,13047,2024-07-18,1,1,189.99,76.0,False
668,12688,2024-06-11,4,8,1524.83,609.96,False
668,3361,2024-05-13,4,4,379.87,151.96,False
668,4333,2023-06-18,2,5,169.68,67.88,False
668,6373,2022-06-30,1,2,239.98,96.0,False
668,2482,2022-06-09,3,5,539.95,216.0,False
668,13866,2022-04-07,1,1,49.9,19.96,False
668,259,2022-01-14,2,5,629.68,251.88,False
668,8588,2022-01-07,4,10,1029.63,411.88,False
668,7361,2021-09-19,3,4,419.96,168.0,False
668,11695,2021-05-05,1,1,149.99,60.0,False
668,10778,2021-04-11,2,5,299.95,120.0,False
668,7189,2021-04-07,1,3,104.97,42.0,False
668,10051,2021-03-07,1,3,149.97,60.0,False
668,14521,2021-01-23,3,6,799.94,320.0,False
668,1130,2020-10-01,1,2,179.98,72.0,False
668,12707,2020-07-04,1,3,479.97,192.0,False
668,1353,2020-04-18,4,6,599.76,239.92,False
669,10203,2025-08-17,4,7,709.57,283.84,False
669,14440,2025-03-16,2,3,489.79,195.92,False
669,6793,2025-02-19,1,1,119.9,47.96,False
669,11109,2024-08-27,1,2,299.98,120.0,False
669,10395,2024-01-18,4,9,1089.55,435.84,False
669,11047,2023-12-28,3,5,389.59,155.84,False
669,3740,2023-12-04,4,5,559.95,224.0,True
669,10776,2023-11-21,1,3,359.97,144.0,False
669,4033,2022-02-05,3,6,374.4,149.76,False
669,7746,2021-05-06,1,2,699.98,280.0,False
669,10592,2021-04-18,1,1,79.99,32.0,False
669,2097,2021-02-25,3,6,689.76,275.92,False
669,2626,2020-07-12,3,6,1109.67,443.88,True
669,11711,2020-04-12,2,4,279.96,112.0,False
669,8188,2020-02-09,3,5,239.77,95.92,False
670,10792,2025-11-14,3,9,1109.1,443.64,False
670,7615,2025-11-02,3,6,689.76,275.92,False
670,113,2025-10-27,3,3,279.7,111.88,True
670,9900,2025-04-02,1,1,39.9,15.96,False
670,252,2024-09-11,4,7,599.75,239.92,True
670,12877,2024-07-09,2,4,1149.96,460.0,False
670,847,2024-03-24,3,7,1027.93,411.2,False
670,10244,2022-11-06,1,3,269.97,108.0,False
670,3730,2022-08-28,2,2,59.89,23.96,False
670,13884,2022-04-23,2,4,259.78,103.92,True
670,6540,2021-10-20,3,5,919.95,368.0,True
670,7814,2021-10-03,1,2,59.98,24.0,False
670,12005,2021-09-21,1,3,269.97,108.0,True
670,5263,2021-08-08,4,9,1009.73,403.92,False
670,13647,2021-05-14,2,3,239.97,96.0,False
670,7724,2020-11-07,3,7,989.66,395.88,False
670,8741,2020-09-24,3,5,505.95,202.4,False
670,4514,2020-09-14,3,6,844.94,338.0,False
670,315,2020-06-06,1,3,269.97,108.0,False
670,5571,2020-04-02,4,7,426.66,170.68,False
670,999,2020-03-13,3,6,1079.76,431.92,False
671,7031,2025-02-14,4,7,399.75,159.92,True
671,8889,2024-09-16,2,6,404.67,161.88,False
671,5071,2024-07-08,2,4,219.96,88.0,False
671,4562,2024-06-12,4,7,1019.84,407.96,False
671,616,2024-02-01,3,4,409.69,163.88,False
671,9070,2024-01-18,3,6,889.94,356.0,False
671,5532,2023-11-24,1,1,199.9,79.96,False
671,5031,2023-08-29,3,7,879.66,351.88,False
671,5692,2023-07-19,3,6,477.76,191.12,False
671,14778,2022-07-28,3,6,499.85,199.96,False
671,1302,2022-06-29,2,3,229.97,92.0,True
671,5993,2022-06-24,4,8,889.38,355.76,False
671,12648,2022-05-24,4,5,784.95,314.0,False
671,12148,2021-12-18,3,5,359.5,143.8,False
671,1589,2021-04-26,3,7,599.48,239.8,False
671,3029,2021-02-28,2,5,279.68,111.88,True
671,3112,2021-02-16,1,2,99.98,40.0,True
671,10930,2021-01-23,2,6,134.94,54.0,True
671,13648,2020-09-06,2,5,739.95,296.0,False
671,10909,2020-08-16,2,4,539.6,215.84,False
671,14661,2020-07-15,4,7,879.93,352.0,True
671,4767,2020-04-15,1,2,199.98,80.0,False
671,11546,2020-03-12,1,3,164.7,65.88,True
672,6065,2025-02-07,1,2,279.98,112.0,False
672,3831,2024-05-16,2,3,219.97,88.0,False
672,5353,2024-01-25,1,1,59.99,24.0,False
672,12961,2023-09-10,1,3,77.97,31.2,False
672,13323,2023-04-09,1,2,379.98,152.0,False
672,3118,2022-12-27,1,3,239.97,96.0,False
672,8489,2022-11-30,3,9,944.64,377.88,False
672,13990,2022-11-06,1,1,24.9,9.96,False
672,7971,2022-08-16,2,4,1449.96,580.0,False
672,6127,2022-03-16,2,5,1129.77,451.92,False
672,3861,2021-10-08,2,4,154.69,61.88,False
672,7110,2021-09-06,3,5,459.68,183.88,False
672,10380,2021-08-23,3,6,1029.94,412.0,False
672,7451,2021-07-20,2,4,1199.96,480.0,False
672,14799,2020-05-23,4,8,479.74,191.92,False
673,10398,2025-10-01,2,3,199.79,79.92,False
673,3868,2025-04-08,2,2,339.89,135.96,False
673,10415,2024-06-22,1,3,89.97,36.0,False
673,13563,2023-11-05,2,2,219.98,88.0,False
673,550,2023-08-31,2,4,99.96,40.0,False
673,5015,2022-04-01,3,5,769.86,307.96,False
673,5708,2022-02-23,4,4,445.87,178.36,False
673,614,2021-09-14,4,11,959.35,383.76,False
673,12195,2021-09-09,2,5,329.95,132.0,False
673,11379,2021-05-10,3,6,419.94,168.0,False
673,4093,2021-04-16,1,3,389.7,155.88,False
673,9274,2021-01-27,2,3,369.97,148.0,False
673,14594,2020-06-20,3,8,1474.65,589.88,False
673,13201,2020-01-24,1,2,259.8,103.92,False
674,12542,2025-11-25,4,9,809.82,323.96,True
674,4886,2025-02-18,2,3,359.97,144.0,False
674,14901,2024-12-15,2,3,219.79,87.92,True
674,12316,2024-09-04,3,9,1649.91,660.0,False
674,2233,2023-12-23,3,7,1019.66,407.88,False
674,3193,2023-08-29,1,2,799.98,320.0,False
674,9615,2023-06-03,3,4,679.87,271.96,False
674,4977,2023-02-19,4,5,484.86,193.96,False
674,10454,2022-10-17,3,6,1499.94,600.0,False
674,3188,2022-10-04,1,3,389.7,155.88,False
674,9606,2022-05-31,1,1,99.9,39.96,False
674,12004,2022-04-29,3,5,809.95,324.0,False
674,3509,2022-02-22,1,1,39.9,15.96,False
674,1268,2022-01-11,2,3,499.97,200.0,False
674,13920,2021-08-13,2,4,379.78,151.92,False
674,5169,2021-06-19,2,3,269.79,107.92,False
674,11401,2021-05-04,4,9,949.91,380.0,False
674,14171,2021-02-01,3,4,309.96,124.0,False
674,1599,2020-12-11,1,1,49.99,20.0,False
674,10184,2020-01-16,1,1,189.99,76.0,False
675,5875,2025-07-24,4,7,474.66,189.88,False
675,2687,2025-05-21,4,8,1219.92,488.0,False
675,11312,2025-05-04,1,3,59.97,24.0,False
675,4007,2025-05-03,4,11,929.08,371.64,False
675,4776,2025-03-18,4,8,899.65,359.88,False
675,2930,2025-01-31,2,4,379.96,152.0,False
675,5809,2024-11-19,3,6,949.94,380.0,False
675,4059,2024-11-02,1,3,749.97,300.0,False
675,7414,2024-09-06,2,4,339.96,136.0,False
675,9266,2024-07-23,4,10,2005.9,802.4,False
675,9337,2024-05-14,4,8,1284.47,513.8,False
675,12893,2024-04-23,1,3,239.97,96.0,False
675,11951,2024-03-01,3,5,579.95,232.0,False
675,10805,2023-12-03,2,5,1399.95,560.0,False
675,4475,2023-11-29,3,6,989.67,395.88,True
675,9410,2023-08-22,3,3,415.97,166.4,False
675,10713,2023-06-06,2,3,309.97,124.0,False
675,14234,2023-01-11,1,1,59.99,24.0,False
675,2955,2022-10-16,2,5,289.95,116.0,False
675,5779,2022-03-20,1,1,249.99,100.0,False
675,4034,2021-09-15,1,2,199.8,79.92,False
675,2005,2021-07-23,2,4,879.87,351.96,False
675,7200,2020-09-24,4,8,929.56,371.84,True
675,8169,2020-09-14,2,6,659.67,263.88,False
675,941,2020-08-27,3,4,619.87,247.96,False
675,10800,2020-07-20,1,3,599.97,240.0,False
676,11633,2025-12-26,4,5,529.68,211.88,False
676,615,2025-11-16,2,2,99.89,39.96,False
676,2634,2025-08-22,3,6,249.49,99.8,False
676,1278,2025-06-17,4,9,1119.91,448.0,False
676,10059,2025-04-17,1,1,149.99,60.0,False
676,6212,2025-02-12,4,6,427.94,171.2,False
676,11604,2024-07-23,2,3,369.97,148.0,False
676,12868,2024-01-11,1,3,209.97,84.0,False
676,6479,2023-11-24,4,9,749.64,299.88,False
676,8817,2023-08-28,4,7,304.84,121.96,False
676,9718,2022-10-10,2,3,239.97,96.0,False
676,14365,2022-06-06,1,3,1049.97,420.0,False
676,9855,2022-02-09,3,7,939.93,376.0,False
676,14130,2022-01-10,4,9,2239.82,895.96,True
676,9332,2021-08-21,1,1,129.99,52.0,False
676,2202,2021-07-26,2,6,464.67,185.88,False
676,11470,2020-12-31,1,2,119.98,48.0,False
676,12114,2020-09-01,2,4,429.6,171.84,False
677,1416,2025-11-05,2,5,649.68,259.88,False
677,10186,2025-06-11,2,6,569.4,227.76,False
677,8555,2024-04-09,3,4,389.87,155.96,False
677,5599,2024-01-07,3,6,729.76,291.92,False
677,4478,2023-12-19,3,4,395.78,158.32,False
677,2425,2023-12-06,2,5,989.77,395.92,False
677,5321,2023-06-19,4,10,1149.54,459.84,False
677,8784,2023-05-31,3,8,909.38,363.76,False
677,9336,2023-03-11,3,7,779.66,311.88,True
677,4320,2021-06-01,1,3,299.7,119.88,False
677,12494,2021-03-02,2,3,279.79,111.92,False
677,12782,2020-10-16,1,2,599.98,240.0,False
677,5260,2020-04-17,1,1,59.99,24.0,False
677,12222,2020-02-26,2,4,999.96,400.0,False
677,13092,2020-02-19,3,7,694.66,277.88,False
677,9967,2020-01-16,4,6,1224.85,489.96,True
678,2048,2025-01-27,1,1,89.99,36.0,False
678,11072,2025-01-27,4,8,969.74,387.92,False
678,10797,2024-01-30,4,8,579.83,231.96,False
678,6607,2023-05-06,2,5,389.95,156.0,False
678,5177,2022-10-28,3,5,215.86,86.36,False
678,14252,2022-09-17,2,4,159.6,63.84,False
678,5100,2022-01-23,4,9,1819.64,727.88,False
678,10397,2021-09-25,1,3,239.97,96.0,False
678,4722,2021-09-20,3,4,689.78,275.92,False
678,12585,2021-09-08,4,11,1338.9,535.56,True
678,13531,2021-08-23,1,3,149.97,60.0,False
678,2191,2021-03-17,4,6,639.67,255.88,False
678,4664,2020-12-29,2,2,209.98,84.0,False
678,1012,2020-07-20,3,5,309.86,123.96,False
678,1701,2020-07-08,2,6,869.67,347.88,True
678,474,2020-05-19,4,7,859.93,344.0,False
678,7064,2020-04-15,1,1,19.99,8.0,False
678,368,2020-01-05,3,5,699.95,280.0,False
679,1366,2025-12-10,2,2,74.98,30.0,False
679,2279,2025-09-25,4,10,649.72,259.92,False
679,4383,2024-12-28,1,2,319.98,128.0,False
679,5340,2024-11-15,2,5,499.77,199.92,False
679,8823,2024-03-17,2,2,169.89,67.96,False
679,11765,2024-02-18,2,4,399.6,159.84,False
679,2236,2023-12-25,3,7,329.93,132.0,True
679,4696,2022-08-29,4,4,284.87,113.96,False
679,13130,2022-04-12,3,3,399.97,160.0,False
679,11110,2021-10-29,3,4,449.78,179.92,True
679,3134,2021-07-23,1,1,69.99,28.0,False
679,1079,2021-06-20,3,5,194.86,77.96,False
679,1491,2021-04-27,2,6,719.94,288.0,True
679,4946,2021-01-25,4,10,1759.9,704.0,False
679,5054,2020-12-29,4,8,919.92,368.0,False
679,13467,2020-11-15,1,2,259.8,103.92,False
679,5681,2020-02-01,4,6,569.67,227.88,False
680,1550,2025-08-29,2,6,434.67,173.88,False
680,10007,2025-06-13,2,2,179.89,71.96,False
680,12708,2025-04-27,4,7,837.93,335.2,False
680,6629,2024-12-22,4,7,739.66,295.88,True
680,12896,2024-09-28,1,3,389.7,155.88,False
680,8544,2024-07-11,2,4,379.78,151.92,False
680,2243,2023-11-08,3,7,679.48,271.8,False
680,11737,2023-03-26,2,6,599.67,239.88,False
680,4103,2023-02-18,1,2,79.8,31.92,True
680,13896,2023-01-24,4,8,949.65,379.88,False
680,6782,2022-12-15,4,10,1189.9,476.0,False
680,11452,2022-11-02,4,10,499.81,199.96,True
680,3079,2022-05-30,2,3,659.97,264.0,False
680,1813,2021-11-11,2,4,319.96,128.0,True
680,4447,2021-06-28,3,6,649.85,259.96,True
680,5392,2021-06-09,3,6,509.49,203.8,True
680,5499,2021-05-10,4,7,855.93,342.4,False
680,12045,2021-02-17,3,5,729.95,292.0,False
680,4533,2020-11-28,4,6,776.76,310.72,False
680,11219,2020-11-07,1,1,25.99,10.4,False
680,13404,2020-10-28,4,9,1024.55,409.84,False
680,1200,2020-10-03,3,6,999.94,400.0,False
680,7186,2020-09-22,4,7,469.75,187.92,False
680,9263,2020-02-04,1,2,49.8,19.92,False
681,6837,2025-07-29,1,1,39.99,16.0,False
681,11898,2025-03-18,1,2,99.8,39.92,False
681,4210,2025-02-09,4,7,729.84,291.96,False
681,14277,2024-11-08,4,7,1229.84,491.96,False
681,9222,2024-08-13,2,4,439.96,176.0,False
681,5364,2024-07-29,4,9,985.19,394.08,True
681,8656,2024-01-19,3,5,1249.95,500.0,False
681,427,2023-11-29,1,2,99.98,40.0,False
681,13151,2023-07-17,2,2,109.98,44.0,True
681,3370,2023-06-29,1,3,599.7,239.88,False
681,11616,2023-05-25,3,5,529.77,211.92,False
681,3715,2022-12-06,3,5,909.95,364.0,False
681,2319,2022-10-18,3,7,1099.75,439.92,True
681,3632,2022-07-27,2,4,999.96,400.0,False
681,8703,2022-06-26,3,4,154.87,61.96,False
681,3471,2022-06-12,1,2,179.98,72.0,True
681,4659,2022-01-23,3,5,479.77,191.92,False
681,8623,2021-05-11,2,3,94.88,37.96,False
681,13344,2020-09-18,3,5,399.68,159.88,False
681,533,2020-09-08,4,9,837.91,335.2,False
681,4330,2020-07-25,2,4,649.69,259.88,False
682,1356,2025-10-18,2,5,609.95,244.0,False
682,8533,2025-05-23,4,9,514.37,205.76,False
682,12446,2024-09-15,2,6,629.67,251.88,False
682,5555,2024-06-12,4,10,1059.45,423.8,False
682,3437,2024-01-27,3,3,229.88,91.96,False
682,9009,2023-04-02,3,5,1109.95,444.0,False
682,11564,2023-01-16,3,9,1319.91,528.0,False
682,3325,2022-11-20,2,4,319.96,128.0,True
682,10702,2022-09-08,4,8,1221.92,488.8,False
682,1963,2022-09-03,1,3,749.97,300.0,False
682,14255,2022-08-27,1,2,499.98,200.0,False
682,14177,2022-02-17,3,5,819.86,327.96,False
682,8556,2022-02-05,4,8,454.65,181.88,False
682,3583,2021-12-13,3,5,441.95,176.8,False
682,1327,2021-12-08,2,4,299.96,120.0,False
682,4092,2021-07-19,4,10,784.54,313.84,False
682,3135,2020-09-06,2,3,349.97,140.0,False
682,14630,2020-06-30,3,4,709.96,284.0,False
683,7025,2025-07-03,1,3,569.97,228.0,False
683,5184,2025-03-08,4,8,769.38,307.76,False
683,2117,2025-01-06,3,4,271.96,108.8,False
683,2954,2025-01-01,3,5,559.95,224.0,False
683,5928,2024-07-29,2,4,339.6,135.84,False
683,13103,2024-03-24,4,8,374.92,150.0,False
683,12610,2024-02-03,1,3,599.7,239.88,False
683,2609,2023-09-29,2,3,399.88,159.96,False
683,11994,2023-04-21,3,8,467.92,187.2,True
683,1980,2022-07-14,2,4,849.87,339.96,False
683,10676,2021-12-07,1,1,149.9,59.96,False
683,13010,2021-11-09,4,8,579.65,231.88,False
683,6053,2021-07-13,3,7,729.57,291.84,False
683,11771,2021-05-05,4,10,599.72,239.92,False
683,3732,2020-08-31,2,6,1199.94,480.0,False
683,8457,2020-08-23,3,7,157.93,63.2,False
684,10333,2025-03-13,3,8,994.92,398.0,False
684,9625,2023-11-08,1,3,359.7,143.88,False
684,9103,2023-02-26,4,7,829.75,331.92,False
684,6397,2022-09-30,3,4,679.96,272.0,False
684,7465,2022-08-31,4,8,449.92,180.0,False
684,10005,2022-07-22,1,3,74.7,29.88,False
684,12214,2022-04-22,2,4,609.96,244.0,False
684,7116,2022-04-01,4,8,1009.92,404.0,True
684,14679,2022-01-05,2,3,149.7,59.88,True
684,13610,2021-11-30,2,5,609.95,244.0,False
684,9759,2021-09-09,1,1,129.99,52.0,False
684,1527,2021-08-18,3,7,1409.93,564.0,False
684,4585,2021-08-02,1,2,319.98,128.0,False
684,14353,2021-05-30,3,3,304.79,121.92,False
684,2757,2020-07-29,2,5,154.5,61.8,True
684,4724,2020-04-26,1,2,39.98,16.0,True
684,6949,2020-02-26,3,8,889.2,355.68,False
684,5620,2020-01-12,4,9,1029.55,411.84,False
685,6292,2025-07-10,4,10,1704.54,681.84,False
685,967,2025-05-27,4,8,969.74,387.92,False
685,9663,2025-03-14,4,10,694.27,277.72,True
685,4329,2025-02-13,4,9,639.73,255.92,False
685,9690,2024-10-18,1,1,249.99,100.0,False
685,12321,2024-06-11,1,2,239.98,96.0,False
685,12807,2024-05-08,2,6,659.67,263.88,False
685,8957,2024-02-12,3,6,459.67,183.88,False
685,7183,2023-09-20,3,6,989.85,395.96,False
685,4038,2022-08-05,4,7,1029.66,411.88,False
685,3091,2022-03-26,1,1,34.99,14.0,False
685,1945,2021-11-26,4,7,1769.93,708.0,False
685,5643,2020-07-19,1,2,399.8,159.92,False
685,2326,2020-06-03,4,7,519.66,207.88,False
685,4182,2020-04-05,1,3,269.97,108.0,False
686,6761,2025-10-07,1,2,49.98,20.0,False
686,5856,2025-09-20,1,3,179.97,72.0,False
686,9420,2025-01-13,1,3,149.97,60.0,False
686,6531,2024-02-07,4,7,569.66,227.88,False
686,9241,2023-12-04,2,5,339.77,135.92,False
686,555,2023-11-06,4,5,919.86,367.96,False
686,1462,2023-10-27,1,3,1199.97,480.0,True
686,9692,2023-09-26,2,5,559.95,224.0,False
686,13854,2023-04-28,2,4,739.96,296.0,False
686,14069,2023-04-05,3,5,699.95,280.0,False
686,14564,2022-05-27,4,7,824.66,329.88,False
686,3797,2022-05-15,2,3,349.88,139.96,False
686,7208,2022-04-07,1,1,179.99,72.0,False
686,6389,2022-02-23,1,2,99.98,40.0,False
686,4757,2021-09-30,2,3,229.79,91.92,False
686,8940,2021-04-30,2,3,509.97,204.0,False
686,2156,2021-02-05,1,3,74.97,30.0,False
686,4648,2020-12-07,1,3,899.97,360.0,False
686,13955,2020-09-21,3,4,229.69,91.88,False
686,8335,2020-02-01,4,8,999.65,399.88,False
686,8669,2020-01-16,3,5,509.95,204.0,False
686,126,2020-01-07,2,3,739.97,296.0,False
687,5666,2025-12-22,1,1,119.99,48.0,False
687,1411,2025-12-21,2,3,729.97,292.0,False
687,11096,2025-12-17,4,8,1139.83,455.96,True
687,14795,2025-09-17,1,3,479.97,192.0,False
687,13692,2025-09-14,1,2,59.98,24.0,False
687,7690,2025-08-06,1,1,69.99,28.0,False
687,4595,2025-06-15,3,8,739.2,295.68,False
687,5709,2025-05-15,3,8,569.65,227.88,False
687,14166,2025-05-04,4,7,1281.84,512.76,False
687,3090,2024-12-31,3,6,619.94,248.0,False
687,1133,2024-09-04,1,2,99.8,39.92,False
687,4944,2024-08-17,3,4,699.96,280.0,False
687,11799,2023-11-30,2,4,389.69,155.88,False
687,1566,2023-09-05,1,3,119.7,47.88,False
687,12879,2023-03-04,4,9,529.91,212.0,False
687,4784,2023-02-24,3,5,189.68,75.88,False
687,2693,2022-12-30,4,11,1759.44,703.8,True
687,9304,2022-04-14,3,7,1039.75,415.92,False
687,14980,2022-03-29,1,1,149.99,60.0,False
687,7063,2022-03-18,1,3,59.97,24.0,False
687,628,2022-01-25,3,5,629.5,251.8,False
687,7356,2021-12-14,3,7,1119.57,447.84,False
687,5995,2021-07-08,1,2,299.98,120.0,False
687,9429,2021-06-11,1,2,59.98,24.0,False
687,7269,2021-05-09,1,1,54.9,21.96,False
687,680,2021-03-20,2,3,429.97,172.0,False
687,11059,2021-01-31,1,3,209.97,84.0,False
687,9312,2021-01-29,4,7,544.66,217.88,False
687,13334,2020-07-31,4,9,649.64,259.88,False
688,8748,2025-12-09,2,6,347.94,139.2,False
688,2194,2025-08-29,1,3,899.97,360.0,False
688,2842,2025-07-18,4,7,819.75,327.92,False
688,7197,2025-05-17,3,7,619.57,247.84,False
688,14136,2025-03-17,3,7,309.66,123.88,False
688,11845,2025-03-10,3,8,2069.92,828.0,False
688,12945,2024-10-05,4,11,929.62,371.88,False
688,13263,2024-08-04,1,3,179.97,72.0,False
688,1170,2024-06-29,3,6,599.94,240.0,False
688,10552,2023-07-14,2,4,499.96,200.0,False
688,2841,2023-07-07,4,7,749.75,299.92,False
688,5133,2022-12-21,4,5,799.86,319.96,False
688,3087,2022-03-14,1,3,239.97,96.0,False
688,4215,2021-12-31,2,2,94.98,38.0,False
688,10308,2021-10-29,3,7,539.75,215.92,False
688,1729,2021-04-20,3,4,239.96,96.0,False
688,8482,2021-02-04,3,6,549.76,219.92,True
688,12570,2021-01-16,1,2,139.98,56.0,False
688,8831,2020-11-26,1,1,29.99,12.0,False
688,8351,2020-09-23,3,8,664.47,265.8,False
688,4379,2020-09-14,4,8,1039.83,415.96,False
689,13839,2025-11-01,4,7,969.75,387.92,False
689,9654,2025-09-17,1,2,59.98,24.0,False
689,5357,2025-07-01,1,2,51.98,20.8,False
689,5069,2025-06-05,2,5,409.77,163.92,False
689,12400,2025-03-11,1,2,499.98,200.0,False
689,1147,2025-03-05,4,8,919.92,368.0,True
689,6833,2024-12-17,3,8,734.47,293.8,False
689,10408,2024-12-10,3,6,369.94,148.0,False
689,13767,2024-04-22,1,3,149.97,60.0,False
689,306,2024-02-23,4,10,1349.36,539.76,False
689,13248,2023-08-31,2,3,204.79,81.92,False
689,10346,2023-07-19,1,1,299.99,120.0,False
689,4589,2022-12-19,1,3,359.7,143.88,False
689,8455,2022-03-08,1,3,59.97,24.0,False
689,4331,2022-03-03,4,8,489.65,195.88,False
689,7274,2022-02-18,2,5,509.68,203.88,False
689,10750,2021-11-26,3,4,449.96,180.0,False
689,434,2021-04-27,2,5,249.68,99.88,False
689,12942,2021-04-27,1,2,139.8,55.92,False
689,14258,2021-04-01,1,3,539.97,216.0,False
689,1458,2020-08-24,3,8,589.92,236.0,False
689,5091,2020-08-13,1,3,119.7,47.88,False
689,12391,2020-02-26,3,5,479.68,191.88,False
689,10030,2020-01-13,4,6,859.94,344.0,False
690,4414,2025-08-08,2,5,139.77,55.92,False
690,4729,2025-08-05,2,4,419.96,168.0,False
690,14846,2025-06-28,2,4,699.96,280.0,False
690,11826,2025-04-29,4,7,1029.93,412.0,False
690,3617,2024-12-14,1,1,349.99,140.0,False
690,9174,2024-09-24,1,2,199.8,79.92,False
690,14702,2023-09-19,4,9,1209.91,484.0,False
690,10996,2023-05-26,4,11,1579.44,631.8,False
690,5193,2022-08-26,4,6,1129.94,452.0,False
690,3298,2022-06-22,1,2,59.98,24.0,False
690,5370,2022-04-14,2,4,999.96,400.0,False
690,12573,2021-12-27,4,7,219.75,87.92,False
690,12882,2021-10-15,4,7,374.84,149.96,False
690,3574,2021-07-18,1,1,129.99,52.0,False
690,14668,2020-12-06,4,10,1309.9,524.0,False
690,7138,2020-08-17,1,3,77.97,31.2,False
691,167,2025-11-17,1,3,239.97,96.0,False
691,5629,2025-10-15,3,7,729.84,291.96,False
691,3503,2024-12-04,3,8,2099.92,840.0,True
691,7682,2024-10-04,3,5,389.95,156.0,False
691,12580,2024-08-13,2,5,289.95,116.0,False
691,4430,2023-10-09,1,1,119.99,48.0,False
691,4125,2023-09-03,3,5,409.95,164.0,False
691,11408,2023-08-17,1,3,179.97,72.0,False
691,786,2023-05-19,3,5,254.95,102.0,True
691,12380,2023-03-30,2,3,359.97,144.0,False
691,9618,2022-09-06,3,7,659.66,263.88,False
691,14892,2022-06-27,3,5,569.95,228.0,False
691,8089,2022-06-23,3,6,669.94,268.0,False
691,12177,2022-06-17,4,7,1319.66,527.88,False
691,8628,2022-01-13,3,5,359.77,143.92,False
691,10185,2021-07-26,4,6,639.85,255.96,False
691,482,2021-07-13,3,7,789.93,316.0,False
691,251,2021-07-08,1,3,449.97,180.0,False
691,5917,2020-09-19,4,8,1379.92,552.0,False
692,1358,2025-07-09,1,2,299.98,120.0,False
692,1889,2024-09-06,3,4,709.96,284.0,False
692,11209,2024-07-09,1,3,389.7,155.88,False
692,322,2023-11-30,4,6,709.58,283.84,False
692,195,2023-08-28,3,8,1079.92,432.0,False
692,2905,2023-07-30,2,2,179.98,72.0,False
692,10302,2023-03-17,4,8,1449.92,580.0,False
692,7664,2022-12-05,1,2,79.8,31.92,False
692,4070,2022-09-08,2,3,289.88,115.96,True
692,1521,2022-07-31,2,5,169.77,67.92,False
692,9436,2022-04-25,1,2,79.98,32.0,False
692,7089,2022-02-12,1,3,419.97,168.0,False
692,11774,2022-01-01,3,6,519.94,208.0,False
692,817,2021-09-27,1,2,79.8,31.92,False
692,11920,2021-07-01,3,6,1539.85,615.96,False
692,10627,2020-12-05,1,1,149.99,60.0,False
692,10108,2020-10-27,1,2,159.98,64.0,False
692,12638,2020-09-29,2,3,439.79,175.92,False
692,10877,2020-06-18,1,2,319.98,128.0,False
693,779,2025-12-19,3,6,939.76,375.92,True
693,10356,2025-02-22,3,4,524.69,209.88,False
693,4793,2024-04-25,1,2,379.98,152.0,False
693,3743,2024-04-15,4,7,769.93,308.0,False
693,8958,2023-12-01,1,3,1049.97,420.0,False
693,9611,2023-06-05,1,2,259.98,104.0,False
693,4965,2023-05-28,1,1,19.99,8.0,False
693,10256,2023-02-25,1,3,449.7,179.88,False
693,13879,2023-02-05,3,6,1199.76,479.92,False
693,11598,2023-01-28,4,7,679.84,271.96,False
693,7354,2023-01-05,4,7,979.84,391.96,False
693,4555,2022-08-21,4,9,859.64,343.88,False
693,1910,2022-08-06,2,4,299.96,120.0,False
693,10959,2022-04-16,3,5,389.77,155.92,False
693,4949,2021-12-20,1,3,164.7,65.88,False
693,72,2021-09-19,4,10,1709.36,683.76,False
693,12858,2021-07-08,3,8,529.47,211.8,False
693,130,2021-05-26,4,5,629.77,251.92,False
693,6242,2021-02-20,3,6,984.67,393.88,False
693,7324,2021-02-14,4,9,1219.91,488.0,True
693,12796,2020-11-20,4,7,839.93,336.0,False
693,7015,2020-09-16,4,7,789.75,315.92,False
693,12784,2020-07-13,3,5,269.59,107.84,False
693,551,2020-04-29,3,5,599.95,240.0,False
694,9581,2025-11-02,4,6,419.58,167.84,False
694,1621,2025-07-23,4,9,679.64,271.88,False
694,14408,2025-02-20,4,9,624.64,249.88,False
694,14212,2025-02-06,3,5,1174.86,469.96,True
694,10848,2025-01-26,4,7,1039.93,416.0,False
694,5996,2025-01-18,2,6,824.94,330.0,False
694,9415,2024-12-20,4,9,1119.91,448.0,False
694,985,2024-06-10,3,8,474.92,190.0,False
694,670,2024-01-06,4,6,519.76,207.92,False
694,800,2023-06-29,3,6,659.49,263.8,False
694,3619,2023-06-03,3,6,649.94,260.0,False
694,4504,2023-01-03,4,9,1579.91,632.0,False
694,9723,2022-12-24,4,7,1199.93,480.0,False
694,13006,2022-09-09,4,11,824.35,329.76,True
694,7006,2021-08-16,1,1,89.9,35.96,False
694,1290,2021-07-06,4,10,1419.9,568.0,False
694,9286,2021-05-30,2,4,1299.96,520.0,False
694,13815,2021-05-03,2,5,144.95,58.0,False
694,9319,2021-02-08,3,4,369.96,148.0,False
694,13279,2020-04-21,3,6,719.94,288.0,True
694,9346,2020-01-03,2,3,159.97,64.0,False
695,13107,2025-12-28,2,3,599.79,239.92,False
695,10898,2025-06-06,3,6,1079.58,431.84,False
695,7298,2025-05-30,2,4,189.87,75.96,False
695,4032,2025-04-25,2,3,119.97,48.0,False
695,7421,2025-01-27,4,10,1659.9,664.0,False
695,6766,2025-01-15,1,3,449.97,180.0,False
695,11321,2024-10-28,2,5,244.77,97.92,False
695,14956,2024-09-11,3,6,289.58,115.84,False
695,9774,2023-09-27,2,4,439.96,176.0,False
695,2286,2023-04-16,3,6,1129.94,452.0,False
695,3382,2023-03-18,2,2,259.89,103.96,False
695,6529,2023-02-28,2,2,329.98,132.0,False
695,12082,2023-02-28,1,1,59.99,24.0,False
695,10463,2023-01-19,3,5,509.77,203.92,True
695,13918,2023-01-02,3,4,819.87,327.96,False
695,11281,2022-10-25,3,4,479.87,191.96,False
695,3386,2022-09-12,1,3,59.97,24.0,False
695,3752,2022-06-06,4,9,1729.73,691.92,False
695,7051,2021-11-20,1,3,419.97,168.0,False
695,5662,2021-07-08,3,7,1029.75,411.92,False
695,1073,2020-11-18,3,7,899.93,360.0,False
695,7694,2020-10-12,4,6,999.94,400.0,True
695,361,2020-04-10,3,6,404.67,161.88,False
696,5649,2025-10-25,1,2,199.98,80.0,False
696,565,2025-02-24,1,3,209.97,84.0,False
696,6470,2024-05-31,1,2,79.8,31.92,False
696,9921,2024-01-27,3,7,1189.93,476.0,False
696,14091,2023-10-02,2,5,769.77,307.92,False
696,7515,2023-05-31,1,3,59.97,24.0,False
696,7988,2022-12-04,4,8,1049.92,420.0,False
696,9749,2022-08-12,1,3,149.7,59.88,False
696,10516,2022-03-20,2,4,579.78,231.92,False
696,10433,2021-10-28,2,4,169.69,67.88,False
696,9098,2021-08-26,3,6,344.67,137.88,True
696,1532,2021-04-30,2,6,419.94,168.0,False
696,8051,2021-03-31,4,7,889.93,356.0,False
696,4629,2020-12-02,4,6,364.85,145.96,False
696,5955,2020-11-24,4,8,644.38,257.76,False
696,2000,2020-11-04,4,6,559.94,224.0,False
696,13783,2020-09-21,4,9,419.64,167.88,False
696,4785,2020-03-22,4,11,1249.44,499.8,False
696,2098,2020-02-19,1,1,199.99,80.0,False
697,3375,2025-10-05,2,2,199.98,80.0,False
697,12475,2025-09-06,2,3,279.88,111.96,False
697,1115,2025-04-18,4,7,539.75,215.92,False
697,5155,2024-11-01,1,3,149.7,59.88,False
697,3384,2024-03-06,1,2,119.98,48.0,False
697,1011,2023-09-21,2,5,199.77,79.92,True
697,7766,2023-07-31,1,1,69.99,28.0,False
697,5001,2023-07-20,4,9,1279.91,512.0,False
697,8143,2023-06-20,3,9,1949.64,779.88,False
697,14344,2023-03-17,2,4,109.69,43.88,True
697,13187,2022-08-29,1,1,49.99,20.0,False
697,2786,2022-07-27,3,7,1004.66,401.88,False
697,2432,2021-12-26,2,5,539.95,216.0,False
697,11307,2021-12-11,2,3,164.79,65.92,False
697,6159,2021-10-27,4,9,1149.91,460.0,False
697,12361,2021-10-11,3,6,1849.94,740.0,True
697,7120,2021-04-05,3,3,449.88,179.96,False
697,14168,2021-03-17,2,4,459.96,184.0,False
697,14454,2020-11-12,2,4,759.69,303.88,False
697,5959,2020-04-24,4,11,1487.89,595.2,True
698,9571,2025-11-24,2,5,979.77,391.92,False
698,2927,2025-08-21,2,3,659.97,264.0,True
698,9884,2024-12-01,1,2,139.98,56.0,False
698,10314,2024-08-30,1,1,89.9,35.96,False
698,13972,2024-08-09,2,5,339.77,135.92,False
698,7109,2024-06-29,1,2,79.98,32.0,False
698,5739,2023-12-01,4,9,1299.64,519.88,False
698,866,2023-04-02,1,2,79.98,32.0,False
698,13307,2022-08-22,2,4,234.69,93.88,True
698,3588,2022-05-28,2,4,319.96,128.0,False
698,6982,2022-01-29,3,5,465.77,186.32,False
698,13378,2021-12-17,1,1,59.99,24.0,False
698,2531,2021-09-22,1,3,419.97,168.0,False
698,5535,2021-07-03,4,9,854.91,342.0,False
698,11690,2021-05-30,1,2,399.98,160.0,False
698,12917,2021-04-05,3,7,614.66,245.88,True
698,14121,2021-02-14,2,4,349.96,140.0,False
698,3424,2020-09-29,2,5,439.77,175.92,False
698,12811,2020-04-13,4,4,529.87,211.96,False
698,9677,2020-01-07,4,7,689.75,275.92,False
699,14403,2025-08-04,2,6,1499.94,600.0,False
699,3109,2025-07-16,1,1,99.9,39.96,False
699,1422,2025-05-24,1,1,59.99,24.0,False
699,10699,2025-02-02,3,7,925.93,370.4,False
699,13439,2024-08-19,4,8,729.47,291.8,False
699,6552,2024-07-13,4,8,677.74,271.12,False
699,525,2024-07-01,2,5,259.77,103.92,False
699,11045,2024-01-18,2,5,419.95,168.0,False
699,6246,2023-12-13,3,6,725.94,290.4,False
699,14213,2023-09-22,2,3,184.97,74.0,False
699,7625,2023-08-05,4,8,1229.83,491.96,False
699,2009,2023-04-26,4,11,544.17,217.68,False
699,6775,2022-09-03,1,2,179.98,72.0,False
699,1131,2022-07-10,2,2,139.98,56.0,False
699,8452,2022-06-27,4,9,734.64,293.88,True
699,14462,2022-03-29,4,10,1919.63,767.88,False
699,2559,2022-02-04,3,6,387.94,155.2,True
699,3070,2022-01-25,2,4,559.96,224.0,False
699,13942,2021-11-19,3,4,499.96,200.0,True
699,14559,2021-08-29,2,5,629.95,252.0,False
699,10976,2021-08-11,2,4,599.69,239.88,False
699,13588,2021-08-07,1,2,109.8,43.92,False
699,2500,2021-06-15,1,2,59.98,24.0,False
699,6102,2021-05-24,3,6,679.85,271.96,False
700,9007,2025-10-29,2,4,164.69,65.88,False
700,9282,2025-10-23,2,5,229.95,92.0,False
700,14578,2025-09-30,4,8,1494.65,597.88,False
700,7787,2025-09-12,1,1,69.99,28.0,False
700,4224,2025-08-03,3,7,479.93,192.0,False
700,222,2025-04-29,2,2,189.89,75.96,False
700,5976,2025-01-18,4,9,809.55,323.84,False
700,12444,2024-11-20,4,10,774.45,309.8,True
700,2166,2024-08-08,3,5,589.77,235.92,True
700,1718,2024-05-24,2,3,249.88,99.96,False
700,6699,2024-02-20,1,3,899.97,360.0,False
700,10271,2023-12-22,3,7,509.66,203.88,False
700,3064,2023-09-25,2,4,409.96,164.0,False
700,4388,2023-09-20,2,5,769.95,308.0,True
700,4435,2023-04-27,1,3,1199.97,480.0,False
700,11461,2022-04-15,3,5,409.77,163.92,False
700,367,2021-08-23,1,2,599.98,240.0,False
700,6298,2021-05-03,3,7,1347.84,539.16,True
700,5808,2020-12-28,3,5,714.95,286.0,True
700,6379,2020-12-16,4,8,1389.83,555.96,False
701,2653,2024-03-04,3,7,699.93,280.0,False
701,11372,2023-11-03,1,2,79.98,32.0,False
701,9010,2023-04-14,4,9,929.37,371.76,False
701,5105,2023-03-06,1,1,19.99,8.0,False
701,13696,2022-11-17,4,11,1459.62,583.88,False
701,8472,2022-04-11,3,5,409.5,163.8,False
701,4617,2022-04-08,3,8,1169.92,468.0,False
701,3968,2022-02-13,2,5,429.68,171.88,False
701,9347,2022-02-06,1,2,159.98,64.0,False
701,6800,2021-07-13,2,3,269.79,107.92,False
701,12780,2021-05-05,1,1,89.9,35.96,False
701,382,2021-03-18,2,2,149.98,60.0,False
701,3713,2021-02-15,3,8,689.92,276.0,False
701,13533,2020-12-18,2,5,1049.95,420.0,False
701,10754,2020-10-09,2,5,639.95,256.0,False
701,7432,2020-07-23,1,1,399.99,160.0,False
701,12088,2020-05-20,1,3,239.97,96.0,False
702,7308,2025-09-11,1,1,129.9,51.96,False
702,20,2024-05-29,4,5,749.68,299.88,False
702,478,2024-04-02,3,5,309.68,123.88,False
702,3337,2023-10-13,4,9,811.64,324.68,False
702,5075,2023-09-25,2,3,559.97,224.0,False
702,7742,2023-09-16,4,10,534.63,213.88,False
702,14220,2023-01-12,3,5,279.77,111.92,False
702,13740,2022-10-24,4,7,949.84,379.96,False
702,4105,2022-09-08,4,11,1159.62,463.88,True
702,1675,2022-02-02,4,7,334.93,134.0,False
702,1077,2022-01-27,3,5,459.68,183.88,False
702,12096,2021-12-21,4,9,1569.55,627.84,False
702,6664,2021-11-22,3,5,269.68,107.88,False
702,6083,2021-09-20,1,3,269.97,108.0,False
702,3036,2021-05-18,1,3,149.97,60.0,False
702,10858,2021-04-11,4,5,419.86,167.96,False
702,13038,2021-01-27,1,1,89.99,36.0,False
702,6183,2020-12-24,3,8,679.47,271.8,True
702,5302,2020-10-09,3,3,334.79,133.92,False
702,2502,2020-07-24,4,7,929.57,371.84,False
702,7613,2020-04-22,3,6,559.67,223.88,False
703,6116,2025-04-16,1,1,24.99,10.0,False
703,5753,2024-04-10,4,6,869.67,347.88,False
703,8643,2023-07-11,3,7,559.75,223.92,False
703,12742,2023-01-31,2,3,339.97,136.0,False
703,1503,2022-11-24,2,5,429.95,172.0,False
703,2648,2022-08-25,4,6,514.67,205.88,False
703,3751,2022-06-10,4,10,629.9,252.0,True
703,5742,2022-01-18,2,5,111.95,44.8,True
703,1136,2021-07-18,4,8,769.83,307.96,False
703,12527,2021-06-30,2,6,449.67,179.88,False
703,13790,2021-06-19,4,8,657.92,263.2,False
703,8514,2021-04-29,2,5,1039.95,416.0,True
703,9226,2020-12-27,3,4,509.87,203.96,False
703,12038,2020-10-26,4,11,1159.71,463.92,False
703,11347,2020-04-25,4,11,1144.71,457.92,False
704,4278,2025-11-02,1,2,79.98,32.0,False
704,179,2025-03-23,3,5,419.77,167.92,False
704,13689,2024-12-12,1,2,199.8,79.92,False
704,9816,2024-09-13,4,8,1929.92,772.0,False
704,9164,2024-09-06,2,2,179.98,72.0,True
704,11678,2024-03-13,3,7,434.93,174.0,False
704,11520,2023-10-29,4,7,639.84,255.96,False
704,3963,2022-06-01,1,1,69.99,28.0,False
704,10705,2021-10-18,2,3,524.88,209.96,False
704,1066,2021-04-19,3,4,569.78,227.92,False
704,5698,2021-02-04,3,7,419.66,167.88,False
704,12647,2020-10-25,1,2,99.98,40.0,False
704,12913,2020-10-15,4,7,719.93,288.0,False
704,14910,2020-07-02,1,3,479.97,192.0,False
704,5028,2020-06-10,1,3,119.7,47.88,False
704,4959,2020-04-23,2,4,189.87,75.96,False
705,10232,2025-12-21,4,5,479.95,192.0,False
705,10921,2025-07-29,2,3,549.97,220.0,False
705,14902,2025-06-09,3,9,689.64,275.88,False
705,2698,2025-04-02,2,4,799.96,320.0,False
705,11513,2024-10-31,4,10,1029.72,411.92,False
705,6444,2024-07-02,2,5,699.68,279.88,False
705,12611,2024-07-02,2,6,959.94,384.0,False
705,6017,2024-06-08,1,2,159.98,64.0,False
705,13297,2024-05-26,3,4,279.78,111.92,False
705,5944,2023-12-19,2,6,569.94,228.0,True
705,446,2023-09-17,1,3,299.7,119.88,False
705,231,2022-07-10,3,4,549.87,219.96,False
705,9290,2022-06-23,3,8,1119.2,447.68,False
705,9802,2022-01-26,4,10,729.9,292.0,True
705,4214,2021-08-04,1,3,1049.97,420.0,False
705,13763,2021-05-11,4,8,1005.92,402.4,False
706,5284,2025-05-15,1,2,99.98,40.0,False
706,3276,2025-03-05,2,3,259.79,103.92,False
706,3148,2024-11-25,2,4,925.96,370.4,False
706,8001,2024-11-07,2,3,149.7,59.88,False
706,5482,2023-11-25,1,1,34.99,14.0,False
706,5974,2023-10-08,2,5,379.95,152.0,False
706,14769,2023-05-10,4,10,794.45,317.8,False
706,4786,2023-03-30,2,4,609.96,244.0,False
706,6047,2023-03-13,4,7,924.93,370.0,True
706,4057,2022-12-01,2,5,204.95,82.0,False
706,1514,2022-09-05,4,9,556.28,222.52,False
706,7640,2022-08-24,3,5,309.95,124.0,False
706,1487,2022-06-28,2,2,169.8,67.92,False
706,3741,2021-12-06,2,3,899.88,359.96,False
706,13699,2021-11-19,1,3,299.7,119.88,False
706,3168,2021-09-14,1,3,239.97,96.0,False
706,6109,2021-08-16,4,9,674.64,269.88,False
706,215,2021-05-16,4,5,489.68,195.88,False
706,3762,2021-01-03,3,9,1679.64,671.88,True
706,3697,2020-12-11,2,4,475.69,190.28,False
706,11632,2020-07-25,4,9,1419.64,567.88,False
706,13419,2020-06-09,4,8,1709.92,684.0,False
707,13250,2025-06-27,3,7,549.48,219.8,False
707,9235,2025-04-01,4,9,839.73,335.92,True
707,12143,2025-01-22,3,7,899.57,359.84,False
707,13607,2024-10-28,3,6,639.49,255.8,False
707,5885,2023-10-24,1,3,269.97,108.0,False
707,13599,2023-09-08,2,4,309.6,123.84,False
707,2617,2023-08-10,2,6,749.67,299.88,False
707,152,2023-05-10,1,2,79.8,31.92,False
707,5868,2022-07-22,2,4,589.6,235.84,False
707,11572,2022-07-08,2,4,184.69,73.88,False
707,14882,2021-10-23,1,1,199.9,79.96,True
707,11981,2021-06-06,1,2,179.98,72.0,False
707,715,2021-04-01,2,3,379.79,151.92,False
707,9694,2020-06-05,2,5,319.77,127.92,True
707,3332,2020-01-13,1,2,159.98,64.0,False
708,8679,2025-07-06,3,7,679.57,271.84,False
708,10492,2025-06-09,3,6,749.85,299.96,True
708,14199,2025-04-25,1,2,239.98,96.0,False
708,14807,2024-09-30,4,7,699.3,279.72,False
708,11676,2024-08-20,1,2,39.98,16.0,False
708,8495,2024-01-27,2,4,439.96,176.0,False
708,17,2024-01-08,4,7,414.66,165.88,False
708,6887,2023-12-17,3,5,609.86,243.96,False
708,14775,2023-12-02,2,4,249.78,99.92,False
708,6771,2023-10-23,1,1,19.99,8.0,False
708,13426,2023-09-06,3,6,539.76,215.92,False
708,6855,2023-05-20,1,3,359.97,144.0,False
708,11881,2023-04-30,3,5,534.86,213.96,False
708,6875,2022-06-09,4,7,609.93,244.0,False
708,10077,2022-03-22,1,1,299.99,120.0,False
708,13451,2022-02-13,4,7,929.66,371.88,True
708,6794,2022-01-13,1,1,54.9,21.96,False
708,5729,2021-06-04,2,5,1379.95,552.0,False
708,2771,2020-11-05,1,3,149.7,59.88,False
708,2741,2020-10-22,3,4,639.96,256.0,False
708,6827,2020-06-28,4,9,1719.64,687.88,False
708,2909,2020-05-27,1,3,104.97,42.0,False
709,5262,2025-12-22,2,4,204.87,81.96,False
709,2144,2025-10-18,3,3,484.97,194.0,False
709,3486,2024-12-10,3,5,454.59,181.84,True
709,1531,2024-05-25,3,7,1439.93,576.0,True
709,3789,2024-05-16,2,3,379.97,152.0,False
709,6015,2024-01-23,3,7,674.66,269.88,False
709,3657,2023-12-27,4,8,2259.92,904.0,False
709,1450,2023-09-05,1,1,34.99,14.0,False
709,9112,2023-09-02,1,3,179.97,72.0,False
709,2335,2023-03-28,4,8,1439.47,575.8,True
709,2205,2023-01-12,4,9,1269.82,507.96,True
709,5436,2022-06-28,1,2,259.8,103.92,False
709,14014,2022-01-25,1,2,359.98,144.0,False
709,8910,2021-09-26,3,5,999.95,400.0,False
709,9687,2021-08-10,4,10,1619.63,647.88,False
709,7854,2021-08-02,4,6,659.58,263.84,False
709,10475,2020-08-24,1,2,159.98,64.0,False
709,10829,2020-08-05,2,5,159.95,64.0,False
709,5229,2020-02-09,4,5,699.86,279.96,False
709,6152,2020-01-18,4,9,1569.64,627.88,False
710,7083,2025-11-19,2,5,779.95,312.0,False
710,122,2025-02-27,4,7,819.84,327.96,False
710,2475,2024-09-02,4,8,724.56,289.84,False
710,6300,2024-08-25,3,6,349.4,139.76,False
710,14629,2024-02-10,1,1,25.99,10.4,False
710,14655,2023-12-09,1,2,359.98,144.0,False
710,654,2023-11-23,4,7,504.66,201.88,False
710,509,2022-12-01,2,4,299.78,119.92,False
710,10644,2022-10-07,1,3,389.97,156.0,False
710,9311,2022-03-18,2,5,569.95,228.0,False
710,9981,2022-02-10,1,1,129.99,52.0,False
710,12778,2020-10-08,3,6,459.76,183.92,True
710,11290,2020-08-14,4,6,279.58,111.84,False
710,10400,2020-01-26,2,4,157.96,63.2,False
710,4735,2020-01-15,3,5,359.68,143.88,True
711,9686,2025-08-20,3,6,344.67,137.88,False
711,13760,2025-04-02,4,5,949.86,379.96,True
711,10123,2024-01-01,3,9,1799.91,720.0,False
711,13496,2023-09-07,1,3,209.97,84.0,False
711,14779,2023-06-10,2,4,179.69,71.88,False
711,5790,2023-05-12,3,5,489.77,195.92,False
711,14330,2022-12-01,3,6,779.76,311.92,False
711,6361,2022-07-04,4,10,867.54,347.04,False
711,13901,2022-04-04,1,1,79.99,32.0,False
711,11703,2021-11-23,2,3,239.88,95.96,False
711,7042,2021-03-09,1,1,159.99,64.0,False
711,88,2021-01-07,1,3,209.97,84.0,False
711,3609,2020-10-24,2,2,174.98,70.0,False
711,12460,2020-08-07,2,6,659.67,263.88,False
711,5646,2020-06-16,2,5,357.95,143.2,False
711,782,2020-05-05,3,8,1259.92,504.0,True
711,12250,2020-03-21,1,2,499.98,200.0,False
712,10650,2025-11-13,2,4,559.6,223.84,False
712,8559,2025-10-17,2,3,249.79,99.92,False
712,707,2025-09-19,1,1,39.99,16.0,False
712,4339,2025-08-07,2,2,49.8,19.92,False
712,3122,2025-07-25,3,4,291.96,116.8,False
712,10358,2025-01-20,4,9,959.37,383.76,True
712,942,2024-10-15,3,6,489.94,196.0,False
712,10193,2024-06-26,3,6,459.58,183.84,False
712,760,2024-02-13,4,10,1577.36,630.96,False
712,5799,2023-11-14,1,1,59.99,24.0,False
712,8000,2023-10-21,1,2,179.8,71.92,False
712,4062,2023-07-06,1,2,179.98,72.0,False
712,4667,2022-09-27,1,2,69.98,28.0,False
712,4160,2022-05-26,4,8,859.74,343.92,False
712,2679,2022-02-05,3,7,909.93,364.0,False
712,12918,2021-12-13,3,3,389.97,156.0,False
712,5145,2020-05-18,2,4,99.96,40.0,False
712,8401,2020-03-12,1,3,239.97,96.0,False
712,11308,2020-03-02,3,6,769.94,308.0,False
712,1798,2020-03-01,4,9,744.91,298.0,False
712,312,2020-01-16,2,5,289.95,116.0,True
713,439,2025-05-26,1,3,389.7,155.88,False
713,11175,2025-02-27,4,10,2329.9,932.0,False
713,1640,2024-12-09,1,1,59.99,24.0,False
713,9440,2024-08-15,1,1,159.99,64.0,False
713,14227,2024-07-04,2,2,189.89,75.96,False
713,12986,2024-01-03,2,4,349.6,139.84,False
713,976,2023-11-26,4,8,1019.65,407.88,True
713,13707,2022-12-28,2,4,939.96,376.0,False
713,7611,2022-06-27,2,3,149.7,59.88,False
713,11995,2022-05-02,2,5,1599.77,639.92,False
713,1794,2022-04-17,3,6,1039.76,415.92,False
713,10991,2021-07-08,2,5,899.5,359.8,False
713,4967,2021-02-08,3,5,579.77,231.92,False
713,12922,2021-01-16,3,7,699.93,280.0,False
713,12628,2020-09-11,2,3,399.79,159.92,False
713,4687,2020-03-28,4,8,839.92,336.0,True
714,5670,2025-07-06,2,6,1289.67,515.88,False
714,9167,2025-06-30,4,7,809.84,323.96,True
714,10009,2025-06-11,4,10,974.18,389.68,False
714,2332,2025-03-06,1,2,359.98,144.0,False
714,997,2024-12-02,2,5,489.68,195.88,False
714,10098,2024-07-19,1,3,209.97,84.0,False
714,12910,2023-10-11,3,6,579.85,231.96,False
714,11968,2023-02-11,4,9,1374.64,549.88,False
714,9042,2023-02-04,3,5,609.86,243.96,False
714,9782,2021-10-21,4,10,1789.9,716.0,False
714,8091,2021-09-04,4,8,564.92,226.0,False
714,7897,2021-06-05,3,5,459.86,183.96,False
714,13148,2021-02-17,1,3,119.97,48.0,False
714,11652,2020-07-18,1,2,259.98,104.0,False
714,7915,2020-03-23,2,5,1099.77,439.92,False
715,12008,2025-10-09,3,6,1479.94,592.0,False
715,13982,2024-11-17,4,6,649.85,259.96,False
715,1229,2024-11-15,4,9,839.64,335.88,True
715,12469,2024-03-27,3,6,559.4,223.76,False
715,13677,2023-09-29,1,2,159.98,64.0,False
715,2126,2022-10-27,4,7,959.84,383.96,False
715,1282,2022-09-22,3,9,2039.91,816.0,False
715,14964,2022-02-16,4,8,639.56,255.84,False
715,5368,2021-09-22,3,7,809.93,324.0,False
715,13782,2021-03-06,1,2,699.98,280.0,False
715,3592,2020-12-26,3,5,309.77,123.92,False
715,4431,2020-10-25,1,2,279.98,112.0,False
715,12021,2020-04-02,2,6,239.4,95.76,False
715,6075,2020-03-27,2,2,239.89,95.96,True
715,10189,2020-02-06,2,3,219.97,88.0,False
715,10842,2020-02-02,4,8,629.92,252.0,False
716,2287,2025-11-03,4,7,909.75,363.92,False
716,13159,2025-08-26,3,7,1629.57,651.84,False
716,576,2025-05-20,2,4,419.96,168.0,False
716,5417,2025-04-28,1,3,209.7,83.88,False
716,90,2025-04-08,4,7,1129.66,451.88,False
716,1873,2025-02-24,2,4,249.87,99.96,False
716,11535,2024-04-11,4,8,779.74,311.92,False
716,5448,2023-02-19,4,9,1829.64,731.88,False
716,3052,2023-01-23,3,6,819.94,328.0,False
716,13157,2022-04-16,2,3,259.97,104.0,False
716,9791,2022-01-10,4,9,989.91,396.0,False
716,3856,2021-05-24,3,6,589.76,235.92,True
716,4141,2021-04-16,3,6,329.94,132.0,False
716,5412,2021-04-15,3,4,539.96,216.0,False
716,6987,2020-06-24,1,1,24.99,10.0,False
716,11593,2020-06-19,1,1,89.9,35.96,False
716,9867,2020-03-26,2,4,439.96,176.0,False
717,12098,2025-11-12,2,2,509.98,204.0,False
717,2768,2025-07-02,1,1,129.99,52.0,False
717,13693,2024-04-28,3,7,1039.93,416.0,False
717,5163,2024-03-24,4,9,1479.46,591.8,False
717,13090,2024-02-17,4,8,639.65,255.88,False
717,5539,2023-09-24,3,5,599.68,239.88,True
717,14877,2023-04-24,1,2,51.98,20.8,False
717,5824,2023-04-14,3,9,1049.64,419.88,False
717,9078,2022-12-23,1,3,209.97,84.0,False
717,6120,2022-08-04,2,3,249.88,99.96,False
717,2600,2022-04-28,1,3,299.7,119.88,False
717,10485,2022-04-13,3,8,959.92,384.0,False
717,1689,2022-03-05,1,3,389.97,156.0,False
717,6211,2022-02-13,4,9,1059.64,423.88,False
717,12138,2021-12-25,1,2,239.98,96.0,False
717,2541,2021-10-12,4,7,709.3,283.72,False
717,5949,2021-10-10,2,4,509.96,204.0,False
717,2248,2021-08-10,2,5,559.95,224.0,False
717,10446,2021-05-27,3,3,259.97,104.0,False
717,8150,2020-09-24,3,5,264.86,105.96,False
717,4121,2020-05-14,1,1,129.99,52.0,False
717,10210,2020-01-30,2,4,851.96,340.8,False
717,14443,2020-01-23,1,2,599.98,240.0,False
718,6453,2025-01-29,4,9,1639.82,655.96,True
718,8968,2025-01-11,4,10,809.36,323.76,True
718,11594,2024-07-03,3,6,1529.76,611.92,True
718,660,2024-01-31,3,7,529.48,211.8,False
718,12329,2024-01-20,2,4,319.96,128.0,False
718,14456,2023-04-13,3,6,669.94,268.0,False
718,5990,2022-10-07,3,5,1189.95,476.0,False
718,6515,2022-06-27,1,2,119.98,48.0,False
718,8377,2022-06-16,2,4,339.78,135.92,False
718,4693,2022-03-20,2,5,1279.95,512.0,False
718,5268,2022-02-24,4,10,1639.9,656.0,False
718,8496,2021-12-02,1,3,749.97,300.0,False
718,571,2021-08-11,4,9,529.91,212.0,False
718,14133,2021-07-27,3,6,699.76,279.92,False
718,6943,2021-06-27,1,1,249.99,100.0,False
718,1522,2021-04-12,2,6,599.67,239.88,False
718,1730,2021-03-28,4,7,549.57,219.84,True
718,13126,2021-03-08,3,6,489.85,195.96,False
718,10859,2021-02-15,4,10,929.9,372.0,False
718,12769,2020-11-17,3,6,599.76,239.92,True
718,3627,2020-09-20,1,2,79.8,31.92,False
718,6167,2020-05-19,2,4,1249.96,500.0,False
718,6193,2020-04-10,2,4,279.96,112.0,True
718,1771,2020-03-04,2,4,279.96,112.0,False
718,14313,2020-03-03,2,5,529.5,211.8,False
718,11692,2020-02-07,4,9,1355.91,542.4,False
719,3058,2024-12-12,2,4,679.96,272.0,False
719,9012,2024-10-15,4,7,739.57,295.84,False
719,13312,2024-10-02,2,3,729.97,292.0,True
719,12947,2024-06-20,4,10,1369.9,548.0,False
719,6825,2024-06-10,2,2,179.98,72.0,False
719,10022,2024-04-15,3,9,929.37,371.76,False
719,12853,2024-02-23,3,6,479.76,191.92,False
719,981,2023-10-11,3,6,1099.85,439.96,False
719,5453,2023-05-07,3,7,1079.57,431.84,False
719,8767,2023-03-29,1,2,599.98,240.0,False
719,4019,2023-03-19,4,8,919.92,368.0,False
719,4819,2022-12-30,4,7,241.93,96.8,False
719,7542,2022-11-23,4,7,1154.75,461.92,False
719,13894,2022-11-06,4,7,599.93,240.0,False
719,1339,2022-06-02,1,2,299.98,120.0,False
719,11293,2022-03-03,2,4,579.96,232.0,False
719,9407,2022-01-03,4,8,1129.74,451.92,False
719,6537,2021-11-10,2,4,175.96,70.4,False
719,14759,2021-01-29,3,9,764.91,306.0,False
719,9987,2021-01-22,4,7,1059.39,423.76,False
719,7599,2020-08-05,2,5,649.68,259.88,False
719,2383,2020-07-13,4,5,614.68,245.88,False
719,1556,2020-06-16,4,7,459.57,183.84,False
719,10466,2020-05-27,4,6,391.85,156.76,False
720,13959,2025-08-12,3,6,289.4,115.76,False
720,12995,2025-06-01,4,7,319.84,127.96,False
720,5394,2024-10-31,4,10,1574.72,629.92,False
720,949,2024-10-29,3,4,369.87,147.96,False
720,3151,2024-09-15,4,5,589.86,235.96,True
720,7300,2024-05-03,3,5,309.95,124.0,False
720,2152,2024-03-15,4,7,699.93,280.0,False
720,13085,2023-12-07,1,3,119.97,48.0,False
720,10638,2023-10-27,1,2,239.8,95.92,False
720,7320,2023-09-12,4,8,1879.92,752.0,True
720,12588,2022-04-27,1,3,239.97,96.0,False
720,2960,2022-04-12,3,8,1009.47,403.8,False
720,9374,2021-09-16,4,8,1109.65,443.88,False
720,5953,2021-09-11,2,5,457.95,183.2,False
720,7903,2021-07-12,2,5,1149.95,460.0,False
720,14796,2021-04-15,1,1,39.9,15.96,False
720,9715,2021-04-04,1,2,399.98,160.0,False
720,4901,2020-12-28,4,7,1189.84,475.96,False
720,14651,2020-06-29,4,6,749.67,299.88,False
720,10584,2020-05-28,4,8,336.65,134.68,False
720,1349,2020-03-15,3,7,1409.93,564.0,False
721,14077,2025-11-17,1,3,239.97,96.0,False
721,13031,2025-04-19,1,1,149.99,60.0,False
721,2825,2025-04-04,4,7,849.66,339.88,False
721,4442,2024-10-11,2,5,319.77,127.92,False
721,9891,2024-02-24,4,7,824.75,329.92,False
721,10351,2023-12-16,3,6,1489.67,595.88,False
721,13489,2023-08-15,3,6,349.49,139.8,False
721,2253,2023-02-21,2,4,639.78,255.92,False
721,7720,2022-12-21,4,7,804.66,321.88,False
721,14271,2022-10-03,3,5,289.68,115.88,True
721,2259,2022-09-23,1,1,159.99,64.0,False
721,6494,2022-08-25,3,8,2069.92,828.0,False
721,8286,2022-06-02,3,4,619.96,248.0,False
721,8871,2022-05-28,4,9,619.64,247.88,False
721,1177,2022-01-30,3,6,569.76,227.92,True
721,8162,2021-11-23,3,4,499.87,199.96,False
721,2331,2021-08-18,4,6,989.94,396.0,False
721,3966,2021-04-01,2,4,299.78,119.92,False
721,1145,2020-11-03,4,9,1459.91,584.0,False
721,8783,2020-09-10,4,7,741.75,296.72,False
721,5252,2020-08-17,3,7,269.93,108.0,False
721,8036,2020-08-12,3,6,859.76,343.92,False
721,391,2020-04-19,1,2,239.8,95.92,False
722,8687,2025-03-29,2,4,159.87,63.96,False
722,14312,2024-08-23,2,5,379.77,151.92,False
722,9134,2024-06-28,1,1,129.99,52.0,False
722,11894,2023-08-11,3,5,659.95,264.0,False
722,14458,2023-07-25,3,7,609.3,243.72,False
722,147,2022-12-23,2,5,459.95,184.0,False
722,143,2022-10-17,4,7,629.66,251.88,False
722,7716,2022-06-17,2,5,949.77,379.92,False
722,10117,2022-05-21,3,8,1209.92,484.0,True
722,6353,2022-04-12,2,4,569.87,227.96,False
722,2364,2021-10-24,3,4,264.78,105.92,False
722,12967,2021-09-01,1,3,104.97,42.0,False
722,11173,2021-02-07,4,5,599.95,240.0,False
722,14526,2021-01-08,1,3,179.97,72.0,False
722,8018,2020-09-21,2,2,129.89,51.96,False
722,6394,2020-03-13,2,2,149.98,60.0,False
722,10025,2020-02-05,2,2,269.98,108.0,False
723,13181,2025-10-18,2,4,227.96,91.2,False
723,8630,2025-09-12,4,7,1239.84,495.96,False
723,6755,2025-03-25,4,8,357.92,143.2,True
723,6535,2024-09-29,4,8,689.92,276.0,False
723,11725,2024-06-25,4,8,894.38,357.76,False
723,3439,2024-02-23,4,10,1409.45,563.8,False
723,2094,2024-02-03,4,7,1629.84,651.96,True
723,13649,2023-11-24,4,9,1519.91,608.0,False
723,7958,2022-08-08,2,5,329.95,132.0,False
723,13600,2022-07-19,4,9,889.64,355.88,False
723,7387,2022-07-10,2,3,519.7,207.88,False
723,493,2022-01-31,2,6,419.67,167.88,False
723,10024,2021-06-18,2,4,639.96,256.0,False
723,4918,2021-05-14,4,9,1309.64,523.88,True
723,8759,2021-01-28,1,3,479.97,192.0,False
723,9775,2020-12-25,4,9,824.91,330.0,False
723,10618,2020-11-22,4,7,539.66,215.88,True
723,5369,2020-07-14,3,7,839.39,335.76,False
723,11291,2020-07-03,4,9,687.64,275.08,False
723,2551,2020-04-22,2,4,309.87,123.96,False
723,13272,2020-01-11,2,5,459.77,183.92,False
724,6112,2025-11-08,2,2,309.98,124.0,False
724,9758,2025-01-09,3,9,839.64,335.88,False
724,9880,2024-08-31,3,6,549.94,220.0,False
724,10281,2023-11-28,4,9,994.37,397.76,False
724,2873,2023-06-23,3,5,469.68,187.88,False
724,6609,2023-03-06,4,11,684.89,274.0,False
724,1050,2022-09-08,1,1,119.9,47.96,False
724,6045,2021-12-12,2,4,309.87,123.96,False
724,240,2021-12-07,3,5,234.95,94.0,False
724,3096,2021-09-03,4,9,689.64,275.88,False
724,5691,2021-08-14,4,7,969.48,387.8,False
724,1471,2021-07-25,1,3,119.7,47.88,False
724,10301,2021-05-11,3,6,899.58,359.84,False
724,3141,2020-06-18,2,4,209.96,84.0,False
724,5738,2020-03-19,4,6,694.85,277.96,True
725,13768,2025-01-18,2,3,189.88,75.96,False
725,9753,2024-10-31,3,7,764.66,305.88,True
725,3279,2024-10-06,4,9,1069.91,428.0,False
725,4880,2024-09-05,1,2,179.8,71.92,False
725,10284,2024-04-19,2,5,1849.95,740.0,False
725,5843,2023-01-09,3,6,959.94,384.0,False
725,10784,2022-12-05,4,10,1209.18,483.68,False
725,13915,2022-10-06,4,9,1789.91,716.0,False
725,8075,2022-08-30,3,7,1209.93,484.0,True
725,7856,2022-07-09,3,6,719.67,287.88,False
725,2080,2022-04-06,3,7,569.84,227.96,False
725,3801,2021-11-30,1,2,179.98,72.0,False
725,385,2021-11-18,4,7,279.66,111.88,False
725,7753,2021-06-30,4,9,1039.55,415.84,False
725,14781,2021-04-04,3,8,1729.74,691.92,False
725,10199,2021-02-13,1,2,99.8,39.92,False
725,3396,2020-12-25,4,9,904.64,361.88,False
725,3722,2020-08-08,1,1,299.99,120.0,False
725,2061,2020-08-06,4,6,329.94,132.0,False
725,14261,2020-02-25,2,5,399.95,160.0,False
725,7023,2020-02-17,3,4,479.96,192.0,False
726,8302,2025-10-09,3,6,889.94,356.0,False
726,540,2025-03-11,1,2,39.98,16.0,False
726,1736,2025-01-06,1,2,259.98,104.0,False
726,12065,2024-10-12,4,9,2149.91,860.0,False
726,10489,2024-03-12,3,6,1019.58,407.84,False
726,2867,2023-09-10,3,6,734.67,293.88,False
726,3664,2023-07-01,3,6,1359.94,544.0,False
726,8032,2023-01-03,3,6,494.85,197.96,False
726,11658,2022-07-26,4,8,969.65,387.88,False
726,14553,2022-04-16,1,2,179.98,72.0,False
726,2320,2021-11-09,3,6,939.94,376.0,False
726,5595,2021-08-20,2,6,509.67,203.88,False
726,10573,2021-08-04,2,5,409.77,163.92,False
726,12034,2021-07-09,2,5,659.95,264.0,False
726,8285,2021-05-22,1,2,299.8,119.92,False
726,13197,2021-03-02,3,5,849.95,340.0,False
726,3886,2021-02-05,1,3,59.97,24.0,False
726,10340,2020-12-30,2,2,274.89,109.96,False
726,471,2020-12-02,3,5,489.59,195.84,True
726,2680,2020-04-04,4,6,744.76,297.92,False
726,566,2020-03-23,1,1,129.99,52.0,False
726,12188,2020-01-02,1,3,269.97,108.0,False
727,3515,2025-11-27,2,3,204.88,81.96,False
727,12822,2025-06-17,3,7,414.57,165.84,False
727,247,2024-12-16,3,3,214.97,86.0,False
727,6650,2024-06-08,3,8,559.65,223.88,False
727,1995,2024-02-21,1,2,49.8,19.92,False
727,3270,2024-01-04,4,11,2179.35,871.76,False
727,8234,2024-01-03,1,2,109.8,43.92,False
727,12134,2023-11-02,3,7,759.66,303.88,False
727,4614,2023-10-25,1,3,239.97,96.0,False
727,4204,2023-09-18,2,4,319.96,128.0,False
727,12634,2023-05-02,2,2,309.98,124.0,False
727,6466,2023-04-13,2,5,1279.95,512.0,False
727,11878,2022-04-12,1,1,149.99,60.0,False
727,3061,2022-01-18,2,4,229.78,91.92,False
727,4814,2022-01-11,2,5,659.95,264.0,False
727,12919,2021-02-01,3,7,644.93,258.0,True
727,1488,2020-07-30,3,7,779.93,312.0,False
727,2495,2020-04-28,1,1,119.99,48.0,False
728,5883,2025-09-05,2,3,379.97,152.0,False
728,12786,2025-08-31,2,4,399.96,160.0,False
728,3444,2025-08-16,2,4,399.96,160.0,False
728,8632,2025-04-13,3,7,1219.93,488.0,False
728,12215,2025-03-01,4,8,899.74,359.92,False
728,6029,2024-02-14,1,2,59.98,24.0,False
728,14904,2023-11-16,3,4,409.78,163.92,False
728,3905,2023-10-16,4,9,1274.82,509.96,False
728,1978,2023-10-02,2,5,1199.95,480.0,False
728,6404,2023-07-04,3,8,659.47,263.8,False
728,5418,2023-01-15,4,10,1749.72,699.92,False
728,13104,2022-08-01,3,4,729.96,292.0,False
728,13304,2021-10-28,1,2,239.98,96.0,False
728,12756,2021-09-06,4,10,1239.9,496.0,True
728,13612,2021-08-26,4,11,1014.89,406.0,False
728,12229,2021-08-19,2,5,709.68,283.88,False
728,9357,2021-07-20,1,2,199.8,79.92,False
728,6648,2020-12-20,1,3,77.97,31.2,False
728,2915,2020-10-21,1,1,34.99,14.0,False
729,5270,2025-09-20,3,4,459.78,183.92,False
729,4434,2025-05-23,2,6,1019.94,408.0,False
729,12397,2025-03-17,1,1,49.9,19.96,False
729,1786,2024-06-24,2,3,749.88,299.96,False
729,2324,2024-05-30,3,4,309.6,123.84,False
729,5805,2024-04-27,1,1,59.99,24.0,False
729,6688,2024-02-28,1,1,79.99,32.0,False
729,8798,2023-11-26,2,3,389.97,156.0,False
729,12924,2023-07-08,3,6,629.67,251.88,False
729,8618,2023-06-18,3,4,319.96,128.0,False
729,10357,2023-06-10,1,1,39.99,16.0,False
729,6164,2023-02-02,3,7,1069.39,427.76,False
729,12401,2022-12-28,2,4,379.6,151.84,False
729,5306,2022-07-09,3,6,979.94,392.0,False
729,1576,2022-05-31,4,9,1329.82,531.96,True
729,11300,2022-05-23,1,3,77.97,31.2,False
729,3089,2022-05-16,2,3,559.97,224.0,False
729,572,2021-12-11,4,6,1044.94,418.0,False
729,14685,2021-10-06,2,4,539.87,215.96,False
729,14728,2021-06-19,3,7,1179.93,472.0,False
729,9119,2021-02-24,3,5,254.77,101.92,False
729,12983,2021-02-14,2,2,55.98,22.4,False
729,10607,2021-01-19,4,9,1619.73,647.92,False
729,13153,2021-01-15,1,2,259.8,103.92,False
729,677,2020-08-29,4,6,519.94,208.0,False
730,3344,2025-06-16,2,4,419.96,168.0,False
730,3412,2024-08-23,4,11,1229.62,491.88,False
730,8130,2023-11-29,4,9,2059.82,823.96,False
730,14851,2023-07-11,4,9,929.28,371.72,False
730,5457,2023-06-07,3,5,829.95,332.0,False
730,1256,2022-09-03,4,10,659.36,263.76,False
730,8092,2022-07-06,4,7,689.48,275.8,False
730,10948,2022-04-22,3,6,344.94,138.0,False
730,4838,2022-01-05,1,2,119.98,48.0,False
730,12317,2022-01-01,1,2,499.98,200.0,False
730,1848,2021-07-20,2,5,379.5,151.8,False
730,3124,2021-01-17,2,3,449.97,180.0,False
730,4872,2021-01-01,3,7,549.84,219.96,False
730,14276,2020-11-22,2,4,769.96,308.0,False
730,8202,2020-10-02,4,8,479.74,191.92,False
730,9178,2020-08-24,2,5,239.68,95.88,False
730,11474,2020-04-22,1,2,69.98,28.0,False
731,433,2025-09-21,3,7,1259.66,503.88,False
731,2415,2025-02-22,3,6,439.94,176.0,False
731,578,2025-01-04,4,6,1519.85,607.96,False
731,13166,2024-11-19,3,4,649.78,259.92,True
731,3392,2024-09-15,1,3,104.97,42.0,False
731,9382,2024-04-28,2,3,919.97,368.0,False
731,7505,2023-11-12,2,4,1239.96,496.0,False
731,8682,2023-06-02,2,3,489.88,195.96,False
731,7974,2023-05-22,4,8,809.65,323.88,True
731,6500,2023-05-10,1,2,199.98,80.0,False
731,7543,2023-04-20,1,2,299.98,120.0,False
731,4679,2022-05-05,3,5,889.95,356.0,False
731,4802,2022-01-02,1,1,19.99,8.0,False
731,5384,2021-07-13,3,4,529.69,211.88,False
731,4797,2021-06-09,1,2,159.98,64.0,False
731,13708,2021-03-29,2,5,1079.95,432.0,False
731,5253,2020-12-13,3,7,234.66,93.88,False
731,14878,2020-09-18,4,8,1369.92,548.0,False
731,3469,2020-09-09,2,4,269.96,108.0,False
731,12907,2020-05-06,1,1,139.99,56.0,False
731,7644,2020-01-08,3,4,709.78,283.92,False
732,2695,2025-12-21,3,6,504.58,201.84,False
732,3668,2025-11-28,1,1,79.99,32.0,False
732,759,2025-03-01,4,8,1059.56,423.84,True
732,5938,2024-11-20,2,5,589.77,235.92,False
732,14913,2024-07-21,4,6,564.85,225.96,False
732,9831,2024-05-03,1,3,72.21,27.39,True
732,13991,2024-02-24,1,2,49.98,20.0,False
732,11602,2024-01-01,3,6,214.76,85.92,False
732,5018,2023-12-21,3,6,599.58,239.84,False
732,6145,2023-05-08,2,5,859.95,344.0,False
732,10819,2022-11-16,2,3,479.97,192.0,False
732,4321,2022-11-06,4,9,1109.37,443.76,False
732,12012,2022-09-09,4,7,944.57,377.84,False
732,14081,2021-12-13,4,9,969.37,387.76,True
732,1048,2021-07-16,4,10,1019.45,407.8,False
732,13620,2021-04-28,4,10,944.72,377.92,False
732,14540,2021-02-01,4,8,669.29,267.72,False
732,4641,2020-10-30,2,6,989.67,395.88,False
732,5598,2020-08-02,1,3,149.7,59.88,False
732,6744,2020-06-03,4,10,809.72,323.92,False
732,11065,2020-01-19,2,4,309.87,123.96,False
732,2496,2020-01-07,3,7,809.93,324.0,False
732,12705,2020-01-01,2,4,319.96,128.0,False
733,8147,2025-10-22,1,1,99.99,40.0,False
733,8924,2025-06-02,4,8,1057.92,423.2,False
733,12310,2025-04-29,3,6,819.94,328.0,False
733,1007,2025-03-21,2,3,389.88,155.96,False
733,19,2025-02-03,3,4,609.96,244.0,False
733,3305,2024-12-09,2,3,159.97,64.0,False
733,3747,2024-12-08,1,1,149.99,60.0,False
733,8298,2024-09-03,3,6,1239.58,495.84,False
733,4747,2024-06-30,1,3,149.97,60.0,False
733,7588,2024-06-12,2,5,519.95,208.0,False
733,6868,2023-10-15,1,3,149.7,59.88,False
733,8446,2023-10-03,1,2,239.98,96.0,False
733,10238,2023-08-17,3,7,954.93,382.0,False
733,10182,2023-05-03,2,5,749.95,300.0,False
733,10100,2023-01-26,3,7,749.66,299.88,False
733,10742,2022-05-27,2,4,379.96,152.0,False
733,1381,2022-05-08,4,9,869.73,347.92,False
733,6896,2022-02-02,4,10,339.72,135.92,False
733,4616,2020-12-17,3,6,679.94,272.0,False
733,7896,2020-09-23,3,3,174.88,69.96,False
733,10496,2020-07-27,4,9,1139.46,455.8,False
733,11391,2020-06-14,3,7,1079.57,431.84,False
733,1702,2020-05-11,1,3,119.97,48.0,False
733,13581,2020-03-13,2,3,329.79,131.92,True
733,5462,2020-02-17,3,8,989.65,395.88,False
734,7758,2025-05-21,2,4,131.78,52.72,False
734,7663,2025-02-28,1,2,259.98,104.0,False
734,9916,2025-02-01,3,6,439.94,176.0,False
734,487,2024-10-24,1,3,239.97,96.0,False
734,10816,2024-09-30,3,7,1609.75,643.92,False
734,1781,2024-04-28,4,11,889.44,355.8,False
734,10594,2024-03-25,3,9,629.64,251.88,False
734,8927,2023-10-30,4,11,1484.35,593.76,False
734,4727,2023-09-29,4,8,899.29,359.72,False
734,6884,2023-05-28,2,3,229.97,92.0,False
734,988,2023-05-12,2,2,439.98,176.0,True
734,10029,2023-04-25,2,6,614.67,245.88,False
734,7176,2023-04-09,2,3,249.79,99.92,True
734,9063,2021-05-07,2,4,319.96,128.0,False
734,11384,2021-05-03,2,5,709.95,284.0,False
734,13199,2021-01-25,3,5,309.68,123.88,False
734,14998,2020-09-21,2,4,249.6,99.84,False
734,5831,2020-06-02,3,6,1169.85,467.96,False
734,14895,2020-06-02,4,8,1364.74,545.92,False
734,6910,2020-02-26,3,5,219.95,88.0,False
734,2620,2020-01-12,4,7,789.75,315.92,False
735,14140,2025-12-09,2,4,739.96,296.0,False
735,5301,2025-09-09,2,6,689.67,275.88,False
735,11368,2025-03-27,3,3,429.88,171.96,True
735,874,2024-12-28,2,4,224.6,89.84,False
735,9409,2024-11-30,4,8,1059.65,423.88,False
735,9994,2024-11-08,4,7,779.75,311.92,True
735,5446,2024-03-24,1,1,54.9,21.96,False
735,2092,2023-04-07,1,1,69.99,28.0,False
735,11248,2023-03-16,1,3,299.7,119.88,False
735,14296,2022-08-09,1,2,199.8,79.92,False
735,7357,2022-07-05,3,7,419.93,168.0,True
735,11669,2022-03-14,4,9,1179.91,472.0,False
735,11661,2021-11-20,2,2,109.98,44.0,False
735,6747,2021-01-16,4,7,749.93,300.0,False
735,10343,2020-06-17,1,1,179.99,72.0,False
735,5341,2020-02-01,4,10,999.9,400.0,False
735,3105,2020-01-10,2,3,449.88,179.96,False
736,5171,2025-12-17,1,3,269.97,108.0,False
736,470,2024-03-06,3,6,1169.94,468.0,False
736,4964,2023-08-12,2,4,1089.96,436.0,False
736,14095,2023-05-12,2,3,369.88,147.96,False
736,5063,2023-03-04,1,2,319.98,128.0,False
736,10012,2023-02-14,4,9,929.55,371.84,False
736,6101,2023-01-26,1,3,449.7,179.88,False
736,10459,2023-01-12,2,3,459.88,183.96,False
736,9444,2022-11-21,2,2,129.98,52.0,False
736,8545,2022-09-20,3,5,829.77,331.92,False
736,1607,2022-09-16,3,5,274.95,110.0,False
736,3317,2022-04-26,4,8,1024.65,409.88,False
736,10551,2021-05-26,1,1,199.9,79.96,False
736,7492,2020-12-16,1,3,209.97,84.0,False
736,6801,2020-09-07,3,6,219.94,88.0,False
736,12559,2020-08-22,1,1,39.9,15.96,False
736,11450,2020-06-04,4,10,2439.63,975.88,False
736,3640,2020-05-29,4,8,729.74,291.92,False
737,8379,2025-11-21,2,3,389.97,156.0,False
737,7226,2025-10-15,1,1,24.99,10.0,False
737,9190,2025-04-08,4,10,1419.45,567.8,False
737,13861,2025-01-14,2,2,259.89,103.96,True
737,8322,2024-11-19,2,5,344.68,137.88,False
737,7251,2024-09-18,2,4,499.78,199.92,False
737,4904,2023-09-26,2,2,74.89,29.96,False
737,12208,2023-08-24,4,9,777.55,311.04,False
737,2358,2023-05-06,3,6,564.76,225.92,False
737,386,2022-04-14,1,1,89.99,36.0,True
737,3534,2022-02-07,3,4,269.69,107.88,False
737,8132,2022-01-12,2,2,239.89,95.96,False
737,265,2021-10-08,3,7,429.66,171.88,False
737,5411,2020-03-27,1,2,79.8,31.92,False
737,5315,2020-03-20,2,4,529.96,212.0,True
737,2522,2020-01-16,4,8,1319.92,528.0,False
738,7141,2025-07-24,2,2,359.98,144.0,False
738,12171,2024-11-15,2,5,719.95,288.0,False
738,7342,2024-08-16,1,2,39.98,16.0,False
738,7143,2024-04-29,2,5,319.68,127.88,False
738,9104,2024-04-04,4,8,1009.65,403.88,False
738,4128,2024-03-22,2,3,289.88,115.96,False
738,1734,2023-04-18,4,10,789.36,315.76,False
738,12539,2023-03-04,3,6,1099.94,440.0,False
738,7970,2023-02-08,3,8,989.65,395.88,False
738,5860,2022-11-16,4,8,639.65,255.88,True
738,2282,2022-10-17,2,4,1199.96,480.0,False
738,6860,2022-09-14,3,3,299.97,120.0,False
738,4393,2021-02-01,2,6,869.94,348.0,False
738,3676,2021-01-01,2,3,299.97,120.0,False
739,5897,2025-12-13,3,9,779.1,311.64,False
739,6689,2025-09-28,2,4,299.78,119.92,False
739,13393,2025-09-22,4,9,809.37,323.76,False
739,871,2025-05-01,2,6,449.67,179.88,False
739,5201,2025-05-01,3,6,1019.76,407.92,False
739,11828,2024-09-09,1,3,179.97,72.0,True
739,5816,2024-03-26,1,1,79.99,32.0,False
739,7491,2023-09-14,2,4,519.78,207.92,False
739,9199,2023-06-11,4,9,605.64,242.28,False
739,5587,2023-05-22,1,1,399.99,160.0,False
739,4963,2023-04-28,1,3,299.7,119.88,False
739,12592,2023-01-19,3,4,299.96,120.0,False
739,13994,2022-10-23,2,4,829.96,332.0,True
739,4877,2022-09-18,1,2,399.98,160.0,False
739,6621,2022-08-03,3,5,969.86,387.96,False
739,3822,2022-04-04,3,6,329.67,131.88,False
739,2797,2021-10-06,4,9,1019.64,407.88,False
739,13619,2021-09-04,1,2,379.98,152.0,False
739,12624,2021-04-18,2,3,81.97,32.8,False
739,3949,2021-04-12,1,3,749.97,300.0,False
739,3928,2021-01-23,3,4,529.96,212.0,False
739,9126,2020-03-16,1,2,109.8,43.92,False
740,6139,2025-10-19,1,1,349.99,140.0,False
740,9124,2025-09-28,2,3,159.88,63.96,False
740,2198,2025-02-28,2,4,299.96,120.0,False
740,930,2025-01-21,2,2,129.98,52.0,False
740,14633,2024-12-18,2,3,599.88,239.96,False
740,1093,2024-04-24,1,2,59.98,24.0,False
740,4788,2023-10-26,4,9,697.91,279.2,False
740,13077,2023-10-07,1,2,239.98,96.0,False
740,2838,2023-04-20,2,6,329.94,132.0,False
740,89,2023-02-19,1,3,269.97,108.0,True
740,14164,2021-07-24,3,6,1255.94,502.4,False
740,1426,2020-10-12,2,5,259.77,103.92,False
741,5107,2025-11-02,1,1,129.99,52.0,False
741,2249,2024-11-27,1,3,59.97,24.0,True
741,7013,2024-04-04,2,3,459.97,184.0,False
741,3199,2023-12-18,2,4,299.96,120.0,False
741,1899,2023-10-13,2,5,139.77,55.92,False
741,7196,2023-09-15,1,3,59.97,24.0,False
741,14891,2023-05-02,4,9,1729.91,692.0,False
741,14751,2023-04-18,4,10,1119.63,447.88,False
741,1306,2023-03-13,3,7,1079.75,431.92,False
741,12880,2022-12-08,1,2,39.98,16.0,False
741,6549,2022-06-26,2,4,324.69,129.88,False
741,2816,2022-06-08,3,5,1099.68,439.88,False
741,9772,2022-04-18,3,5,579.86,231.96,False
741,6462,2021-11-25,4,5,879.86,351.96,False
741,11972,2021-06-29,2,6,419.94,168.0,False
741,7928,2021-02-26,2,3,659.97,264.0,False
741,14934,2020-08-18,4,7,789.93,316.0,False
741,5215,2020-05-22,1,2,99.98,40.0,False
741,10563,2020-02-22,1,1,149.99,60.0,False
742,14859,2025-09-07,3,9,2249.91,900.0,False
742,12994,2025-02-20,2,5,469.77,187.92,False
742,4456,2025-01-03,1,3,239.97,96.0,False
742,14908,2024-09-21,4,7,1084.93,434.0,False
742,5616,2024-04-27,3,7,1299.75,519.92,False
742,8291,2024-04-18,2,6,329.67,131.88,False
742,1776,2023-10-27,4,7,369.93,148.0,False
742,755,2023-10-13,2,5,549.77,219.92,False
742,5227,2023-07-20,2,4,499.69,199.88,False
742,1378,2023-03-08,3,5,399.77,159.92,False
742,3698,2022-06-01,4,7,906.84,362.76,False
742,14899,2022-02-07,1,1,54.9,21.96,False
742,1317,2021-05-15,1,3,119.7,47.88,False
742,11563,2021-02-08,1,2,319.98,128.0,False
742,3113,2020-08-27,2,6,284.4,113.76,False
742,11468,2020-04-27,3,6,229.76,91.92,True
742,9495,2020-01-15,3,3,309.88,123.96,True
743,7446,2025-11-12,4,7,819.84,327.96,True
743,13342,2025-07-28,2,2,529.98,212.0,False
743,9273,2025-06-19,1,2,699.98,280.0,False
743,14695,2025-05-31,4,9,429.55,171.84,False
743,10601,2025-05-05,2,3,199.97,80.0,False
743,2635,2025-03-15,2,3,719.97,288.0,False
743,11149,2024-12-18,3,6,799.76,319.92,False
743,10252,2024-11-04,1,3,599.7,239.88,False
743,14112,2024-07-16,4,5,689.86,275.96,False
743,4844,2023-08-30,3,6,819.67,327.88,False
743,8561,2023-08-25,4,9,799.46,319.8,False
743,1429,2023-06-18,4,7,409.84,163.96,False
743,164,2022-10-23,4,10,969.54,387.84,False
743,5128,2022-09-21,4,7,584.57,233.84,False
743,13672,2021-09-22,4,6,679.94,272.0,False
743,13209,2021-09-15,4,8,1149.47,459.8,False
743,12966,2021-07-26,1,3,164.7,65.88,False
743,4998,2021-07-14,1,3,77.97,31.2,False
743,13507,2021-03-31,4,8,1309.47,523.8,False
743,476,2020-11-29,3,7,717.93,287.2,False
743,14419,2020-07-11,1,1,34.99,14.0,False
743,13824,2020-06-06,4,10,409.72,163.92,True
743,6333,2020-05-31,3,6,909.94,364.0,False
744,3768,2025-07-25,3,5,1259.95,504.0,False
744,10046,2025-07-18,4,6,769.76,307.92,True
744,5172,2025-03-19,3,5,519.95,208.0,False
744,11744,2025-03-16,4,8,1529.65,611.88,False
744,7747,2024-10-30,1,1,24.99,10.0,False
744,10506,2023-11-22,1,2,199.98,80.0,False
744,1572,2022-10-04,4,7,1149.66,459.88,False
744,12328,2022-04-02,4,9,639.73,255.92,False
744,11070,2021-09-02,1,2,139.98,56.0,False
744,11154,2021-07-11,4,7,1149.93,460.0,False
744,6809,2021-06-25,4,8,1269.92,508.0,True
744,101,2021-06-18,1,1,79.99,32.0,False
744,1271,2021-05-15,1,1,39.9,15.96,False
744,279,2021-04-20,4,8,789.92,316.0,False
744,9307,2021-02-08,3,4,814.87,325.96,False
744,3510,2021-01-24,4,8,969.74,387.92,False
744,5556,2020-09-26,1,2,259.8,103.92,False
744,4666,2020-09-22,4,8,779.65,311.88,True
744,14488,2020-08-17,1,2,69.98,28.0,False
744,1452,2020-06-19,1,3,599.97,240.0,False
745,11394,2025-05-04,4,8,849.65,339.88,True
745,14057,2025-05-04,1,1,19.99,8.0,False
745,13569,2024-10-08,1,3,89.97,36.0,False
745,1719,2024-09-12,2,6,419.67,167.88,False
745,13001,2024-07-20,2,6,1379.94,552.0,False
745,11431,2024-06-27,1,3,479.97,192.0,False
745,10424,2024-05-09,4,10,1009.45,403.8,False
745,9545,2023-08-08,2,3,399.79,159.92,True
745,7149,2023-07-26,1,2,49.8,19.92,False
745,12363,2023-05-06,3,7,1084.39,433.76,False
745,14056,2023-03-15,3,6,729.67,291.88,False
745,9325,2023-02-25,4,9,1689.91,676.0,False
745,10885,2022-02-06,3,5,124.77,49.92,False
745,13399,2021-12-11,1,3,359.97,144.0,False
745,14808,2021-10-23,3,7,859.93,344.0,False
745,12182,2021-10-03,2,3,79.88,31.96,False
745,2180,2021-09-30,4,9,959.91,384.0,False
745,8287,2021-08-29,3,7,179.93,72.0,False
745,3201,2021-06-20,1,1,69.99,28.0,False
745,5636,2021-01-15,4,9,739.91,296.0,False
745,2888,2020-11-15,3,5,659.68,263.88,False
745,524,2020-11-14,3,5,519.95,208.0,False
745,190,2020-05-08,4,6,1039.94,416.0,True
745,12336,2020-03-15,4,5,634.77,253.92,True
745,6660,2020-03-12,3,5,489.86,195.96,False
746,4334,2025-09-18,2,5,1699.95,680.0,False
746,11673,2025-05-11,1,1,19.99,8.0,True
746,14288,2025-04-05,4,8,1509.65,603.88,False
746,5515,2024-08-27,1,3,899.97,360.0,False
746,9353,2024-05-23,1,1,49.99,20.0,False
746,5314,2024-04-13,4,7,799.93,320.0,False
746,7554,2023-07-20,1,3,749.97,300.0,False
746,6654,2023-07-01,2,5,334.5,133.8,False
746,6125,2023-02-22,4,5,344.86,137.96,True
746,5965,2022-07-13,2,4,379.96,152.0,False
746,1741,2022-06-06,1,2,699.98,280.0,False
746,772,2022-01-05,4,11,912.89,365.2,False
746,12030,2021-11-18,2,3,229.97,92.0,False
746,13819,2021-06-11,2,5,539.95,216.0,False
746,8086,2021-05-24,3,7,827.93,331.2,True
746,6669,2021-05-18,4,10,286.63,114.68,True
746,2018,2021-03-21,2,4,409.69,163.88,False
746,3984,2021-02-28,1,1,89.99,36.0,False
746,2708,2021-01-01,3,5,819.68,327.88,False
746,1795,2020-11-10,1,1,129.9,51.96,False
746,10068,2020-10-17,2,5,459.68,183.88,False
747,14076,2025-11-22,2,5,274.5,109.8,False
747,2952,2025-10-09,2,6,1109.94,444.0,True
747,3791,2025-08-16,2,3,289.97,116.0,False
747,526,2025-07-01,4,4,624.87,249.96,False
747,13333,2024-07-15,2,4,269.87,107.96,False
747,2323,2023-12-25,2,5,214.5,85.8,False
747,9305,2023-12-17,1,3,479.97,192.0,False
747,14550,2023-12-13,2,5,339.95,136.0,True
747,13493,2023-12-09,1,1,249.99,100.0,False
747,2315,2023-07-23,4,6,994.76,397.92,False
747,12871,2023-06-28,1,3,539.97,216.0,False
747,9053,2022-12-14,3,7,324.3,129.72,False
747,9200,2022-11-23,2,4,154.96,62.0,False
747,12260,2022-07-06,1,3,899.97,360.0,False
747,6595,2022-01-25,4,8,859.92,344.0,False
747,2594,2021-11-01,3,5,374.86,149.96,False
747,11824,2021-11-01,2,4,519.96,208.0,False
747,2267,2021-03-11,4,8,1209.65,483.88,False
747,7877,2020-11-28,2,2,519.89,207.96,False
747,1673,2020-11-03,3,5,1179.95,472.0,False
747,7381,2020-10-20,1,3,299.7,119.88,False
747,6259,2020-09-07,1,1,349.99,140.0,False
747,6441,2020-08-26,2,3,239.7,95.88,False
748,9587,2025-12-06,3,8,549.74,219.92,False
748,14639,2025-12-04,2,3,114.79,45.92,False
748,13182,2025-10-10,1,2,499.98,200.0,False
748,7864,2025-08-21,4,10,679.54,271.84,False
748,1276,2025-07-29,4,9,714.55,285.84,False
748,12951,2024-12-05,4,8,869.38,347.76,False
748,12140,2024-10-12,1,1,69.99,28.0,False
748,3976,2023-12-30,4,10,1469.9,588.0,True
748,103,2023-11-27,2,4,244.96,98.0,False
748,631,2023-05-01,4,7,874.48,349.8,False
748,5577,2022-11-23,4,9,939.46,375.8,False
748,2778,2022-10-25,1,2,179.98,72.0,False
748,5220,2022-08-22,1,2,109.8,43.92,False
748,3242,2021-02-14,1,1,49.99,20.0,False
748,12517,2021-01-24,4,8,829.83,331.96,False
748,189,2020-04-30,4,9,1804.64,721.88,False
748,9527,2020-01-29,4,5,489.95,196.0,False
749,12272,2025-11-05,4,10,1117.72,447.12,False
749,12306,2025-06-30,4,9,611.91,244.8,True
749,225,2025-05-18,4,9,764.73,305.92,True
749,10361,2025-02-07,3,7,299.93,120.0,False
749,13799,2024-12-05,2,6,749.67,299.88,False
749,269,2024-11-26,2,2,284.98,114.0,False
749,4969,2024-11-10,4,7,679.93,272.0,False
749,4021,2024-10-31,1,2,499.98,200.0,False
749,4394,2024-06-07,2,5,154.95,62.0,False
749,8167,2023-06-15,3,6,459.76,183.92,False
749,203,2023-03-25,1,3,164.7,65.88,False
749,7995,2022-10-22,4,8,1224.92,490.0,False
749,84,2022-05-18,1,2,69.98,28.0,False
749,7802,2022-02-10,2,4,499.96,200.0,False
749,5167,2021-12-05,2,5,1101.95,440.8,False
749,11723,2021-11-12,2,3,139.88,55.96,False
749,14026,2021-04-17,2,3,409.97,164.0,False
749,9754,2021-02-01,3,5,599.95,240.0,False
749,2330,2020-11-24,2,4,119.96,48.0,False
749,6763,2020-07-05,1,1,99.9,39.96,False
749,4017,2020-04-19,4,8,839.56,335.84,False
749,7731,2020-03-28,1,1,139.99,56.0,False
749,12387,2020-02-05,3,6,1059.94,424.0,False
750,2379,2025-11-22,4,4,829.96,332.0,True
750,5561,2025-11-08,3,6,554.94,222.0,False
750,4518,2025-10-20,4,8,1119.38,447.76,False
750,13298,2025-07-20,4,9,989.73,395.92,False
750,14544,2025-07-13,3,3,159.88,63.96,False
750,1610,2024-12-13,1,3,269.97,108.0,False
750,3814,2024-09-07,4,6,999.94,400.0,False
750,3555,2024-08-27,1,3,749.97,300.0,False
750,4638,2024-06-03,3,5,759.77,303.92,False
750,4142,2024-05-01,4,8,1749.83,699.96,True
750,6082,2024-03-20,1,3,269.7,107.88,False
750,3901,2023-06-08,3,6,479.49,191.8,False
750,3221,2023-05-18,4,7,739.66,295.88,False
750,2769,2023-04-15,4,10,1549.9,620.0,True
750,6402,2023-04-15,3,6,259.58,103.84,False
750,41,2023-03-05,1,1,59.99,24.0,False
750,11979,2023-01-03,2,3,439.79,175.92,False
750,6893,2022-03-02,3,7,759.93,304.0,False
750,4691,2022-02-12,4,7,804.93,322.0,True
750,4306,2022-02-11,4,9,1209.55,483.84,True
750,8500,2022-01-20,4,6,474.76,189.92,False
750,14405,2021-07-08,2,3,279.79,111.92,False
750,9095,2021-05-14,2,3,649.79,259.92,False
750,14424,2021-04-07,2,5,949.77,379.92,False
750,11197,2021-03-17,2,5,489.95,196.0,False
750,11542,2020-12-31,4,7,979.48,391.8,False
750,9700,2020-11-26,1,1,89.99,36.0,False
750,8769,2020-11-15,1,2,79.8,31.92,False
750,13776,2020-10-21,4,9,302.64,121.08,False
750,8973,2020-07-15,1,3,149.7,59.88,False
750,4384,2020-02-20,4,7,709.84,283.96,True
753,16005,2025-09-18,1,1,399.99,160.0,False
754,16006,2025-12-17,1,1,24.99,10.0,False
755,16007,2025-10-16,1,1,19.99,8.0,False
756,16008,2025-10-27,1,3,179.97,72.0,False
757,16009,2022-01-22,1,1,49.9,19.96,False
758,16010,2023-04-19,1,3,389.97,156.0,False
759,16011,2023-04-08,1,2,299.98,120.0,False
760,16012,2024-08-29,1,1,25.99,10.4,False
761,16013,2023-05-02,1,1,79.99,32.0,True
762,16014,2023-05-04,1,1,299.99,120.0,False
763,16015,2023-04-19,1,1,29.99,12.0,True
764,16016,2025-10-02,1,2,199.98,80.0,False
765,16017,2025-11-06,1,1,399.99,160.0,False
766,16018,2023-05-23,1,1,99.99,40.0,False
767,16019,2022-03-02,1,2,159.98,64.0,False
768,16020,2024-08-18,1,1,149.99,60.0,False
769,16021,2025-12-01,1,2,179.98,72.0,False
770,16022,2025-09-27,1,2,51.98,20.8,False
771,16023,2022-01-14,1,2,159.98,64.0,False
772,16024,2022-03-04,1,1,139.99,56.0,False
773,16025,2025-12-14,1,2,119.98,48.0,False
774,16026,2023-05-14,1,3,449.97,180.0,False
775,16027,2025-10-17,1,2,179.98,72.0,False
776,16028,2023-04-11,1,2,599.98,240.0,False
777,16029,2025-12-25,1,3,1199.97,480.0,False
778,16030,2025-11-16,1,1,89.99,36.0,False
779,16031,2024-07-17,1,2,259.8,103.92,False
780,16032,2025-12-21,1,1,25.99,10.4,False
781,16033,2023-04-20,1,2,179.8,71.92,False
782,16034,2024-07-19,1,2,79.8,31.92,False
783,16035,2025-10-14,1,1,159.99,64.0,False
784,16036,2023-05-17,1,1,149.99,60.0,False
785,16037,2022-01-25,1,2,51.98,20.8,False
786,16038,2023-06-08,1,1,149.99,60.0,False
787,16039,2025-12-24,1,1,89.99,36.0,False
788,16040,2024-08-03,1,1,149.99,60.0,False
789,16041,2025-11-03,1,1,25.99,10.4,False
790,16042,2025-09-11,1,1,59.99,24.0,False
791,16043,2023-06-17,1,2,159.98,64.0,False
792,16044,2024-07-08,1,1,89.99,36.0,False
793,16045,2025-09-12,1,2,99.8,39.92,False
794,16046,2025-11-25,1,1,199.99,80.0,False
795,16047,2022-02-17,1,1,19.99,8.0,False
796,16048,2025-12-26,1,1,299.99,120.0,False
797,16049,2022-02-09,1,1,249.99,100.0,False
798,16050,2023-05-15,1,1,79.99,32.0,False
799,16051,2022-01-11,1,1,49.99,20.0,False
800,16052,2025-11-15,1,1,79.99,32.0,True
801,16053,2022-03-12,1,1,99.9,39.96,False
802,16054,2022-03-15,1,1,189.99,76.0,False
803,16055,2023-04-15,1,1,349.99,140.0,False
804,16056,2025-12-29,1,2,159.98,64.0,False
805,16057,2024-07-26,1,1,24.9,9.96,False
806,16058,2024-08-30,1,2,259.8,103.92,False
807,16059,2024-07-14,1,1,79.99,32.0,False
808,16060,2025-09-30,1,1,349.99,140.0,False
809,16061,2023-06-03,1,2,259.8,103.92,False
810,16062,2025-09-26,1,1,79.99,32.0,False
811,16063,2022-01-01,1,1,49.9,19.96,False
812,16064,2025-11-14,1,2,199.8,79.92,False
813,16065,2022-02-18,1,1,149.99,60.0,False
814,16066,2022-02-21,1,1,59.99,24.0,False
815,16067,2025-11-06,1,2,599.98,240.0,False
816,16068,2023-05-19,1,1,89.99,36.0,False
817,16069,2022-03-27,1,2,259.8,103.92,False
818,16070,2025-12-22,1,1,129.99,52.0,False
819,16071,2022-02-24,1,1,199.99,80.0,False
820,16072,2023-05-26,1,2,99.98,40.0,False
821,16073,2025-10-08,1,2,259.98,104.0,False
822,16074,2024-07-05,1,1,39.9,15.96,False
823,16075,2022-01-19,1,1,349.99,140.0,True
824,16076,2022-03-02,1,1,25.99,10.4,False
825,16077,2025-09-02,1,2,299.98,120.0,False
826,16078,2022-02-11,1,2,259.8,103.92,False
827,16079,2025-09-13,1,1,159.99,64.0,False
828,16080,2025-10-09,1,1,25.99,10.4,False
829,16081,2025-10-26,1,1,29.99,12.0,False
830,16082,2022-01-13,1,2,49.98,20.0,False
831,16083,2022-02-20,1,1,25.99,10.4,False
832,16084,2025-10-12,1,2,379.98,152.0,False
833,16085,2023-05-01,1,1,119.99,48.0,False
834,16086,2022-02-01,1,2,79.8,31.92,False
835,16087,2025-11-29,1,2,379.98,152.0,False
836,16088,2025-09-10,1,2,79.8,31.92,False
837,16089,2025-10-07,1,1,49.99,20.0,False
838,16090,2024-08-17,1,2,39.98,16.0,True
839,16091,2023-04-11,1,2,239.98,96.0,False
840,16092,2023-06-10,1,2,379.98,152.0,True
841,16093,2023-05-07,1,1,89.9,35.96,False
842,16094,2025-12-13,1,1,79.99,32.0,False
843,16095,2023-05-18,1,2,279.98,112.0,False
844,16096,2024-08-15,1,2,259.8,103.92,False
845,16097,2023-06-06,1,2,79.8,31.92,False
846,16098,2023-06-12,1,1,34.99,14.0,False
847,16099,2025-12-20,1,2,119.98,48.0,False
848,16100,2022-01-29,1,1,129.99,52.0,False
849,16101,2022-03-18,1,3,179.97,72.0,False
850,16102,2025-12-29,1,2,199.8,79.92,False
851,16103,2025-12-03,1,1,29.99,12.0,False
852,16104,2024-07-20,1,1,59.99,24.0,False
853,16105,2025-12-10,1,1,189.99,76.0,False
854,16106,2025-12-18,1,1,349.99,140.0,False
855,16107,2025-09-03,1,1,59.99,24.0,True
856,16108,2025-09-07,1,1,159.99,64.0,False
857,16109,2024-08-22,1,1,89.9,35.96,False
858,16110,2025-11-19,1,1,49.9,19.96,False
859,16111,2025-09-09,1,1,79.99,32.0,False
860,16112,2023-06-01,1,1,349.99,140.0,False
861,16113,2025-10-25,1,1,179.99,72.0,False
862,16114,2025-09-14,1,1,99.9,39.96,False
863,16115,2022-02-18,1,2,159.98,64.0,False
864,16116,2023-05-16,1,1,149.99,60.0,False
865,16117,2023-04-14,1,1,99.9,39.96,False
866,16118,2022-03-16,1,2,239.8,95.92,False
867,16119,2025-09-02,1,1,24.99,10.0,False
868,16120,2022-03-02,1,1,99.9,39.96,False
869,16121,2023-06-18,1,1,149.9,59.96,False
870,16122,2025-11-17,1,1,49.99,20.0,False
871,16123,2023-04-05,1,2,199.8,79.92,False
872,16124,2022-03-24,1,2,99.98,40.0,False
873,16125,2025-09-05,1,2,79.8,31.92,False
874,16126,2022-01-05,1,2,359.98,144.0,False
875,16127,2025-12-23,1,2,299.98,120.0,False
876,16128,2024-07-21,1,1,59.99,24.0,False
877,16129,2024-08-01,1,1,79.99,32.0,False
878,16130,2025-11-21,1,2,299.8,119.92,False
879,16131,2025-09-14,1,1,129.99,52.0,False
880,16132,2025-11-07,1,1,19.99,8.0,False
881,16133,2025-10-29,1,1,79.99,32.0,False
882,16134,2022-01-26,1,1,149.99,60.0,False
883,16135,2025-11-22,1,1,39.99,16.0,False
884,16136,2025-12-27,1,1,49.9,19.96,False
885,16137,2023-04-15,1,1,49.99,20.0,False
886,16138,2024-07-28,1,1,199.9,79.96,False
887,16139,2025-09-22,1,1,129.99,52.0,False
888,16140,2023-04-06,1,1,24.9,9.96,False
889,16141,2025-11-10,1,1,399.99,160.0,True
890,16142,2024-08-19,1,1,79.99,32.0,False
891,16143,2025-11-18,1,1,89.99,36.0,False
892,16144,2025-12-27,1,1,39.9,15.96,False
893,16145,2025-12-02,1,1,129.99,52.0,False
894,16146,2024-08-20,1,1,29.99,12.0,False
895,16147,2025-11-08,1,3,539.97,216.0,False
896,16148,2025-11-29,1,2,119.98,48.0,True
897,16149,2025-11-20,1,1,79.99,32.0,True
898,16150,2023-05-31,1,1,199.9,79.96,False
899,16151,2025-09-06,1,1,119.99,48.0,False
900,16152,2025-12-28,1,1,299.99,120.0,False
901,16153,2022-03-14,1,2,159.98,64.0,False
902,16154,2023-06-27,1,1,99.99,40.0,False
903,16155,2024-08-09,1,3,899.97,360.0,False
904,16156,2023-06-03,1,2,239.98,96.0,False
905,16157,2025-10-02,1,3,899.97,360.0,False
906,16158,2024-07-07,1,1,39.99,16.0,False
907,16159,2025-09-04,1,2,299.98,120.0,False
908,16160,2025-12-09,1,1,199.9,79.96,False
909,16161,2022-01-29,1,1,24.99,10.0,False
910,16162,2023-05-31,1,1,39.9,15.96,False
911,16163,2022-01-17,1,1,159.99,64.0,True
912,16164,2025-09-12,1,1,149.99,60.0,False
913,16165,2025-10-18,1,3,239.97,96.0,False
914,16166,2025-10-22,1,2,79.8,31.92,False
915,16167,2023-04-06,1,2,39.98,16.0,False
916,16168,2023-06-07,1,2,51.98,20.8,False
917,16169,2023-05-07,1,1,49.9,19.96,False
918,16170,2025-09-06,1,2,599.98,240.0,False
919,16171,2025-12-19,1,1,59.99,24.0,False
920,16172,2023-05-23,1,1,59.99,24.0,True
921,16173,2025-10-30,1,1,149.99,60.0,False
922,16174,2024-07-25,1,1,89.99,36.0,True
923,16175,2023-04-19,1,3,419.97,168.0,False
924,16176,2023-06-13,1,2,99.98,40.0,False
925,16177,2022-02-12,1,2,259.8,103.92,False
926,16178,2023-04-15,1,3,299.7,119.88,False
927,16179,2023-05-08,1,1,59.99,24.0,False
928,16180,2023-05-08,1,2,99.98,40.0,True
929,16181,2022-03-05,1,2,99.8,39.92,False
930,16182,2023-05-25,1,1,249.99,100.0,False
931,16183,2023-05-18,1,2,199.98,80.0,False
932,16184,2025-12-13,1,1,199.99,80.0,False
933,16185,2025-09-17,1,1,49.99,20.0,False
934,16186,2024-07-25,1,1,49.9,19.96,False
935,16187,2025-09-17,1,2,799.98,320.0,False
936,16188,2025-12-09,1,1,79.99,32.0,False
937,16189,2022-03-05,1,1,89.99,36.0,False
938,16190,2025-12-09,1,1,24.9,9.96,True
939,16191,2025-11-10,1,3,599.7,239.88,False
940,16192,2022-01-06,1,1,199.99,80.0,False
941,16193,2024-08-25,1,2,319.98,128.0,False
942,16194,2025-09-02,1,1,119.99,48.0,False
943,16195,2022-03-03,1,1,149.99,60.0,False
944,16196,2025-12-05,1,1,119.99,48.0,False
945,16197,2024-07-30,1,1,79.99,32.0,False
946,16198,2022-02-01,1,2,59.98,24.0,False
947,16199,2023-06-10,1,1,59.99,24.0,True
948,16200,2025-09-30,1,1,149.99,60.0,False
949,16201,2025-10-02,1,2,379.98,152.0,False
950,16202,2025-10-06,1,2,359.98,144.0,False
951,16203,2025-12-21,1,1,59.99,24.0,False
952,16204,2023-04-19,1,1,79.99,32.0,False
953,16205,2024-08-19,1,1,59.99,24.0,True
954,16206,2025-12-14,1,1,179.99,72.0,False
955,16207,2025-10-22,1,2,79.8,31.92,False
956,16208,2024-07-08,1,1,79.99,32.0,True
957,16209,2025-12-01,1,2,159.98,64.0,False
958,16210,2025-12-02,1,1,129.99,52.0,False
959,16211,2025-09-22,1,3,269.97,108.0,False
960,16212,2025-09-18,1,1,29.99,12.0,False
961,16213,2025-11-17,1,1,54.9,21.96,False
962,16214,2023-04-01,1,1,179.99,72.0,False
963,16215,2024-07-13,1,1,249.99,100.0,False
964,16216,2023-06-12,1,1,39.9,15.96,False
965,16217,2025-10-12,1,2,299.8,119.92,False
966,16218,2025-11-23,1,1,59.99,24.0,False
967,16219,2024-07-07,1,1,349.99,140.0,False
968,16220,2022-01-21,1,1,249.99,100.0,False
969,16221,2022-03-20,1,1,129.9,51.96,False
970,16222,2023-06-25,1,1,139.99,56.0,False
971,16223,2025-11-17,1,1,49.9,19.96,False
972,16224,2024-08-11,1,1,24.9,9.96,False
973,16225,2025-10-11,1,2,199.8,79.92,False
974,16226,2024-07-13,1,1,89.99,36.0,False
975,16227,2022-03-05,1,2,159.98,64.0,False
976,16228,2023-04-26,1,2,259.98,104.0,False
977,16229,2023-05-11,1,3,299.7,119.88,False
978,16230,2023-05-27,1,2,199.8,79.92,True
979,16231,2022-03-20,1,1,24.99,10.0,False
980,16232,2022-02-09,1,1,79.99,32.0,False
981,16233,2025-10-25,1,1,129.99,52.0,False
982,16234,2023-05-07,1,1,39.99,16.0,False
983,16235,2025-12-03,1,1,149.99,60.0,True
984,16236,2022-01-13,1,2,399.8,159.92,False
985,16237,2025-12-16,1,1,249.99,100.0,False
986,16238,2025-12-23,1,2,199.98,80.0,False
987,16239,2025-12-08,1,1,149.99,60.0,False
988,16240,2025-11-19,1,1,399.99,160.0,False
989,16241,2023-04-01,1,1,59.99,24.0,False
990,16242,2025-11-27,1,1,24.9,9.96,False
991,16243,2024-08-11,1,1,99.9,39.96,False
992,16244,2025-11-28,1,3,179.97,72.0,False
993,16245,2022-03-22,1,1,89.9,35.96,False
994,16246,2023-06-03,1,1,59.99,24.0,False
995,16247,2025-12-16,1,1,49.99,20.0,False
996,16248,2022-01-29,1,1,129.9,51.96,False
997,16249,2025-11-22,1,1,89.99,36.0,False
998,16250,2022-01-20,1,2,259.8,103.92,False
999,16251,2022-02-02,1,1,189.99,76.0,True
1000,16252,2024-08-12,1,1,139.99,56.0,False
1001,16253,2023-06-08,1,1,89.9,35.96,False
1002,16254,2022-01-18,1,1,199.99,80.0,False
1003,16255,2022-03-03,1,2,239.98,96.0,False
1004,16256,2023-04-26,1,1,79.99,32.0,False
1005,16257,2025-12-13,1,1,39.99,16.0,False
1006,16258,2022-01-07,1,1,399.99,160.0,False
1007,16259,2025-12-23,1,1,59.99,24.0,False
1008,16260,2025-11-17,1,2,179.98,72.0,False
1009,16261,2024-07-05,1,1,19.99,8.0,False
1010,16262,2023-04-18,1,1,199.9,79.96,False
1011,16263,2024-07-15,1,1,139.99,56.0,False
1012,16264,2025-09-19,1,1,349.99,140.0,False
1013,16265,2024-07-23,1,2,259.98,104.0,False
1014,16266,2025-11-23,1,3,899.97,360.0,False
1015,16267,2022-02-03,1,2,259.8,103.92,False
1016,16268,2025-10-13,1,1,39.9,15.96,False
1017,16269,2022-02-09,1,2,299.98,120.0,False
1018,16270,2025-10-10,1,1,99.99,40.0,False
1019,16271,2025-10-21,1,3,269.97,108.0,True
1020,16272,2025-11-03,1,1,79.99,32.0,False
1021,16273,2023-04-01,1,1,79.99,32.0,False
1022,16274,2025-11-26,1,1,119.99,48.0,False
1023,16275,2024-08-12,1,1,99.99,40.0,False
1024,16276,2025-11-23,1,2,79.8,31.92,False
1025,16277,2025-11-28,1,1,39.99,16.0,False
1026,16278,2024-08-24,1,2,599.98,240.0,False
1027,16279,2023-06-03,1,1,149.99,60.0,False
1028,16280,2022-03-08,1,1,159.99,64.0,False
1029,16281,2025-10-06,1,1,159.99,64.0,False
1030,16282,2025-11-17,1,2,39.98,16.0,False
1031,16283,2023-06-25,1,3,119.7,47.88,False
1032,16284,2025-10-08,1,1,25.99,10.4,False
1033,16285,2023-04-10,1,3,59.97,24.0,False
1034,16286,2022-01-08,1,2,259.98,104.0,False
1035,16287,2025-09-29,1,1,159.99,64.0,False
1036,16288,2025-10-11,1,2,799.98,320.0,False
1037,16289,2025-12-19,1,1,39.9,15.96,False
1038,16290,2025-12-22,1,1,24.99,10.0,True
1039,16291,2025-12-27,1,1,89.99,36.0,False
1040,16292,2024-07-29,1,1,299.99,120.0,False
1041,16293,2023-04-18,1,2,59.98,24.0,False
1042,16294,2022-03-08,1,2,799.98,320.0,False
1043,16295,2023-04-10,1,1,79.99,32.0,False
1044,16296,2025-12-17,1,1,25.99,10.4,False
1045,16297,2025-09-05,1,1,24.9,9.96,False
1046,16298,2023-04-20,1,1,25.99,10.4,False
1047,16299,2024-08-27,1,2,51.98,20.8,False
1048,16300,2025-11-21,1,1,129.99,52.0,False
1049,16301,2023-06-19,1,1,349.99,140.0,False
1050,16302,2025-11-28,1,1,139.99,56.0,False
1051,16303,2022-02-06,1,1,59.99,24.0,False
1052,16304,2023-06-09,1,2,299.8,119.92,False
1053,16305,2025-12-22,1,1,39.9,15.96,False
1054,16306,2023-05-31,1,1,89.99,36.0,False
1055,16307,2022-03-09,1,1,59.99,24.0,False
1056,16308,2025-10-14,1,1,299.99,120.0,False
1057,16309,2022-02-09,1,1,349.99,140.0,False
1058,16310,2024-08-26,1,1,79.99,32.0,False
1059,16311,2025-09-08,1,1,39.99,16.0,False
1060,16312,2022-01-30,1,2,179.8,71.92,False
1061,16313,2024-08-07,1,2,699.98,280.0,True
1062,16314,2023-05-06,1,1,99.9,39.96,False
1063,16315,2024-07-07,1,1,159.99,64.0,False
1064,16316,2023-04-29,1,2,279.98,112.0,False
1065,16317,2023-06-05,1,1,249.99,100.0,False
1066,16318,2022-02-22,1,3,449.97,180.0,False
1067,16319,2024-08-05,1,3,899.97,360.0,True
1068,16320,2025-10-20,1,2,319.98,128.0,False
1069,16321,2025-10-03,1,2,319.98,128.0,False
1070,16322,2022-03-12,1,1,129.99,52.0,False
1071,16323,2025-11-23,1,1,79.99,32.0,False
1072,16324,2025-12-04,1,2,51.98,20.8,False
1073,16325,2022-01-01,1,1,299.99,120.0,False
1074,16326,2025-09-03,1,1,159.99,64.0,False
1075,16327,2025-09-23,1,2,109.8,43.92,False
1076,16328,2023-04-06,1,1,179.99,72.0,False
1077,16329,2024-08-30,1,1,49.9,19.96,False
1078,16330,2025-10-23,1,1,299.99,120.0,False
1079,16331,2025-11-09,1,1,25.99,10.4,False
1080,16332,2025-11-10,1,1,129.9,51.96,False
1081,16333,2023-04-06,1,1,29.99,12.0,False
1082,16334,2025-09-04,1,1,199.99,80.0,False
1083,16335,2024-07-20,1,2,179.98,72.0,False
1084,16336,2023-04-05,1,1,99.9,39.96,False
1085,16337,2025-11-04,1,1,99.99,40.0,False
1086,16338,2023-06-23,1,1,129.9,51.96,False
1087,16339,2025-09-08,1,1,25.99,10.4,False
1088,16340,2024-08-08,1,1,149.9,59.96,False
1089,16341,2022-02-04,1,2,59.98,24.0,False
1090,16342,2025-11-18,1,1,59.99,24.0,False
1091,16343,2025-10-14,1,2,399.8,159.92,False
1092,16344,2023-05-21,1,2,599.98,240.0,False
1093,16345,2024-08-04,1,1,24.99,10.0,False
1094,16346,2024-08-27,1,1,99.9,39.96,False
1095,16347,2025-09-01,1,2,99.98,40.0,False
1096,16348,2025-11-13,1,1,139.99,56.0,False
1097,16349,2022-01-03,1,1,139.99,56.0,False
1098,16350,2023-04-21,1,1,19.99,8.0,False
1099,16351,2025-11-22,1,1,199.99,80.0,False
1100,16352,2022-02-12,1,1,199.99,80.0,False
1101,16353,2024-08-10,1,1,79.99,32.0,False
1102,16354,2023-04-14,1,1,129.99,52.0,False
1103,16355,2024-08-06,1,1,89.99,36.0,False
1104,16356,2025-12-03,1,1,349.99,140.0,False
1105,16357,2025-12-13,1,1,89.99,36.0,True
1106,16358,2025-12-27,1,1,199.9,79.96,False
1107,16359,2022-02-05,1,1,29.99,12.0,False
1108,16360,2025-12-18,1,1,24.99,10.0,False
1109,16361,2024-07-27,1,1,199.99,80.0,False
1110,16362,2025-11-10,1,1,99.9,39.96,False
1111,16363,2025-12-04,1,3,569.97,228.0,False
1112,16364,2025-12-02,1,1,79.99,32.0,False
1113,16365,2023-04-29,1,2,179.98,72.0,False
1114,16366,2024-07-02,1,1,119.9,47.96,False
1115,16367,2023-05-28,1,1,299.99,120.0,True
1116,16368,2025-11-01,1,1,19.99,8.0,False
1117,16369,2025-09-05,1,2,179.8,71.92,False
1118,16370,2022-02-08,1,2,199.98,80.0,False
1119,16371,2024-07-03,1,1,79.99,32.0,False
1120,16372,2025-12-05,1,1,79.99,32.0,False
1121,16373,2022-02-26,1,1,199.9,79.96,False
1122,16374,2023-06-09,1,1,179.99,72.0,False
1123,16375,2023-06-18,1,3,119.7,47.88,False
1124,16376,2024-08-17,1,1,39.9,15.96,False
1125,16377,2024-08-07,1,1,19.99,8.0,False
1126,16378,2022-02-28,1,2,299.8,119.92,False
1127,16379,2025-11-23,1,2,51.98,20.8,False
1128,16380,2023-04-17,1,1,24.9,9.96,False
1129,16381,2025-11-19,1,1,89.99,36.0,False
1130,16382,2025-10-09,1,1,299.99,120.0,False
1131,16383,2023-05-19,1,1,24.9,9.96,False
1132,16384,2025-10-08,1,1,25.99,10.4,False
1133,16385,2025-09-18,1,1,299.99,120.0,False
1134,16386,2025-10-14,1,1,59.99,24.0,False
1135,16387,2023-06-27,1,1,189.99,76.0,False
1136,16388,2025-11-25,1,2,159.98,64.0,False
1137,16389,2025-09-22,1,1,99.99,40.0,False
1138,16390,2024-07-24,1,1,49.99,20.0,False
1139,16391,2022-01-15,1,1,99.9,39.96,False
1140,16392,2025-12-30,1,1,19.99,8.0,False
1141,16393,2025-09-15,1,1,19.99,8.0,False
1142,16394,2024-07-13,1,1,59.99,24.0,False
1143,16395,2024-07-21,1,1,24.9,9.96,False
1144,16396,2025-12-08,1,1,19.99,8.0,False
1145,16397,2025-11-04,1,3,389.7,155.88,False
1146,16398,2022-01-22,1,1,149.9,59.96,False
1147,16399,2022-03-06,1,2,399.98,160.0,False
1148,16400,2025-09-04,1,2,239.98,96.0,False
1149,16401,2025-11-20,1,1,79.99,32.0,False
1150,16402,2025-09-12,1,2,259.8,103.92,False
1151,16403,2025-12-19,1,2,119.98,48.0,False
1152,16404,2024-07-18,1,1,129.99,52.0,False
1153,16405,2025-11-29,1,1,159.99,64.0,False
1154,16406,2024-07-15,1,1,59.99,24.0,False
1155,16407,2023-05-27,1,3,449.97,180.0,False
1156,16408,2024-08-18,1,3,449.97,180.0,False
1157,16409,2025-10-29,1,1,39.99,16.0,False
1158,16410,2023-06-05,1,1,399.99,160.0,False
1159,16411,2022-03-22,1,2,179.98,72.0,False
1160,16412,2024-07-17,1,1,19.99,8.0,False
1161,16413,2024-07-28,1,1,199.9,79.96,False
1162,16414,2023-06-29,1,1,59.99,24.0,False
1163,16415,2024-08-27,1,1,39.9,15.96,False
1164,16416,2024-07-08,1,2,499.98,200.0,False
1165,16417,2025-10-27,1,2,239.98,96.0,False
1166,16418,2022-01-30,1,2,259.8,103.92,False
1167,16419,2025-10-25,1,3,1049.97,420.0,False
1168,16420,2022-02-15,1,1,129.99,52.0,False
1169,16421,2025-09-28,1,1,149.99,60.0,False
1170,16422,2025-12-22,1,2,179.98,72.0,False
1171,16423,2025-12-18,1,2,99.98,40.0,False
1172,16424,2022-03-12,1,1,129.9,51.96,False
1173,16425,2025-12-20,1,1,119.99,48.0,False
1174,16426,2022-03-08,1,1,89.99,36.0,False
1175,16427,2025-11-15,1,1,149.9,59.96,False
1176,16428,2022-02-01,1,1,79.99,32.0,False
1177,16429,2022-03-27,1,1,39.9,15.96,False
1178,16430,2023-04-15,1,1,99.9,39.96,False
1179,16431,2023-05-03,1,2,79.98,32.0,True
1180,16432,2023-05-16,1,1,129.9,51.96,False
1181,16433,2022-01-29,1,1,24.99,10.0,False
1182,16434,2022-01-07,1,1,79.99,32.0,False
1183,16435,2023-04-12,1,1,159.99,64.0,False
1184,16436,2022-03-20,1,1,49.99,20.0,False
1185,16437,2022-03-18,1,1,79.99,32.0,False
1186,16438,2024-07-23,1,1,59.99,24.0,False
1187,16439,2022-03-20,1,1,39.99,16.0,False
1188,16440,2025-11-05,1,1,129.99,52.0,False
1189,16441,2022-03-22,1,2,179.8,71.92,False
1190,16442,2025-10-03,1,1,129.9,51.96,True
1191,16443,2023-04-10,1,2,179.98,72.0,False
1192,16444,2022-02-02,1,1,25.99,10.4,False
1193,16445,2022-03-05,1,3,899.97,360.0,False
1194,16446,2022-03-02,1,1,59.99,24.0,False
1195,16447,2025-11-01,1,1,79.99,32.0,False
1196,16448,2022-02-06,1,1,25.99,10.4,False
1197,16449,2022-03-22,1,3,239.97,96.0,False
1198,16450,2025-11-19,1,1,29.99,12.0,False
1199,16451,2023-04-22,1,1,149.9,59.96,False
1200,16452,2022-01-27,1,3,269.97,108.0,False
1201,16453,2022-01-28,1,1,79.99,32.0,False
1202,16454,2025-09-17,1,1,249.99,100.0,False
1203,16455,2025-10-02,1,1,25.99,10.4,False
1204,16456,2023-05-03,1,1,59.99,24.0,False
1205,16457,2025-12-18,1,2,119.98,48.0,False
1206,16458,2023-06-18,1,1,59.99,24.0,False
1207,16459,2025-12-20,1,1,299.99,120.0,False
1208,16460,2024-07-17,1,1,39.9,15.96,False
1209,16461,2025-11-23,1,1,399.99,160.0,False
1210,16462,2023-06-26,1,2,399.8,159.92,False
1211,16463,2025-10-30,1,1,39.9,15.96,False
1212,16464,2023-06-26,1,1,199.9,79.96,False
1213,16465,2025-12-15,1,1,159.99,64.0,False
1214,16466,2025-09-11,1,1,89.99,36.0,False
1215,16467,2025-09-09,1,1,79.99,32.0,False
1216,16468,2023-04-02,1,1,79.99,32.0,False
1217,16469,2025-11-18,1,2,359.98,144.0,False
1218,16470,2025-12-25,1,1,34.99,14.0,False
1219,16471,2025-11-13,1,1,24.9,9.96,False
1220,16472,2023-05-04,1,3,449.7,179.88,False
1221,16473,2022-03-24,1,1,189.99,76.0,False
1222,16474,2024-08-08,1,1,129.99,52.0,False
1223,16475,2023-06-28,1,1,79.99,32.0,False
1224,16476,2025-12-01,1,1,129.99,52.0,False
1225,16477,2025-09-14,1,1,29.99,12.0,False
1226,16478,2025-09-25,1,3,479.97,192.0,False
1227,16479,2025-10-23,1,1,179.99,72.0,False
1228,16480,2022-01-22,1,1,79.99,32.0,False
1229,16481,2023-06-25,1,1,49.99,20.0,False
1230,16482,2024-07-23,1,1,199.9,79.96,True
1231,16483,2025-12-28,1,3,74.97,30.0,False
1232,16484,2025-10-29,1,2,99.98,40.0,False
1233,16485,2025-11-23,1,1,59.99,24.0,False
1234,16486,2025-10-13,1,1,29.99,12.0,False
1235,16487,2023-05-05,1,1,19.99,8.0,False
1236,16488,2023-05-29,1,2,239.98,96.0,False
1237,16489,2025-12-17,1,1,89.99,36.0,False
1238,16490,2025-11-16,1,1,159.99,64.0,False
1239,16491,2023-04-22,1,1,89.99,36.0,True
1240,16492,2025-11-29,1,1,49.9,19.96,False
1241,16493,2024-08-21,1,1,349.99,140.0,False
1242,16494,2022-01-19,1,1,199.99,80.0,False
1243,16495,2023-04-17,1,2,179.98,72.0,False
1244,16496,2022-03-01,1,1,119.99,48.0,False
1245,16497,2025-12-05,1,1,89.99,36.0,False
1246,16498,2024-07-15,1,1,49.99,20.0,False
1247,16499,2022-03-12,1,2,49.8,19.92,True
1248,16500,2025-11-18,1,1,24.9,9.96,False
1249,16501,2024-07-02,1,1,24.99,10.0,False
1250,16502,2025-10-10,1,1,99.9,39.96,False
1251,16503,2025-10-10,1,1,29.99,12.0,False
1252,16504,2022-01-31,1,1,99.9,39.96,False
1253,16505,2025-09-15,1,1,24.99,10.0,False
1254,16506,2025-11-03,1,3,149.97,60.0,False
1255,16507,2025-10-13,1,1,199.99,80.0,False
1256,16508,2025-10-02,1,1,39.9,15.96,True
1257,16509,2025-11-26,1,1,24.99,10.0,False
1258,16510,2025-09-29,1,3,59.97,24.0,False
1259,16511,2022-01-05,1,1,129.9,51.96,False
1260,16512,2025-10-28,1,1,139.99,56.0,False
1261,16513,2022-01-16,1,1,39.9,15.96,False
1262,16514,2022-01-10,1,1,189.99,76.0,False
1263,16515,2023-05-21,1,2,359.98,144.0,False
1264,16516,2025-10-10,1,1,89.99,36.0,False
1265,16517,2025-11-07,1,1,59.99,24.0,False
1266,16518,2025-12-18,1,1,59.99,24.0,False
1267,16519,2024-07-07,1,1,249.99,100.0,False
1268,16520,2025-09-24,1,1,79.99,32.0,False
1269,16521,2024-07-21,1,2,49.8,19.92,False
1270,16522,2025-11-27,1,1,199.99,80.0,False
1271,16523,2025-10-02,1,1,79.99,32.0,False
1272,16524,2025-09-08,1,1,129.9,51.96,False
1273,16525,2024-07-04,1,1,159.99,64.0,False
1274,16526,2024-07-06,1,1,119.99,48.0,False
1275,16527,2022-02-21,1,2,499.98,200.0,False
1276,16528,2024-08-21,1,1,139.99,56.0,False
1277,16529,2025-11-25,1,1,29.99,12.0,False
1278,16530,2023-05-25,1,2,259.8,103.92,False
1279,16531,2025-10-07,1,1,29.99,12.0,False
1280,16532,2025-12-25,1,1,79.99,32.0,False
1281,16533,2022-02-12,1,1,199.9,79.96,False
1282,16534,2022-03-12,1,1,59.99,24.0,False
1283,16535,2024-08-22,1,1,139.99,56.0,False
1284,16536,2025-11-14,1,1,79.99,32.0,False
1285,16537,2025-09-10,1,1,89.99,36.0,False
1286,16538,2024-08-19,1,1,39.99,16.0,False
1287,16539,2025-12-08,1,1,349.99,140.0,False
1288,16540,2024-07-12,1,1,49.99,20.0,False
1289,16541,2025-09-30,1,1,399.99,160.0,False
1290,16542,2025-12-17,1,1,89.9,35.96,False
1291,16543,2025-09-19,1,1,129.99,52.0,False
1292,16544,2025-09-05,1,1,24.9,9.96,False
1293,16545,2023-06-16,1,1,79.99,32.0,False
1294,16546,2023-06-02,1,1,139.99,56.0,True
1295,16547,2025-09-16,1,1,59.99,24.0,False
1296,16548,2024-07-12,1,2,199.8,79.92,False
1297,16549,2023-04-24,1,1,39.9,15.96,False
1298,16550,2024-08-04,1,1,189.99,76.0,False
1299,16551,2023-05-03,1,2,39.98,16.0,False
1300,16552,2025-11-22,1,1,189.99,76.0,False
1301,16553,2022-01-20,1,1,89.99,36.0,False
1302,16554,2025-11-21,1,2,199.8,79.92,True
1303,16555,2023-04-21,1,2,279.98,112.0,False
1304,16556,2023-06-11,1,1,189.99,76.0,False
1305,16557,2022-03-29,1,1,199.9,79.96,False
1306,16558,2023-04-21,1,1,149.99,60.0,False
1307,16559,2025-12-11,1,1,159.99,64.0,False
1308,16560,2023-04-28,1,1,129.99,52.0,False
1309,16561,2025-12-18,1,1,79.99,32.0,False
1310,16562,2025-12-09,1,3,119.97,48.0,False
1311,16563,2023-06-06,1,1,189.99,76.0,False
1312,16564,2023-06-25,1,2,79.8,31.92,False
1313,16565,2025-12-25,1,1,119.99,48.0,False
1314,16566,2024-08-18,1,2,179.98,72.0,False
1315,16567,2025-12-02,1,1,399.99,160.0,False
1316,16568,2025-12-21,1,1,399.99,160.0,False
1317,16569,2025-10-15,1,1,59.99,24.0,False
1318,16570,2024-08-19,1,1,89.99,36.0,False
1319,16571,2023-05-21,1,2,199.98,80.0,False
1320,16572,2025-12-23,1,1,249.99,100.0,False
1321,16573,2024-08-14,1,1,39.99,16.0,False
1322,16574,2024-07-07,1,2,159.98,64.0,False
1323,16575,2023-04-29,1,2,159.98,64.0,False
1324,16576,2025-09-06,1,1,49.99,20.0,False
1325,16577,2025-10-10,1,1,129.9,51.96,False
1326,16578,2023-05-07,1,1,349.99,140.0,False
1327,16579,2025-09-12,1,1,199.9,79.96,False
1328,16580,2025-12-04,1,1,199.9,79.96,False
1329,16581,2023-06-16,1,2,59.98,24.0,False
1330,16582,2024-07-22,1,1,399.99,160.0,False
1331,16583,2025-11-03,1,1,59.99,24.0,False
1332,16584,2025-10-30,1,2,99.98,40.0,False
1333,16585,2022-03-25,1,1,129.9,51.96,False
1334,16586,2025-09-12,1,1,79.99,32.0,False
1335,16587,2025-10-04,1,1,25.99,10.4,False
1336,16588,2023-06-20,1,1,129.9,51.96,False
1337,16589,2022-02-16,1,1,129.9,51.96,False
1338,16590,2022-02-08,1,1,24.99,10.0,False
1339,16591,2024-07-04,1,1,29.99,12.0,False
1340,16592,2024-07-13,1,1,25.99,10.4,False
1341,16593,2023-04-23,1,1,159.99,64.0,False
1342,16594,2025-12-12,1,1,79.99,32.0,False
1343,16595,2024-07-30,1,1,89.99,36.0,False
1344,16596,2025-12-17,1,2,119.98,48.0,False
1345,16597,2023-05-31,1,1,89.9,35.96,False
1346,16598,2023-04-25,1,1,24.9,9.96,False
1347,16599,2024-07-18,1,1,299.99,120.0,False
1348,16600,2022-02-18,1,1,199.99,80.0,False
1349,16601,2025-09-21,1,1,159.99,64.0,False
1350,16602,2023-04-15,1,1,29.99,12.0,False
1351,16603,2025-12-03,1,1,99.9,39.96,False
1352,16604,2025-10-30,1,2,599.98,240.0,False
1353,16605,2023-06-23,1,1,159.99,64.0,False
1354,16606,2022-02-03,1,3,149.97,60.0,False
1355,16607,2025-10-30,1,1,159.99,64.0,False
1356,16608,2023-04-17,1,1,59.99,24.0,False
1357,16609,2023-04-25,1,1,149.9,59.96,False
1358,16610,2024-07-24,1,1,89.9,35.96,False
1359,16611,2025-11-20,1,3,389.97,156.0,False
1360,16612,2025-10-12,1,3,149.97,60.0,False
1361,16613,2025-11-23,1,1,99.9,39.96,False
1362,16614,2025-11-04,1,2,119.98,48.0,False
1363,16615,2023-05-01,1,1,25.99,10.4,False
1364,16616,2022-01-18,1,1,79.99,32.0,False
1365,16617,2025-11-03,1,2,79.98,32.0,False
1366,16618,2023-06-28,1,2,159.98,64.0,False
1367,16619,2024-08-18,1,1,299.99,120.0,True
1368,16620,2024-07-14,1,2,319.98,128.0,False
1369,16621,2023-05-26,1,1,119.99,48.0,False
1370,16622,2023-05-07,1,1,19.99,8.0,False
1371,16623,2023-05-29,1,1,79.99,32.0,False
1372,16624,2025-12-01,1,1,199.9,79.96,False
1373,16625,2023-04-12,1,2,799.98,320.0,False
1374,16626,2023-05-15,1,1,199.9,79.96,False
1375,16627,2023-04-05,1,1,24.9,9.96,False
1376,16628,2022-01-26,1,1,159.99,64.0,False
1377,16629,2025-11-08,1,1,59.99,24.0,False
1378,16630,2025-09-11,1,1,129.9,51.96,False
1379,16631,2025-12-04,1,2,259.98,104.0,False
1380,16632,2022-03-22,1,1,129.9,51.96,False
1381,16633,2023-06-29,1,1,79.99,32.0,False
1382,16634,2023-04-28,1,1,149.99,60.0,False
1383,16635,2024-07-08,1,1,19.99,8.0,False
1384,16636,2022-01-02,1,2,79.8,31.92,False
1385,16637,2022-02-21,1,1,19.99,8.0,False
1386,16638,2025-12-24,1,1,399.99,160.0,False
1387,16639,2024-08-21,1,1,79.99,32.0,True
1388,16640,2025-12-29,1,1,139.99,56.0,False
1389,16641,2024-08-27,1,1,249.99,100.0,False
1390,16642,2025-12-16,1,3,269.97,108.0,False
1391,16643,2024-07-04,1,1,199.9,79.96,False
1392,16644,2023-05-17,1,1,139.99,56.0,False
1393,16645,2025-12-17,1,1,119.99,48.0,False
1394,16646,2023-06-26,1,3,899.97,360.0,False
1395,16647,2023-05-02,1,1,199.99,80.0,False
1396,16648,2025-12-24,1,1,79.99,32.0,False
1397,16649,2024-07-26,1,1,79.99,32.0,False
1398,16650,2023-05-09,1,1,159.99,64.0,False
1399,16651,2025-10-02,1,1,24.9,9.96,False
1400,16652,2023-06-12,1,1,129.9,51.96,False
1401,16653,2022-01-19,1,3,179.97,72.0,False
1402,16654,2024-08-23,1,1,39.9,15.96,False
1403,16655,2025-11-22,1,1,119.99,48.0,False
1404,16656,2024-08-06,1,1,49.99,20.0,False
1405,16657,2023-04-11,1,1,79.99,32.0,False
1406,16658,2022-03-16,1,2,299.8,119.92,False
1407,16659,2023-06-25,1,1,39.9,15.96,False
1408,16660,2022-03-06,1,1,59.99,24.0,False
1409,16661,2023-06-20,1,1,49.99,20.0,False
1410,16662,2024-07-19,1,1,149.99,60.0,False
1411,16663,2023-05-24,1,1,149.9,59.96,False
1412,16664,2025-10-29,1,1,79.99,32.0,False
1413,16665,2025-11-14,1,1,25.99,10.4,False
1414,16666,2022-01-03,1,2,179.98,72.0,False
1415,16667,2022-03-15,1,1,139.99,56.0,False
1416,16668,2025-12-18,1,1,25.99,10.4,False
1417,16669,2025-12-01,1,1,189.99,76.0,False
1418,16670,2025-10-11,1,1,19.99,8.0,False
1419,16671,2024-08-14,1,1,99.9,39.96,False
1420,16672,2025-10-10,1,1,39.99,16.0,False
1421,16673,2022-02-03,1,1,39.99,16.0,False
1422,16674,2025-09-25,1,1,159.99,64.0,False
1423,16675,2024-08-25,1,1,139.99,56.0,False
1424,16676,2023-05-19,1,1,39.9,15.96,True
1425,16677,2023-06-04,1,2,399.8,159.92,False
1426,16678,2025-11-12,1,1,249.99,100.0,False
1427,16679,2025-12-01,1,1,29.99,12.0,False
1428,16680,2024-07-28,1,1,25.99,10.4,False
1429,16681,2024-07-02,1,1,99.9,39.96,False
1430,16682,2023-04-10,1,2,199.8,79.92,False
1431,16683,2022-02-16,1,1,349.99,140.0,False
1432,16684,2022-03-04,1,1,34.99,14.0,False
1433,16685,2025-12-25,1,2,319.98,128.0,False
1434,16686,2025-12-21,1,3,389.97,156.0,False
1435,16687,2025-11-02,1,2,499.98,200.0,False
1436,16688,2024-07-07,1,2,499.98,200.0,False
1437,16689,2025-10-14,1,1,79.99,32.0,False
1438,16690,2024-08-02,1,1,24.99,10.0,False
1439,16691,2023-04-10,1,1,39.99,16.0,True
1440,16692,2023-04-10,1,1,79.99,32.0,False
1441,16693,2025-10-22,1,1,129.9,51.96,False
1442,16694,2025-12-22,1,1,189.99,76.0,False
1443,16695,2025-12-22,1,3,104.97,42.0,False
1444,16696,2023-04-15,1,2,59.98,24.0,False
1445,16697,2025-10-17,1,2,159.98,64.0,True
1446,16698,2023-06-21,1,1,89.99,36.0,False
1447,16699,2024-07-26,1,1,49.99,20.0,False
1448,16700,2025-11-11,1,2,399.98,160.0,False
1449,16701,2025-11-09,1,2,259.8,103.92,False
1450,16702,2023-05-14,1,1,299.99,120.0,False
1451,16703,2025-10-13,1,1,129.99,52.0,False
1452,16704,2023-06-02,1,2,59.98,24.0,False
1453,16705,2023-05-16,1,1,199.99,80.0,False
1454,16706,2025-09-23,1,1,249.99,100.0,False
1455,16707,2025-12-13,1,1,99.9,39.96,False
1456,16708,2023-04-30,1,2,159.98,64.0,False
1457,16709,2025-09-11,1,1,179.99,72.0,False
1458,16710,2023-06-17,1,1,249.99,100.0,False
1459,16711,2025-11-29,1,1,129.9,51.96,False
1460,16712,2022-02-06,1,1,99.9,39.96,False
1461,16713,2024-07-23,1,1,159.99,64.0,False
1462,16714,2022-02-08,1,1,79.99,32.0,False
1463,16715,2025-12-28,1,1,249.99,100.0,False
1464,16716,2022-03-26,1,2,799.98,320.0,False
1465,16717,2025-11-24,1,3,569.97,228.0,False
1466,16718,2022-02-23,1,2,179.98,72.0,False
1467,16719,2025-09-21,1,2,159.98,64.0,False
1468,16720,2025-12-09,1,2,279.98,112.0,False
1469,16721,2023-06-24,1,1,29.99,12.0,False
1470,16722,2025-10-09,1,1,89.9,35.96,False
1471,16723,2025-09-29,1,1,129.99,52.0,False
1472,16724,2022-02-24,1,1,179.99,72.0,False
1473,16725,2022-02-02,1,2,199.8,79.92,False
1474,16726,2022-02-20,1,1,29.99,12.0,False
1475,16727,2022-02-04,1,1,199.99,80.0,False
1476,16728,2022-02-28,1,1,59.99,24.0,False
1477,16729,2022-02-24,1,2,59.98,24.0,False
1478,16730,2024-07-28,1,1,149.9,59.96,False
1479,16731,2025-09-25,1,1,99.9,39.96,True
1480,16732,2023-06-11,1,1,89.9,35.96,False
1481,16733,2023-06-08,1,1,299.99,120.0,False
1482,16734,2025-10-22,1,2,259.98,104.0,False
1483,16735,2025-12-07,1,1,89.99,36.0,False
1484,16736,2022-01-04,1,1,25.99,10.4,True
1485,16737,2023-06-06,1,1,399.99,160.0,False
1486,16738,2022-02-04,1,2,159.98,64.0,False
1487,16739,2025-09-15,1,2,379.98,152.0,False
1488,16740,2025-10-28,1,1,149.99,60.0,False
1489,16741,2023-05-23,1,1,129.99,52.0,False
1490,16742,2023-04-24,1,1,189.99,76.0,False
1491,16743,2024-08-10,1,2,51.98,20.8,False
1492,16744,2025-09-06,1,1,249.99,100.0,False
1493,16745,2022-03-22,1,1,59.99,24.0,False
1494,16746,2022-01-24,1,1,19.99,8.0,False
1495,16747,2024-07-16,1,3,299.97,120.0,False
1496,16748,2024-07-24,1,2,119.98,48.0,False
1497,16749,2025-12-15,1,1,59.99,24.0,False
1498,16750,2022-03-30,1,1,59.99,24.0,True
1499,16751,2022-03-14,1,1,19.99,8.0,False
1500,16752,2024-08-02,1,1,399.99,160.0,False
1501,16753,2025-12-01,1,1,99.99,40.0,False
1502,16754,2024-08-14,1,1,149.99,60.0,True
1503,16755,2025-11-03,1,2,319.98,128.0,False
1504,16756,2025-09-15,1,1,159.99,64.0,False
1505,16757,2025-10-23,1,1,19.99,8.0,False
1506,16758,2025-12-25,1,1,89.9,35.96,False
1507,16759,2023-05-08,1,1,79.99,32.0,False
1508,16760,2022-02-08,1,1,79.99,32.0,False
1509,16761,2025-10-22,1,2,49.98,20.0,False
1510,16762,2025-09-28,1,1,129.9,51.96,False
1511,16763,2025-11-03,1,1,399.99,160.0,False
1512,16764,2022-01-25,1,1,25.99,10.4,False
1513,16765,2025-09-03,1,1,54.9,21.96,False
1514,16766,2025-10-19,1,1,129.9,51.96,False
1515,16767,2023-04-30,1,1,179.99,72.0,False
1516,16768,2023-06-06,1,1,39.9,15.96,False
1517,16769,2025-09-27,1,3,77.97,31.2,False
1518,16770,2024-08-13,1,1,59.99,24.0,False
1519,16771,2023-05-17,1,3,599.97,240.0,False
1520,16772,2025-12-16,1,2,179.8,71.92,False
1521,16773,2023-05-08,1,1,79.99,32.0,False
1522,16774,2022-01-22,1,1,159.99,64.0,False
1523,16775,2023-06-01,1,1,149.9,59.96,False
1524,16776,2025-09-05,1,3,389.97,156.0,False
1525,16777,2025-09-09,1,1,24.99,10.0,False
1526,16778,2024-07-04,1,1,24.9,9.96,False
1527,16779,2023-05-30,1,1,299.99,120.0,False
1528,16780,2025-11-23,1,1,129.99,52.0,False
1529,16781,2022-01-20,1,1,59.99,24.0,False
1530,16782,2023-06-16,1,1,59.99,24.0,False
1531,16783,2025-09-26,1,3,239.97,96.0,False
1532,16784,2024-07-09,1,1,139.99,56.0,False
1533,16785,2025-12-04,1,1,19.99,8.0,False
1534,16786,2022-01-07,1,1,299.99,120.0,False
1535,16787,2025-09-20,1,1,19.99,8.0,False
1536,16788,2022-01-15,1,1,49.99,20.0,False
1537,16789,2025-11-01,1,1,29.99,12.0,False
1538,16790,2025-10-10,1,1,159.99,64.0,False
1539,16791,2025-10-22,1,2,599.98,240.0,False
1540,16792,2025-09-12,1,2,199.8,79.92,False
1541,16793,2025-11-23,1,1,79.99,32.0,False
1542,16794,2025-11-17,1,2,199.98,80.0,False
1543,16795,2023-06-25,1,1,159.99,64.0,False
1544,16796,2025-12-01,1,1,79.99,32.0,False
1545,16797,2024-07-24,1,2,51.98,20.8,False
1546,16798,2025-12-02,1,1,89.99,36.0,False
1547,16799,2025-11-19,1,1,19.99,8.0,False
1548,16800,2022-03-02,1,1,69.99,28.0,False
1549,16801,2025-11-24,1,1,99.9,39.96,False
1550,16802,2023-04-25,1,1,349.99,140.0,False
1551,16803,2023-06-15,1,1,99.99,40.0,False
1552,16804,2023-04-26,1,2,319.98,128.0,False
1553,16805,2024-08-15,1,2,39.98,16.0,True
1554,16806,2023-06-02,1,2,259.98,104.0,False
1555,16807,2025-12-21,1,1,129.9,51.96,False
1556,16808,2024-08-26,1,1,349.99,140.0,False
1557,16809,2023-06-08,1,2,359.98,144.0,False
1558,16810,2025-12-19,1,1,25.99,10.4,False
1559,16811,2025-11-08,1,3,77.97,31.2,False
1560,16812,2023-06-07,1,1,129.99,52.0,False
1561,16813,2022-01-23,1,2,379.98,152.0,False
1562,16814,2025-11-02,1,1,49.99,20.0,False
1563,16815,2025-09-22,1,2,159.98,64.0,False
1564,16816,2025-12-04,1,1,19.99,8.0,False
1565,16817,2024-08-28,1,1,139.99,56.0,True
1566,16818,2023-04-27,1,1,49.99,20.0,False
1567,16819,2025-10-17,1,1,59.99,24.0,False
1568,16820,2023-06-17,1,1,299.99,120.0,False
1569,16821,2025-12-07,1,1,159.99,64.0,False
1570,16822,2022-01-15,1,1,24.9,9.96,False
1571,16823,2025-09-10,1,1,89.9,35.96,True
1572,16824,2024-07-25,1,1,129.9,51.96,False
1573,16825,2025-12-26,1,1,24.99,10.0,False
1574,16826,2022-02-14,1,1,59.99,24.0,False
1575,16827,2022-01-20,1,1,24.99,10.0,False
1576,16828,2022-03-26,1,1,19.99,8.0,False
1577,16829,2022-01-23,1,1,149.99,60.0,False
1578,16830,2025-11-25,1,1,59.99,24.0,False
1579,16831,2025-12-22,1,1,399.99,160.0,False
1580,16832,2024-08-01,1,1,29.99,12.0,False
1581,16833,2023-06-05,1,1,89.9,35.96,False
1582,16834,2023-06-19,1,2,259.98,104.0,False
1583,16835,2022-02-09,1,1,89.9,35.96,False
1584,16836,2023-06-10,1,1,99.9,39.96,False
1585,16837,2025-11-19,1,1,79.99,32.0,False
1586,16838,2022-03-24,1,2,99.98,40.0,False
1587,16839,2023-04-04,1,1,129.99,52.0,False
1588,16840,2025-12-25,1,1,129.9,51.96,False
1589,16841,2023-05-23,1,1,159.99,64.0,False
1590,16842,2022-01-31,1,2,159.98,64.0,False
1591,16843,2024-07-19,1,2,259.98,104.0,False
1592,16844,2022-01-20,1,1,69.9,27.96,False
1593,16845,2025-10-01,1,1,399.99,160.0,False
1594,16846,2022-01-27,1,1,139.99,56.0,False
1595,16847,2023-06-22,1,3,149.97,60.0,False
1596,16848,2025-10-01,1,3,119.7,47.88,False
1597,16849,2025-12-01,1,1,49.99,20.0,False
1598,16850,2025-09-10,1,1,349.99,140.0,False
1599,16851,2025-09-29,1,3,179.97,72.0,False
1600,16852,2025-09-02,1,2,299.98,120.0,False
1601,16853,2023-05-07,1,1,25.99,10.4,False
1602,16854,2023-05-13,1,1,79.99,32.0,False
1603,16855,2022-01-30,1,1,159.99,64.0,False
1604,16856,2023-06-25,1,2,319.98,128.0,False
1605,16857,2023-06-25,1,1,299.99,120.0,False
1606,16858,2023-05-30,1,2,179.8,71.92,False
1607,16859,2025-11-07,1,2,119.98,48.0,False
1608,16860,2022-02-05,1,2,279.98,112.0,False
1609,16861,2023-06-11,1,1,299.99,120.0,False
1610,16862,2024-07-10,1,1,119.9,47.96,False
1611,16863,2025-11-29,1,1,179.99,72.0,False
1612,16864,2025-12-30,1,1,199.9,79.96,False
1613,16865,2025-11-16,1,1,24.9,9.96,False
1614,16866,2025-12-25,1,1,29.99,12.0,False
1615,16867,2023-06-08,1,2,199.98,80.0,False
1616,16868,2022-03-24,1,2,799.98,320.0,False
1617,16869,2023-04-07,1,1,39.99,16.0,False
1618,16870,2025-11-28,1,1,129.9,51.96,True
1619,16871,2025-12-28,1,1,149.99,60.0,False
1620,16872,2025-12-25,1,1,199.9,79.96,False
1621,16873,2023-06-12,1,1,179.99,72.0,False
1622,16874,2025-12-19,1,2,79.8,31.92,False
1623,16875,2022-01-08,1,1,129.99,52.0,False
1624,16876,2025-09-04,1,2,259.98,104.0,True
1625,16877,2025-12-16,1,1,139.99,56.0,False
1626,16878,2023-05-21,1,1,159.99,64.0,False
1627,16879,2024-08-24,1,1,29.99,12.0,False
1628,16880,2025-09-07,1,1,179.99,72.0,False
1629,16881,2024-08-13,1,1,199.9,79.96,False
1630,16882,2023-04-12,1,3,149.97,60.0,False
1631,16883,2023-06-19,1,1,34.99,14.0,False
1632,16884,2025-12-29,1,1,25.99,10.4,False
1633,16885,2025-11-21,1,1,99.99,40.0,False
1634,16886,2025-10-10,1,1,299.99,120.0,False
1635,16887,2025-09-04,1,2,119.98,48.0,False
1636,16888,2025-11-26,1,1,39.9,15.96,False
1637,16889,2025-12-22,1,1,24.9,9.96,True
1638,16890,2025-10-16,1,1,79.99,32.0,False
1639,16891,2022-01-05,1,1,129.99,52.0,False
1640,16892,2025-12-24,1,1,25.99,10.4,False
1641,16893,2023-05-11,1,2,179.8,71.92,False
1642,16894,2022-03-16,1,1,399.99,160.0,False
1643,16895,2022-02-02,1,1,399.99,160.0,False
1644,16896,2024-08-05,1,3,149.97,60.0,False
1645,16897,2025-12-02,1,1,99.9,39.96,False
1646,16898,2022-02-23,1,1,159.99,64.0,False
1647,16899,2025-12-20,1,1,129.99,52.0,False
1648,16900,2022-01-14,1,1,89.99,36.0,False
1649,16901,2022-03-21,1,1,299.99,120.0,False
1650,16902,2025-11-04,1,1,129.99,52.0,False
1651,16903,2025-11-16,1,2,59.98,24.0,False
1652,16904,2023-06-13,1,1,49.99,20.0,False
1653,16905,2025-12-11,1,2,179.8,71.92,True
1654,16906,2024-08-12,1,1,129.99,52.0,False
1655,16907,2024-08-27,1,1,299.99,120.0,False
1656,16908,2025-10-09,1,3,389.7,155.88,True
1657,16909,2022-02-11,1,1,99.9,39.96,False
1658,16910,2022-02-16,1,1,299.99,120.0,False
1659,16911,2022-01-28,1,1,25.99,10.4,False
1660,16912,2025-09-22,1,1,25.99,10.4,False
1661,16913,2023-06-19,1,1,19.99,8.0,False
1662,16914,2025-10-07,1,1,189.99,76.0,False
1663,16915,2025-09-25,1,2,49.98,20.0,False
1664,16916,2025-12-17,1,2,179.8,71.92,False
1665,16917,2025-10-11,1,2,259.98,104.0,False
1666,16918,2022-02-01,1,1,89.99,36.0,False
1667,16919,2025-11-14,1,1,79.99,32.0,False
1668,16920,2024-07-23,1,1,19.99,8.0,False
1669,16921,2024-07-07,1,1,129.99,52.0,False
1670,16922,2025-11-27,1,1,159.99,64.0,False
1671,16923,2023-04-08,1,2,59.98,24.0,False
1672,16924,2025-10-17,1,1,159.99,64.0,False
1673,16925,2022-03-28,1,1,89.99,36.0,False
1674,16926,2023-04-11,1,1,89.99,36.0,False
1675,16927,2025-12-20,1,2,499.98,200.0,False
1676,16928,2025-09-15,1,1,119.99,48.0,False
1677,16929,2022-02-19,1,3,119.7,47.88,False
1678,16930,2025-12-23,1,1,24.9,9.96,False
1679,16931,2025-10-05,1,1,39.9,15.96,False
1680,16932,2025-09-25,1,1,299.99,120.0,True
1681,16933,2022-03-22,1,1,29.99,12.0,False
1682,16934,2025-12-11,1,2,159.98,64.0,True
1683,16935,2025-11-07,1,3,449.7,179.88,False
1684,16936,2022-03-19,1,1,99.9,39.96,False
1685,16937,2025-09-15,1,1,99.99,40.0,False
1686,16938,2023-06-03,1,2,259.8,103.92,False
1687,16939,2025-09-21,1,1,249.99,100.0,False
1688,16940,2025-11-27,1,1,159.99,64.0,True
1689,16941,2023-04-29,1,1,299.99,120.0,False
1690,16942,2025-12-27,1,1,39.99,16.0,False
1691,16943,2023-06-04,1,1,129.99,52.0,False
1692,16944,2022-03-14,1,1,79.99,32.0,False
1693,16945,2025-09-30,1,1,79.99,32.0,False
1694,16946,2025-12-29,1,2,599.98,240.0,False
1695,16947,2023-06-06,1,1,199.9,79.96,False
1696,16948,2025-10-24,1,3,899.97,360.0,False
1697,16949,2025-12-02,1,2,49.8,19.92,False
1698,16950,2024-08-21,1,1,139.99,56.0,False
1699,16951,2025-10-30,1,1,129.99,52.0,True
1700,16952,2023-06-28,1,1,79.99,32.0,False
1701,16953,2025-12-20,1,1,79.99,32.0,False
1702,16954,2025-09-16,1,2,379.98,152.0,False
1703,16955,2025-09-26,1,2,51.98,20.8,False
1704,16956,2025-11-30,1,1,189.99,76.0,False
1705,16957,2025-09-14,1,1,59.99,24.0,False
1706,16958,2022-01-10,1,2,319.98,128.0,False
1707,16959,2022-01-13,1,1,29.99,12.0,False
1708,16960,2022-03-16,1,2,239.98,96.0,False
1709,16961,2024-08-22,1,1,119.99,48.0,True
1710,16962,2022-02-09,1,1,119.99,48.0,False
1711,16963,2025-10-18,1,2,699.98,280.0,False
1712,16964,2022-02-27,1,1,39.9,15.96,False
1713,16965,2025-09-23,1,1,119.99,48.0,False
1714,16966,2025-09-21,1,1,159.99,64.0,False
1715,16967,2023-05-03,1,1,99.9,39.96,False
1716,16968,2025-12-27,1,1,29.99,12.0,False
1717,16969,2023-05-27,1,2,199.8,79.92,False
1718,16970,2022-02-26,1,1,129.99,52.0,False
1719,16971,2022-01-15,1,1,89.99,36.0,False
1720,16972,2025-11-18,1,1,39.99,16.0,False
1721,16973,2023-04-27,1,1,39.99,16.0,False
1722,16974,2022-03-24,1,3,74.97,30.0,False
1723,16975,2025-11-21,1,1,99.9,39.96,False
1724,16976,2024-08-21,1,1,159.99,64.0,False
1725,16977,2025-11-06,1,1,129.99,52.0,False
1726,16978,2025-12-26,1,1,49.99,20.0,False
1727,16979,2024-07-16,1,1,24.9,9.96,False
1728,16980,2024-08-01,1,1,179.99,72.0,False
1729,16981,2023-06-16,1,1,179.99,72.0,True
1730,16982,2025-11-05,1,1,249.99,100.0,False
1731,16983,2023-04-22,1,1,129.99,52.0,False
1732,16984,2025-10-23,1,1,29.99,12.0,True
1733,16985,2025-12-24,1,1,34.99,14.0,False
1734,16986,2022-02-03,1,2,119.98,48.0,False
1735,16987,2025-09-02,1,1,189.99,76.0,False
1736,16988,2025-12-25,1,3,359.97,144.0,False
1737,16989,2022-03-14,1,2,699.98,280.0,False
1738,16990,2025-11-11,1,1,24.99,10.0,False
1739,16991,2025-11-11,1,1,59.99,24.0,False
1740,16992,2024-07-29,1,3,749.97,300.0,False
1741,16993,2023-06-25,1,1,39.9,15.96,False
1742,16994,2023-05-28,1,1,19.99,8.0,False
1743,16995,2025-10-22,1,2,499.98,200.0,False
1744,16996,2024-08-03,1,1,349.99,140.0,True
1745,16997,2022-01-03,1,1,149.9,59.96,False
1746,16998,2025-12-04,1,1,59.99,24.0,False
1747,16999,2023-06-25,1,1,24.9,9.96,False
1748,17000,2022-01-06,1,2,399.8,159.92,False
1749,17001,2025-12-06,1,1,199.9,79.96,False
1750,17002,2024-08-01,1,1,99.9,39.96,False
1751,17003,2024-07-26,1,1,79.99,32.0,False
1752,17004,2025-09-21,1,1,79.99,32.0,False
1753,17005,2025-11-24,1,1,299.99,120.0,False
1754,17006,2025-10-11,1,1,89.99,36.0,False
1755,17007,2025-12-14,1,2,39.98,16.0,False
1756,17008,2022-01-23,1,2,359.98,144.0,False
1757,17009,2022-02-25,1,1,89.9,35.96,False
1758,17010,2022-01-29,1,1,139.99,56.0,False
1759,17011,2025-11-22,1,1,79.99,32.0,False
1760,17012,2025-10-24,1,1,149.9,59.96,False
1761,17013,2022-02-03,1,2,399.8,159.92,False
1762,17014,2025-11-23,1,1,179.99,72.0,False
1763,17015,2022-03-30,1,2,179.98,72.0,False
1764,17016,2025-11-14,1,2,299.8,119.92,False
1765,17017,2025-10-29,1,1,189.99,76.0,False
1766,17018,2025-12-09,1,1,149.99,60.0,False
1767,17019,2024-07-29,1,1,189.99,76.0,False
1768,17020,2022-01-22,1,3,239.97,96.0,False
1769,17021,2023-05-10,1,1,199.9,79.96,False
1770,17022,2022-03-15,1,1,199.99,80.0,False
1771,17023,2024-07-21,1,2,39.98,16.0,False
1772,17024,2025-12-10,1,1,24.99,10.0,False
1773,17025,2022-01-14,1,1,89.9,35.96,False
1774,17026,2025-11-22,1,2,799.98,320.0,False
1775,17027,2025-12-26,1,1,79.99,32.0,False
1776,17028,2025-12-14,1,1,99.99,40.0,True
1777,17029,2024-08-12,1,2,399.8,159.92,False
1778,17030,2024-07-28,1,3,74.7,29.88,False
1779,17031,2022-01-08,1,1,119.99,48.0,False
1780,17032,2023-04-29,1,1,139.99,56.0,False
1781,17033,2025-12-17,1,1,59.99,24.0,True
1782,17034,2025-10-17,1,2,179.98,72.0,False
1783,17035,2024-08-07,1,1,29.99,12.0,False
1784,17036,2025-12-04,1,2,99.8,39.92,False
1785,17037,2025-09-18,1,3,419.97,168.0,False
1786,17038,2024-08-19,1,1,199.99,80.0,False
1787,17039,2024-08-06,1,1,25.99,10.4,False
1788,17040,2023-05-20,1,1,299.99,120.0,False
1789,17041,2025-12-13,1,1,149.99,60.0,False
1790,17042,2024-08-01,1,2,79.98,32.0,False
1791,17043,2023-04-15,1,1,249.99,100.0,False
1792,17044,2025-10-16,1,1,99.9,39.96,False
1793,17045,2025-09-18,1,2,399.98,160.0,False
1794,17046,2025-09-20,1,1,29.99,12.0,False
1795,17047,2025-10-20,1,2,51.98,20.8,False
1796,17048,2025-09-14,1,2,299.98,120.0,False
1797,17049,2025-11-07,1,2,299.8,119.92,False
1798,17050,2025-12-30,1,1,49.9,19.96,False
1799,17051,2025-12-04,1,1,79.99,32.0,False
1800,17052,2025-10-06,1,1,24.99,10.0,True
1801,17053,2024-07-12,1,1,89.99,36.0,False
1802,17054,2023-04-19,1,2,299.98,120.0,False
1803,17055,2025-10-29,1,2,599.98,240.0,True
1804,17056,2023-06-11,1,1,149.99,60.0,False
1805,17057,2024-07-08,1,2,49.8,19.92,False
1806,17058,2025-11-16,1,1,139.99,56.0,False
1807,17059,2025-11-10,1,2,239.98,96.0,False
1808,17060,2023-04-26,1,1,99.9,39.96,False
1809,17061,2025-10-18,1,2,319.98,128.0,False
1810,17062,2023-04-01,1,1,59.99,24.0,False
1811,17063,2025-09-23,1,1,19.99,8.0,True
1812,17064,2025-09-16,1,1,29.99,12.0,False
1813,17065,2025-10-21,1,2,179.98,72.0,False
1814,17066,2023-06-06,1,1,19.99,8.0,False
1815,17067,2025-12-04,1,1,39.9,15.96,False
1816,17068,2025-10-29,1,1,149.99,60.0,False
1817,17069,2025-09-21,1,2,799.98,320.0,False
1818,17070,2023-05-04,1,1,39.9,15.96,False
1819,17071,2024-08-18,1,1,129.9,51.96,False
1820,17072,2022-03-10,1,1,24.99,10.0,False
1821,17073,2025-11-11,1,1,79.99,32.0,True
1822,17074,2024-07-27,1,1,159.99,64.0,False
1823,17075,2024-08-05,1,1,39.9,15.96,False
1824,17076,2022-02-27,1,1,129.9,51.96,False
1825,17077,2025-12-26,1,1,159.99,64.0,False
1826,17078,2023-05-10,1,2,199.8,79.92,False
1827,17079,2024-08-05,1,1,59.99,24.0,False
1828,17080,2022-03-10,1,1,89.99,36.0,False
1829,17081,2025-09-24,1,1,24.99,10.0,False
1830,17082,2025-12-25,1,1,129.9,51.96,False
1831,17083,2025-10-19,1,1,119.99,48.0,False
1832,17084,2024-08-17,1,1,29.99,12.0,False
1833,17085,2025-12-28,1,1,89.99,36.0,False
1834,17086,2023-04-04,1,1,129.9,51.96,False
1835,17087,2023-05-31,1,3,269.97,108.0,False
1836,17088,2022-02-10,1,1,159.99,64.0,False
1837,17089,2023-06-24,1,1,129.99,52.0,False
1838,17090,2025-09-23,1,1,159.99,64.0,False
1839,17091,2022-01-01,1,1,249.99,100.0,False
1840,17092,2025-09-23,1,1,39.99,16.0,False
1841,17093,2025-11-17,1,2,99.98,40.0,False
1842,17094,2025-11-10,1,1,79.99,32.0,False
1843,17095,2024-08-13,1,3,419.97,168.0,False
1844,17096,2024-07-11,1,1,349.99,140.0,False
1845,17097,2025-12-04,1,1,349.99,140.0,False
1846,17098,2025-11-12,1,1,139.99,56.0,False
1847,17099,2023-05-26,1,2,199.98,80.0,False
1848,17100,2023-04-02,1,2,799.98,320.0,False
1849,17101,2025-12-18,1,1,149.99,60.0,False
1850,17102,2023-04-06,1,1,89.99,36.0,False
1851,17103,2024-08-16,1,1,129.9,51.96,False
1852,17104,2025-12-05,1,1,129.9,51.96,False
1853,17105,2024-07-15,1,1,24.99,10.0,False
1854,17106,2024-07-20,1,3,209.7,83.88,False
1855,17107,2025-11-26,1,3,119.97,48.0,False
1856,17108,2025-10-28,1,1,199.9,79.96,False
1857,17109,2022-01-27,1,2,179.98,72.0,False
1858,17110,2022-03-17,1,1,149.99,60.0,False
1859,17111,2025-11-08,1,1,89.99,36.0,False
1860,17112,2025-10-01,1,1,199.99,80.0,False
1861,17113,2024-08-07,1,1,19.99,8.0,False
1862,17114,2022-02-01,1,1,349.99,140.0,False
1863,17115,2025-12-21,1,2,279.98,112.0,False
1864,17116,2025-12-09,1,2,49.98,20.0,False
1865,17117,2025-11-30,1,1,249.99,100.0,False
1866,17118,2022-02-26,1,1,249.99,100.0,False
1867,17119,2023-04-11,1,2,199.98,80.0,False
1868,17120,2025-10-22,1,1,179.99,72.0,False
1869,17121,2022-01-12,1,2,49.8,19.92,False
1870,17122,2025-10-22,1,2,59.98,24.0,False
1871,17123,2024-07-29,1,1,129.99,52.0,False
1872,17124,2024-08-21,1,2,259.98,104.0,False
1873,17125,2025-10-27,1,2,259.8,103.92,False
1874,17126,2024-07-19,1,2,79.8,31.92,False
1875,17127,2023-04-13,1,1,79.99,32.0,False
1876,17128,2023-04-24,1,1,149.99,60.0,True
1877,17129,2022-01-20,1,1,29.99,12.0,False
1878,17130,2025-09-15,1,1,19.99,8.0,False
1879,17131,2025-12-09,1,1,189.99,76.0,False
1880,17132,2025-11-17,1,2,79.8,31.92,False
1881,17133,2024-07-16,1,2,39.98,16.0,False
1882,17134,2025-12-06,1,3,299.7,119.88,False
1883,17135,2022-01-13,1,1,24.9,9.96,False
1884,17136,2022-02-08,1,2,99.98,40.0,False
1885,17137,2025-12-04,1,2,51.98,20.8,False
1886,17138,2024-08-14,1,1,79.99,32.0,False
1887,17139,2024-08-17,1,2,159.98,64.0,True
1888,17140,2025-11-08,1,1,199.9,79.96,True
1889,17141,2025-12-16,1,2,119.98,48.0,False
1890,17142,2023-05-21,1,1,159.99,64.0,False
1891,17143,2025-11-04,1,1,39.99,16.0,False
1892,17144,2023-05-20,1,1,399.99,160.0,False
1893,17145,2025-10-27,1,2,299.98,120.0,False
1894,17146,2025-12-13,1,2,379.98,152.0,False
1895,17147,2022-03-07,1,1,99.9,39.96,False
1896,17148,2022-03-18,1,1,25.99,10.4,False
1897,17149,2024-08-01,1,1,29.99,12.0,False
1898,17150,2025-11-09,1,1,159.99,64.0,False
1899,17151,2022-01-19,1,1,79.99,32.0,False
1900,17152,2023-05-17,1,2,359.98,144.0,False
1901,17153,2025-10-03,1,1,99.9,39.96,False
1902,17154,2025-10-04,1,1,129.9,51.96,False
1903,17155,2024-08-07,1,2,79.8,31.92,False
1904,17156,2022-01-23,1,1,299.99,120.0,False
1905,17157,2024-08-06,1,1,399.99,160.0,False
1906,17158,2025-09-24,1,2,599.98,240.0,False
1907,17159,2025-10-23,1,2,279.98,112.0,False
1908,17160,2025-12-12,1,1,79.99,32.0,False
1909,17161,2024-07-11,1,2,199.98,80.0,False
1910,17162,2022-03-09,1,1,25.99,10.4,True
1911,17163,2024-07-07,1,1,79.99,32.0,False
1912,17164,2023-06-07,1,1,79.99,32.0,False
1913,17165,2025-11-17,1,2,99.8,39.92,False
1914,17166,2023-04-13,1,1,49.99,20.0,False
1915,17167,2023-06-01,1,2,51.98,20.8,False
1916,17168,2025-10-26,1,1,49.99,20.0,False
1917,17169,2025-11-27,1,1,79.99,32.0,False
1918,17170,2022-03-09,1,2,799.98,320.0,False
1919,17171,2025-11-03,1,1,24.9,9.96,False
1920,17172,2022-03-07,1,2,39.98,16.0,False
1921,17173,2023-06-28,1,1,399.99,160.0,False
1922,17174,2025-11-03,1,1,59.99,24.0,False
1923,17175,2025-09-25,1,1,39.9,15.96,False
1924,17176,2022-01-15,1,1,79.99,32.0,False
1925,17177,2023-04-04,1,1,99.9,39.96,False
1926,17178,2022-03-10,1,1,19.99,8.0,False
1927,17179,2023-05-25,1,2,99.98,40.0,False
1928,17180,2025-09-28,1,1,49.99,20.0,False
1929,17181,2023-04-29,1,2,799.98,320.0,True
1930,17182,2025-12-27,1,1,34.99,14.0,False
1931,17183,2023-04-18,1,2,399.8,159.92,False
1932,17184,2023-04-29,1,1,24.99,10.0,False
1933,17185,2022-02-18,1,2,319.98,128.0,False
1934,17186,2022-02-10,1,1,79.99,32.0,False
1935,17187,2022-03-20,1,1,199.9,79.96,False
1936,17188,2025-12-08,1,2,299.98,120.0,False
1937,17189,2025-09-06,1,2,119.98,48.0,False
1938,17190,2023-04-23,1,2,299.98,120.0,False
1939,17191,2025-10-29,1,1,119.99,48.0,False
1940,17192,2022-02-19,1,2,119.98,48.0,False
1941,17193,2025-09-02,1,1,139.99,56.0,False
1942,17194,2023-04-13,1,1,79.99,32.0,False
1943,17195,2025-11-06,1,1,24.9,9.96,True
1944,17196,2023-04-07,1,1,179.99,72.0,False
1945,17197,2025-09-29,1,1,24.99,10.0,False
1946,17198,2025-09-14,1,1,129.99,52.0,False
1947,17199,2025-11-24,1,1,29.99,12.0,False
1948,17200,2023-05-07,1,1,299.99,120.0,False
1949,17201,2025-11-22,1,1,299.99,120.0,True
1950,17202,2022-02-21,1,1,349.99,140.0,False
1951,17203,2022-01-18,1,1,79.99,32.0,False
1952,17204,2025-10-13,1,2,379.98,152.0,False
1953,17205,2025-09-27,1,1,139.99,56.0,False
1954,17206,2025-12-07,1,1,129.99,52.0,False
1955,17207,2025-09-11,1,2,39.98,16.0,False
1956,17208,2022-01-28,1,1,89.9,35.96,False
1957,17209,2025-09-05,1,1,25.99,10.4,False
1958,17210,2025-11-29,1,2,319.98,128.0,True
1959,17211,2023-06-19,1,1,129.9,51.96,False
1960,17212,2022-03-11,1,1,149.9,59.96,False
1961,17213,2022-03-06,1,1,49.99,20.0,False
1962,17214,2022-03-16,1,3,359.97,144.0,False
1963,17215,2025-11-12,1,1,59.99,24.0,False
1964,17216,2024-07-27,1,1,139.99,56.0,False
1965,17217,2025-12-28,1,2,159.98,64.0,False
1966,17218,2025-11-13,1,2,259.98,104.0,False
1967,17219,2022-01-13,1,1,139.99,56.0,False
1968,17220,2025-10-13,1,1,159.99,64.0,False
1969,17221,2023-05-20,1,1,129.99,52.0,False
1970,17222,2023-04-28,1,1,179.99,72.0,False
1971,17223,2025-12-21,1,1,129.99,52.0,False
1972,17224,2022-02-26,1,1,399.99,160.0,False
1973,17225,2025-10-10,1,1,59.99,24.0,False
1974,17226,2025-11-06,1,3,389.7,155.88,False
1975,17227,2022-03-07,1,1,129.99,52.0,False
1976,17228,2025-12-28,1,2,51.98,20.8,False
1977,17229,2025-10-13,1,2,79.8,31.92,False
1978,17230,2022-01-18,1,1,129.99,52.0,False
1979,17231,2023-06-19,1,1,29.99,12.0,False
1980,17232,2025-11-01,1,2,79.98,32.0,False
1981,17233,2024-08-03,1,1,149.99,60.0,False
1982,17234,2025-12-15,1,1,49.99,20.0,False
1983,17235,2023-04-20,1,2,119.98,48.0,False
1984,17236,2022-01-06,1,1,129.99,52.0,False
1985,17237,2022-03-13,1,1,59.99,24.0,False
1986,17238,2023-05-12,1,1,59.99,24.0,False
1987,17239,2023-04-13,1,1,129.99,52.0,False
1988,17240,2025-11-23,1,2,179.8,71.92,False
1989,17241,2023-05-20,1,1,99.99,40.0,True
1990,17242,2023-05-10,1,1,189.99,76.0,False
1991,17243,2023-06-16,1,2,39.98,16.0,False
1992,17244,2023-05-13,1,1,39.9,15.96,False
1993,17245,2022-01-05,1,2,79.8,31.92,True
1994,17246,2022-01-21,1,1,24.9,9.96,False
1995,17247,2024-08-04,1,2,179.98,72.0,True
1996,17248,2025-12-11,1,2,259.8,103.92,False
1997,17249,2023-04-08,1,1,149.99,60.0,False
1998,17250,2025-09-11,1,1,349.99,140.0,False
1999,17251,2025-09-23,1,1,149.99,60.0,False
2000,17252,2025-11-20,1,1,159.99,64.0,False
2001,17253,2025-12-17,1,1,79.99,32.0,False
2002,17254,2025-10-26,1,1,79.99,32.0,False
2003,17255,2025-12-06,1,2,319.98,128.0,False
2004,17256,2023-06-16,1,2,119.98,48.0,False
2005,17257,2025-12-12,1,1,159.99,64.0,False
2006,17258,2025-12-13,1,1,129.99,52.0,False
2007,17259,2025-12-03,1,2,379.98,152.0,False
2008,17260,2023-06-14,1,1,25.99,10.4,True
2009,17261,2022-01-02,1,1,159.99,64.0,False
2010,17262,2025-10-30,1,1,99.9,39.96,False
2011,17263,2023-05-07,1,2,49.8,19.92,False
2012,17264,2024-08-01,1,1,99.99,40.0,False
2013,17265,2022-01-03,1,1,249.99,100.0,False
2014,17266,2024-07-02,1,1,59.99,24.0,True
2015,17267,2024-07-08,1,1,79.99,32.0,True
2016,17268,2025-11-09,1,2,69.98,28.0,True
2017,17269,2024-08-01,1,2,99.98,40.0,False
2018,17270,2025-12-28,1,1,59.99,24.0,False
2019,17271,2025-10-05,1,1,179.99,72.0,False
2020,17272,2025-10-16,1,2,499.98,200.0,False
2021,17273,2022-01-31,1,1,119.99,48.0,False
2022,17274,2022-01-02,1,1,79.99,32.0,True
2023,17275,2025-10-13,1,1,99.9,39.96,False
2024,17276,2022-02-24,1,1,199.99,80.0,False
2025,17277,2025-11-17,1,1,129.9,51.96,False
2026,17278,2025-11-22,1,1,24.9,9.96,False
2027,17279,2023-06-19,1,1,79.99,32.0,False
2028,17280,2025-09-17,1,1,119.99,48.0,True
2029,17281,2025-09-19,1,2,799.98,320.0,False
2030,17282,2022-02-08,1,2,179.8,71.92,False
2031,17283,2023-04-29,1,1,59.99,24.0,False
2032,17284,2023-06-06,1,2,359.98,144.0,False
2033,17285,2025-09-04,1,1,119.99,48.0,False
2034,17286,2024-07-30,1,1,199.99,80.0,False
2035,17287,2022-03-13,1,1,99.99,40.0,False
2036,17288,2025-10-13,1,1,99.9,39.96,False
2037,17289,2022-02-10,1,2,79.98,32.0,False
2038,17290,2025-12-24,1,2,199.8,79.92,False
2039,17291,2024-08-01,1,2,399.8,159.92,False
2040,17292,2025-10-10,1,1,89.99,36.0,False
2041,17293,2023-05-19,1,1,24.99,10.0,False
2042,17294,2024-08-10,1,2,159.98,64.0,False
2043,17295,2022-01-02,1,1,149.9,59.96,False
2044,17296,2025-10-07,1,1,119.99,48.0,False
2045,17297,2025-11-27,1,2,299.98,120.0,False
2046,17298,2022-03-28,1,1,49.99,20.0,False
2047,17299,2025-10-20,1,3,1049.97,420.0,False
2048,17300,2025-12-11,1,2,79.98,32.0,True
2049,17301,2023-05-24,1,2,79.8,31.92,False
2050,17302,2022-03-06,1,1,99.99,40.0,False
2051,17303,2025-12-05,1,2,259.8,103.92,False
2052,17304,2022-02-25,1,1,59.99,24.0,False
2053,17305,2025-10-12,1,1,89.99,36.0,False
2054,17306,2023-05-05,1,1,59.99,24.0,False
2055,17307,2023-05-25,1,2,49.8,19.92,False
2056,17308,2023-06-21,1,1,159.99,64.0,False
2057,17309,2025-11-18,1,2,59.98,24.0,False
2058,17310,2022-02-13,1,2,119.98,48.0,False
2059,17311,2025-11-26,1,1,149.99,60.0,False
2060,17312,2023-04-25,1,3,269.7,107.88,False
2061,17313,2025-11-22,1,2,499.98,200.0,False
2062,17314,2024-08-28,1,2,359.98,144.0,False
2063,17315,2025-11-20,1,2,299.98,120.0,False
2064,17316,2025-11-06,1,1,249.99,100.0,False
2065,17317,2025-11-16,1,2,79.98,32.0,False
2066,17318,2025-10-20,1,2,799.98,320.0,False
2067,17319,2022-03-12,1,2,179.98,72.0,True
2068,17320,2024-08-26,1,2,199.8,79.92,False
2069,17321,2025-11-29,1,2,59.98,24.0,False
2070,17322,2025-09-06,1,1,249.99,100.0,False
2071,17323,2025-09-11,1,1,159.99,64.0,False
2072,17324,2024-08-18,1,1,199.9,79.96,False
2073,17325,2025-10-03,1,2,319.98,128.0,False
2074,17326,2022-03-17,1,1,129.99,52.0,False
2075,17327,2023-04-12,1,1,159.99,64.0,False
2076,17328,2025-12-03,1,1,39.99,16.0,False
2077,17329,2024-07-31,1,1,149.99,60.0,False
2078,17330,2025-12-16,1,2,199.98,80.0,True
2079,17331,2025-12-04,1,1,349.99,140.0,False
2080,17332,2024-07-29,1,1,159.99,64.0,False
2081,17333,2023-06-06,1,1,79.99,32.0,False
2082,17334,2022-02-05,1,2,319.98,128.0,False
2083,17335,2025-11-17,1,3,239.97,96.0,False
2084,17336,2025-09-14,1,1,129.9,51.96,False
2085,17337,2025-10-28,1,1,179.99,72.0,False
2086,17338,2024-07-27,1,1,129.99,52.0,False
2087,17339,2024-07-14,1,1,129.9,51.96,True
2088,17340,2025-11-26,1,2,179.98,72.0,False
2089,17341,2025-11-01,1,2,59.98,24.0,False
2090,17342,2023-05-22,1,2,99.98,40.0,False
2091,17343,2025-11-13,1,1,89.99,36.0,False
2092,17344,2025-09-07,1,2,599.98,240.0,False
2093,17345,2022-03-16,1,1,159.99,64.0,False
2094,17346,2025-10-16,1,1,129.99,52.0,False
2095,17347,2025-09-13,1,1,99.9,39.96,False
2096,17348,2023-05-12,1,1,299.99,120.0,False
2097,17349,2025-09-08,1,1,25.99,10.4,False
2098,17350,2023-06-23,1,1,89.99,36.0,False
2099,17351,2024-07-20,1,1,49.99,20.0,False
2100,17352,2024-07-02,1,1,59.99,24.0,False
2101,17353,2025-09-09,1,1,149.9,59.96,False
2102,17354,2023-04-20,1,1,49.99,20.0,False
2103,17355,2025-10-05,1,1,99.9,39.96,False
2104,17356,2024-08-15,1,2,359.98,144.0,False
2105,17357,2024-08-17,1,1,39.9,15.96,False
2106,17358,2025-12-21,1,1,129.99,52.0,False
2107,17359,2025-11-24,1,1,99.9,39.96,False
2108,17360,2025-12-29,1,2,399.98,160.0,False
2109,17361,2023-06-08,1,1,79.99,32.0,False
2110,17362,2025-11-23,1,2,259.98,104.0,True
2111,17363,2025-12-16,1,1,39.9,15.96,False
2112,17364,2024-08-14,1,2,159.98,64.0,False
2113,17365,2022-01-23,1,1,39.9,15.96,False
2114,17366,2022-01-26,1,2,39.98,16.0,False
2115,17367,2025-09-06,1,1,129.99,52.0,False
2116,17368,2025-12-24,1,1,59.99,24.0,False
2117,17369,2023-05-02,1,2,119.98,48.0,False
2118,17370,2025-12-18,1,1,59.99,24.0,False
2119,17371,2025-12-11,1,1,149.9,59.96,False
2120,17372,2022-02-19,1,2,59.98,24.0,False
2121,17373,2025-09-25,1,2,399.8,159.92,False
2122,17374,2025-10-01,1,1,149.9,59.96,False
2123,17375,2022-01-14,1,1,89.99,36.0,False
2124,17376,2025-11-11,1,2,599.98,240.0,False
2125,17377,2024-07-09,1,1,79.99,32.0,False
2126,17378,2025-12-16,1,1,299.99,120.0,False
2127,17379,2023-06-25,1,1,59.99,24.0,False
2128,17380,2025-11-26,1,1,24.9,9.96,False
2129,17381,2022-01-24,1,2,49.8,19.92,False
2130,17382,2025-09-25,1,1,299.99,120.0,False
2131,17383,2025-11-15,1,2,99.98,40.0,False
2132,17384,2023-04-06,1,1,25.99,10.4,False
2133,17385,2022-03-18,1,1,29.99,12.0,False
2134,17386,2025-11-11,1,1,39.9,15.96,False
2135,17387,2022-01-18,1,2,179.98,72.0,True
2136,17388,2025-09-24,1,1,59.99,24.0,False
2137,17389,2022-03-10,1,2,179.98,72.0,False
2138,17390,2024-07-11,1,1,119.99,48.0,False
2139,17391,2025-10-25,1,1,79.99,32.0,False
2140,17392,2023-04-19,1,1,79.99,32.0,False
2141,17393,2025-12-03,1,2,199.8,79.92,False
2142,17394,2023-04-13,1,1,129.9,51.96,False
2143,17395,2024-08-22,1,1,149.9,59.96,False
2144,17396,2025-09-28,1,1,99.9,39.96,False
2145,17397,2023-05-09,1,1,119.99,48.0,False
2146,17398,2025-11-18,1,1,99.99,40.0,False
2147,17399,2025-11-09,1,1,119.99,48.0,False
2148,17400,2025-09-12,1,1,24.9,9.96,False
2149,17401,2025-10-18,1,1,49.99,20.0,False
2150,17402,2024-08-09,1,2,319.98,128.0,False
2151,17403,2024-08-11,1,1,129.99,52.0,False
2152,17404,2024-08-07,1,2,139.98,56.0,False
2153,17405,2022-03-28,1,1,119.99,48.0,False
2154,17406,2024-08-22,1,1,199.9,79.96,False
2155,17407,2025-09-21,1,2,699.98,280.0,False
2156,17408,2023-04-14,1,1,39.9,15.96,True
2157,17409,2023-06-29,1,1,349.99,140.0,False
2158,17410,2022-01-19,1,1,49.9,19.96,False
2159,17411,2025-11-10,1,1,24.99,10.0,False
2160,17412,2025-10-13,1,1,39.9,15.96,True
2161,17413,2025-12-11,1,1,49.9,19.96,True
2162,17414,2022-01-22,1,2,99.8,39.92,False
2163,17415,2025-10-10,1,1,149.99,60.0,False
2164,17416,2024-07-24,1,1,34.99,14.0,False
2165,17417,2025-09-10,1,1,24.99,10.0,False
2166,17418,2025-11-16,1,1,25.99,10.4,False
2167,17419,2025-11-01,1,1,349.99,140.0,False
2168,17420,2025-12-27,1,3,179.97,72.0,False
2169,17421,2025-10-29,1,1,24.9,9.96,True
2170,17422,2025-09-09,1,1,149.9,59.96,False
2171,17423,2025-11-21,1,1,59.99,24.0,False
2172,17424,2023-06-21,1,3,269.7,107.88,True
2173,17425,2023-06-08,1,1,129.99,52.0,False
2174,17426,2023-04-29,1,2,319.98,128.0,False
2175,17427,2022-01-05,1,2,599.98,240.0,False
2176,17428,2025-09-16,1,1,139.99,56.0,False
2177,17429,2023-06-12,1,1,89.99,36.0,False
2178,17430,2025-11-29,1,1,129.99,52.0,False
2179,17431,2023-05-03,1,2,51.98,20.8,False
2180,17432,2022-01-10,1,1,299.99,120.0,False
2181,17433,2022-02-04,1,1,19.99,8.0,False
2182,17434,2024-07-30,1,1,24.99,10.0,False
2183,17435,2025-12-05,1,1,59.99,24.0,False
2184,17436,2023-05-30,1,1,59.99,24.0,False
2185,17437,2025-10-08,1,1,189.99,76.0,True
2186,17438,2023-04-10,1,1,39.9,15.96,False
2187,17439,2022-02-05,1,2,119.98,48.0,False
2188,17440,2023-05-06,1,2,79.98,32.0,False
2189,17441,2025-11-21,1,1,29.99,12.0,False
2190,17442,2024-07-24,1,1,199.99,80.0,False
2191,17443,2025-11-11,1,2,39.98,16.0,False
2192,17444,2022-02-01,1,1,249.99,100.0,False
2193,17445,2025-12-03,1,1,299.99,120.0,False
2194,17446,2024-08-11,1,1,39.9,15.96,False
2195,17447,2023-05-12,1,1,99.99,40.0,False
2196,17448,2025-09-13,1,3,77.97,31.2,False
2197,17449,2024-07-29,1,2,179.98,72.0,False
2198,17450,2025-11-30,1,1,39.9,15.96,False
2199,17451,2023-06-17,1,3,149.97,60.0,False
2200,17452,2025-12-05,1,1,49.9,19.96,False
2201,17453,2024-08-24,1,1,89.9,35.96,False
2202,17454,2023-04-01,1,1,89.9,35.96,False
2203,17455,2025-09-07,1,2,799.98,320.0,False
2204,17456,2025-09-14,1,3,599.97,240.0,False
2205,17457,2025-11-29,1,1,349.99,140.0,False
2206,17458,2024-08-16,1,1,49.99,20.0,False
2207,17459,2025-09-09,1,2,799.98,320.0,False
2208,17460,2025-09-12,1,1,39.9,15.96,False
2209,17461,2023-05-11,1,1,39.9,15.96,False
2210,17462,2023-06-16,1,1,149.9,59.96,False
2211,17463,2025-11-21,1,3,479.97,192.0,False
2212,17464,2025-09-27,1,3,599.7,239.88,False
2213,17465,2025-11-19,1,2,199.8,79.92,False
2214,17466,2023-05-13,1,1,129.9,51.96,True
2215,17467,2022-02-07,1,1,29.99,12.0,False
2216,17468,2023-04-19,1,1,49.99,20.0,False
2217,17469,2025-11-16,1,1,159.99,64.0,False
2218,17470,2025-11-12,1,1,39.9,15.96,False
2219,17471,2025-10-19,1,1,249.99,100.0,False
2220,17472,2024-07-22,1,2,599.98,240.0,False
2221,17473,2022-01-22,1,2,79.8,31.92,False
2222,17474,2024-07-05,1,1,59.99,24.0,False
2223,17475,2022-03-25,1,1,79.99,32.0,False
2224,17476,2023-04-26,1,2,799.98,320.0,False
2225,17477,2022-03-03,1,1,89.99,36.0,False
2226,17478,2023-06-15,1,1,149.99,60.0,False
2227,17479,2024-08-25,1,1,139.99,56.0,False
2228,17480,2025-09-21,1,1,399.99,160.0,False
2229,17481,2025-11-27,1,1,24.9,9.96,False
2230,17482,2023-06-08,1,1,99.9,39.96,False
2231,17483,2022-02-17,1,2,799.98,320.0,False
2232,17484,2025-09-30,1,2,51.98,20.8,False
2233,17485,2025-12-05,1,1,79.99,32.0,False
2234,17486,2025-12-23,1,1,199.9,79.96,False
2235,17487,2025-11-27,1,1,79.99,32.0,False
2236,17488,2025-12-09,1,1,249.99,100.0,False
2237,17489,2024-08-05,1,1,25.99,10.4,False
2238,17490,2023-05-31,1,1,399.99,160.0,False
2239,17491,2025-12-27,1,2,39.98,16.0,False
2240,17492,2025-11-06,1,1,49.99,20.0,False
2241,17493,2025-12-21,1,1,149.99,60.0,False
2242,17494,2023-06-03,1,1,24.9,9.96,False
2243,17495,2023-04-04,1,2,239.98,96.0,False
2244,17496,2025-11-17,1,1,24.9,9.96,False
2245,17497,2022-01-24,1,1,49.9,19.96,False
2246,17498,2025-10-29,1,1,89.99,36.0,False
2247,17499,2023-05-19,1,1,129.9,51.96,False
2248,17500,2024-08-14,1,1,29.99,12.0,False
2249,17501,2025-09-13,1,2,259.8,103.92,False
2250,17502,2025-10-19,1,1,199.9,79.96,False
2251,17503,2024-07-05,1,1,149.99,60.0,False
2252,17504,2025-12-28,1,1,59.99,24.0,False
2253,17505,2025-11-21,1,1,79.99,32.0,False
2254,17506,2023-05-29,1,1,49.99,20.0,False
2255,17507,2025-10-12,1,1,79.99,32.0,False
2256,17508,2025-11-15,1,1,159.99,64.0,False
2257,17509,2025-10-03,1,1,19.99,8.0,False
2258,17510,2025-10-08,1,1,199.9,79.96,False
2259,17511,2025-12-07,1,1,59.99,24.0,True
2260,17512,2025-09-24,1,1,159.99,64.0,False
2261,17513,2025-10-13,1,1,129.99,52.0,False
2262,17514,2025-10-26,1,1,99.99,40.0,False
2263,17515,2025-11-01,1,1,149.9,59.96,False
2264,17516,2024-08-12,1,2,49.8,19.92,False
2265,17517,2022-01-26,1,1,199.9,79.96,False
2266,17518,2022-01-10,1,3,74.97,30.0,True
2267,17519,2025-12-15,1,1,149.9,59.96,False
2268,17520,2022-01-02,1,2,499.98,200.0,False
2269,17521,2025-10-14,1,1,24.99,10.0,False
2270,17522,2024-07-27,1,2,39.98,16.0,False
2271,17523,2025-10-25,1,1,199.9,79.96,False
2272,17524,2024-07-15,1,1,99.99,40.0,False
2273,17525,2022-01-15,1,1,299.99,120.0,False
2274,17526,2024-08-20,1,1,159.99,64.0,False
2275,17527,2025-11-07,1,2,159.98,64.0,True
2276,17528,2022-01-05,1,2,159.98,64.0,False
2277,17529,2025-10-07,1,2,259.98,104.0,True
2278,17530,2025-11-04,1,1,39.99,16.0,False
2279,17531,2022-01-13,1,1,159.99,64.0,False
2280,17532,2024-07-09,1,1,199.9,79.96,False
2281,17533,2025-09-30,1,1,179.99,72.0,True
2282,17534,2022-03-17,1,1,249.99,100.0,False
2283,17535,2024-07-06,1,2,599.98,240.0,False
2284,17536,2025-11-11,1,1,189.99,76.0,False
2285,17537,2025-11-22,1,1,59.99,24.0,False
2286,17538,2024-07-09,1,2,159.98,64.0,False
2287,17539,2024-08-30,1,1,159.99,64.0,False
2288,17540,2024-08-17,1,3,59.97,24.0,True
2289,17541,2025-09-27,1,1,299.99,120.0,False
2290,17542,2025-11-10,1,1,99.9,39.96,False
2291,17543,2024-08-19,1,2,299.98,120.0,False
2292,17544,2024-07-10,1,1,149.99,60.0,False
2293,17545,2025-10-27,1,2,599.98,240.0,False
2294,17546,2025-11-25,1,1,119.99,48.0,False
2295,17547,2023-06-26,1,1,149.99,60.0,False
2296,17548,2022-01-09,1,1,89.99,36.0,False
2297,17549,2023-04-10,1,1,24.99,10.0,False
2298,17550,2025-09-21,1,1,25.99,10.4,False
2299,17551,2025-11-09,1,1,189.99,76.0,False
2300,17552,2025-12-07,1,2,159.98,64.0,False
2301,17553,2024-07-02,1,1,25.99,10.4,False
2302,17554,2023-04-03,1,2,49.98,20.0,False
2303,17555,2025-09-12,1,1,39.99,16.0,False
2304,17556,2025-09-16,1,2,99.8,39.92,False
2305,17557,2023-05-21,1,1,49.99,20.0,False
2306,17558,2025-11-19,1,1,49.99,20.0,False
2307,17559,2023-06-23,1,1,129.99,52.0,True
2308,17560,2024-08-01,1,2,39.98,16.0,False
2309,17561,2025-10-17,1,1,179.99,72.0,False
2310,17562,2025-11-28,1,3,569.97,228.0,False
2311,17563,2025-11-25,1,1,59.99,24.0,True
2312,17564,2023-06-12,1,1,99.9,39.96,False
2313,17565,2022-01-10,1,1,79.99,32.0,False
2314,17566,2025-11-29,1,1,49.99,20.0,False
2315,17567,2022-03-26,1,1,139.99,56.0,True
2316,17568,2023-06-17,1,2,299.98,120.0,False
2317,17569,2023-04-07,1,1,129.99,52.0,False
2318,17570,2025-11-10,1,1,39.99,16.0,False
2319,17571,2023-05-09,1,1,349.99,140.0,False
2320,17572,2025-09-11,1,1,79.99,32.0,False
2321,17573,2023-06-14,1,1,24.99,10.0,False
2322,17574,2025-09-25,1,2,319.98,128.0,False
2323,17575,2025-09-15,1,1,79.99,32.0,False
2324,17576,2025-10-24,1,1,49.99,20.0,False
2325,17577,2023-04-27,1,3,419.97,168.0,True
2326,17578,2025-12-16,1,1,129.9,51.96,False
2327,17579,2025-10-14,1,1,99.9,39.96,False
2328,17580,2025-10-16,1,1,19.99,8.0,False
2329,17581,2025-10-07,1,2,179.98,72.0,False
2330,17582,2025-12-23,1,2,119.98,48.0,False
2331,17583,2024-08-26,1,1,19.99,8.0,False
2332,17584,2022-01-14,1,1,119.99,48.0,False
2333,17585,2023-05-08,1,1,79.99,32.0,False
2334,17586,2025-12-06,1,2,79.8,31.92,False
2335,17587,2022-02-15,1,2,159.98,64.0,False
2336,17588,2023-05-06,1,1,99.9,39.96,False
2337,17589,2023-06-09,1,1,89.99,36.0,False
2338,17590,2025-11-11,1,2,79.98,32.0,False
2339,17591,2022-03-26,1,1,99.9,39.96,False
2340,17592,2025-10-25,1,1,129.9,51.96,False
2341,17593,2025-10-18,1,1,59.99,24.0,True
2342,17594,2023-04-09,1,1,24.99,10.0,False
2343,17595,2024-07-06,1,1,129.99,52.0,True
2344,17596,2025-10-16,1,1,24.99,10.0,False
2345,17597,2023-05-09,1,2,119.98,48.0,False
2346,17598,2024-08-01,1,1,99.99,40.0,False
2347,17599,2023-05-15,1,2,59.98,24.0,False
2348,17600,2025-10-12,1,1,299.99,120.0,False
2349,17601,2023-05-08,1,1,59.99,24.0,False
2350,17602,2022-01-16,1,2,299.98,120.0,False
2351,17603,2024-08-03,1,1,24.99,10.0,False
2352,17604,2024-07-28,1,1,299.99,120.0,False
2353,17605,2025-12-21,1,1,24.99,10.0,False
2354,17606,2022-03-20,1,1,129.9,51.96,False
2355,17607,2022-03-05,1,3,449.97,180.0,False
2356,17608,2024-07-07,1,1,39.9,15.96,False
2357,17609,2022-01-27,1,2,499.98,200.0,False
2358,17610,2025-12-20,1,1,199.99,80.0,False
2359,17611,2023-04-18,1,1,99.99,40.0,False
2360,17612,2022-02-06,1,1,49.99,20.0,True
2361,17613,2025-10-09,1,1,349.99,140.0,False
2362,17614,2022-01-12,1,1,399.99,160.0,False
2363,17615,2025-10-02,1,1,25.99,10.4,False
2364,17616,2025-10-17,1,2,79.98,32.0,False
2365,17617,2022-02-07,1,1,25.99,10.4,False
2366,17618,2025-11-12,1,1,299.99,120.0,False
2367,17619,2022-01-05,1,2,119.98,48.0,False
2368,17620,2025-11-19,1,2,499.98,200.0,False
2369,17621,2025-09-11,1,1,129.9,51.96,False
2370,17622,2022-01-24,1,3,389.7,155.88,False
2371,17623,2025-12-15,1,2,51.98,20.8,False
2372,17624,2025-10-29,1,2,79.8,31.92,False
2373,17625,2025-10-07,1,2,119.98,48.0,False
2374,17626,2023-05-16,1,1,29.99,12.0,False
2375,17627,2025-09-12,1,1,129.9,51.96,False
2376,17628,2022-03-25,1,1,49.99,20.0,False
2377,17629,2022-02-02,1,1,159.99,64.0,False
2378,17630,2023-06-06,1,2,279.98,112.0,False
2379,17631,2022-02-14,1,1,99.9,39.96,False
2380,17632,2025-09-19,1,3,239.97,96.0,False
2381,17633,2025-11-06,1,2,259.8,103.92,False
2382,17634,2024-07-07,1,1,299.99,120.0,False
2383,17635,2025-11-26,1,1,34.99,14.0,True
2384,17636,2024-08-21,1,1,24.99,10.0,False
2385,17637,2024-08-30,1,1,139.99,56.0,False
2386,17638,2025-12-28,1,1,34.99,14.0,False
2387,17639,2022-01-14,1,3,149.97,60.0,False
2388,17640,2023-04-07,1,1,249.99,100.0,False
2389,17641,2023-05-18,1,1,199.9,79.96,False
2390,17642,2024-07-13,1,1,89.99,36.0,False
2391,17643,2025-12-13,1,1,39.99,16.0,False
2392,17644,2022-02-14,1,1,59.99,24.0,False
2393,17645,2025-10-01,1,2,199.98,80.0,True
2394,17646,2022-03-01,1,1,189.99,76.0,False
2395,17647,2025-11-24,1,3,299.7,119.88,False
2396,17648,2025-12-23,1,1,179.99,72.0,False
2397,17649,2023-06-29,1,1,39.9,15.96,False
2398,17650,2022-02-27,1,1,59.99,24.0,False
2399,17651,2022-01-21,1,1,59.99,24.0,False
2400,17652,2023-06-27,1,1,99.99,40.0,False
2401,17653,2023-05-13,1,3,569.97,228.0,False
2402,17654,2023-06-04,1,1,59.99,24.0,False
2403,17655,2025-12-04,1,1,49.9,19.96,False
2404,17656,2025-11-09,1,2,119.98,48.0,False
2405,17657,2022-02-07,1,1,89.99,36.0,False
2406,17658,2025-09-20,1,3,269.7,107.88,False
2407,17659,2023-06-15,1,1,179.99,72.0,True
2408,17660,2025-10-24,1,1,129.99,52.0,False
2409,17661,2024-07-12,1,1,159.99,64.0,False
2410,17662,2025-11-08,1,1,99.99,40.0,False
2411,17663,2025-10-25,1,1,99.9,39.96,False
2412,17664,2025-11-22,1,1,24.99,10.0,False
2413,17665,2023-06-12,1,1,79.99,32.0,False
2414,17666,2025-10-01,1,1,79.99,32.0,False
2415,17667,2022-01-11,1,3,149.97,60.0,False
2416,17668,2025-12-02,1,1,199.9,79.96,False
2417,17669,2023-05-20,1,3,479.97,192.0,False
2418,17670,2025-11-24,1,2,279.98,112.0,False
2419,17671,2022-01-25,1,2,279.98,112.0,False
2420,17672,2024-08-13,1,1,159.99,64.0,False
2421,17673,2024-08-17,1,1,39.99,16.0,False
2422,17674,2023-04-02,1,1,49.9,19.96,False
2423,17675,2022-01-18,1,1,349.99,140.0,False
2424,17676,2025-12-23,1,2,199.8,79.92,False
2425,17677,2025-12-18,1,1,139.99,56.0,False
2426,17678,2022-01-09,1,1,399.99,160.0,False
2427,17679,2024-08-10,1,1,89.99,36.0,False
2428,17680,2022-03-15,1,1,129.9,51.96,False
2429,17681,2024-07-15,1,1,49.99,20.0,False
2430,17682,2022-01-01,1,2,259.98,104.0,True
2431,17683,2024-07-19,1,2,179.8,71.92,False
2432,17684,2024-08-22,1,2,199.8,79.92,False
2433,17685,2023-04-15,1,1,24.9,9.96,False
2434,17686,2025-09-19,1,1,99.9,39.96,False
2435,17687,2025-11-26,1,1,159.99,64.0,False
2436,17688,2023-06-04,1,3,389.7,155.88,False
2437,17689,2023-05-02,1,1,129.99,52.0,False
2438,17690,2024-08-25,1,1,159.99,64.0,False
2439,17691,2023-05-23,1,1,24.99,10.0,True
2440,17692,2023-05-26,1,1,89.99,36.0,False
2441,17693,2025-12-23,1,1,179.99,72.0,False
2442,17694,2024-07-12,1,1,24.9,9.96,False
2443,17695,2023-05-29,1,1,249.99,100.0,False
2444,17696,2025-12-09,1,1,99.99,40.0,False
2445,17697,2025-12-26,1,1,159.99,64.0,False
2446,17698,2023-05-16,1,1,79.99,32.0,False
2447,17699,2024-08-20,1,2,159.98,64.0,False
2448,17700,2025-10-12,1,2,119.98,48.0,False
2449,17701,2025-11-10,1,1,24.99,10.0,False
2450,17702,2025-10-01,1,2,399.8,159.92,False
2451,17703,2025-09-07,1,1,34.99,14.0,False
2452,17704,2024-08-30,1,1,399.99,160.0,False
2453,17705,2025-09-07,1,1,139.99,56.0,False
2454,17706,2025-12-02,1,1,49.99,20.0,False
2455,17707,2023-06-26,1,2,259.98,104.0,False
2456,17708,2022-02-08,1,1,159.99,64.0,False
2457,17709,2024-08-30,1,1,25.99,10.4,False
2458,17710,2025-12-30,1,1,199.9,79.96,False
2459,17711,2025-11-15,1,1,299.99,120.0,False
2460,17712,2024-07-22,1,1,39.99,16.0,True
2461,17713,2023-05-05,1,2,799.98,320.0,False
2462,17714,2024-08-30,1,2,359.98,144.0,False
2463,17715,2022-02-13,1,2,51.98,20.8,False
2464,17716,2025-10-26,1,1,149.99,60.0,False
2465,17717,2022-02-11,1,2,279.98,112.0,False
2466,17718,2023-06-12,1,2,159.98,64.0,False
2467,17719,2025-12-07,1,1,79.99,32.0,False
2468,17720,2025-10-28,1,1,299.99,120.0,False
2469,17721,2025-11-06,1,2,119.98,48.0,False
2470,17722,2025-09-29,1,2,119.98,48.0,False
2471,17723,2025-12-15,1,2,119.98,48.0,False
2472,17724,2025-12-02,1,2,79.8,31.92,False
2473,17725,2022-02-03,1,2,99.98,40.0,False
2474,17726,2022-03-11,1,1,29.99,12.0,False
2475,17727,2025-09-04,1,2,51.98,20.8,False
2476,17728,2024-07-23,1,1,19.99,8.0,False
2477,17729,2025-09-22,1,2,99.98,40.0,False
2478,17730,2025-12-19,1,2,399.98,160.0,False
2479,17731,2023-06-07,1,1,129.9,51.96,False
2480,17732,2022-02-12,1,1,149.9,59.96,False
2481,17733,2022-03-05,1,2,319.98,128.0,False
2482,17734,2023-06-21,1,1,49.99,20.0,False
2483,17735,2022-01-25,1,1,25.99,10.4,False
2484,17736,2023-04-11,1,1,199.99,80.0,False
2485,17737,2024-08-09,1,1,159.99,64.0,False
2486,17738,2022-02-19,1,2,259.98,104.0,False
2487,17739,2023-06-01,1,1,39.99,16.0,False
2488,17740,2025-12-27,1,2,599.98,240.0,False
2489,17741,2025-11-30,1,1,129.99,52.0,False
2490,17742,2024-08-18,1,2,279.98,112.0,True
2491,17743,2022-01-02,1,2,49.8,19.92,False
2492,17744,2024-07-04,1,1,99.9,39.96,False
2493,17745,2022-01-08,1,2,319.98,128.0,False
2494,17746,2025-12-24,1,2,79.8,31.92,False
2495,17747,2023-05-11,1,2,319.98,128.0,False
2496,17748,2023-05-29,1,3,899.97,360.0,False
2497,17749,2024-08-05,1,1,24.9,9.96,False
2498,17750,2022-02-24,1,1,59.99,24.0,False
2499,17751,2024-07-03,1,1,79.99,32.0,False
2500,17752,2022-03-30,1,1,129.99,52.0,False
2501,17753,2025-12-12,1,1,34.99,14.0,False
2502,17754,2025-11-29,1,1,139.99,56.0,True
2503,17755,2024-07-05,1,1,39.99,16.0,False
2504,17756,2022-03-15,1,1,29.99,12.0,False
2505,17757,2025-10-20,1,1,79.99,32.0,False
2506,17758,2023-05-03,1,1,59.99,24.0,False
2507,17759,2023-04-29,1,1,149.9,59.96,False
2508,17760,2022-01-14,1,1,79.99,32.0,False
2509,17761,2025-10-10,1,1,49.9,19.96,False
2510,17762,2025-11-05,1,1,49.99,20.0,False
2511,17763,2024-07-17,1,2,159.98,64.0,False
2512,17764,2024-08-01,1,1,89.99,36.0,False
2513,17765,2025-12-11,1,3,389.97,156.0,False
2514,17766,2023-06-28,1,3,119.7,47.88,False
2515,17767,2025-12-02,1,2,259.8,103.92,False
2516,17768,2023-04-16,1,1,119.99,48.0,False
2517,17769,2025-11-28,1,1,89.99,36.0,False
2518,17770,2023-06-11,1,1,89.9,35.96,False
2519,17771,2025-09-11,1,1,89.99,36.0,False
2520,17772,2025-09-12,1,1,29.99,12.0,False
2521,17773,2023-05-26,1,1,39.99,16.0,False
2522,17774,2025-10-30,1,1,24.99,10.0,False
2523,17775,2025-11-26,1,1,129.9,51.96,False
2524,17776,2025-10-08,1,2,279.98,112.0,False
2525,17777,2025-10-25,1,1,39.99,16.0,False
2526,17778,2025-10-04,1,1,89.9,35.96,False
2527,17779,2023-05-14,1,1,24.99,10.0,False
2528,17780,2025-10-18,1,1,24.99,10.0,True
2529,17781,2025-10-12,1,2,99.8,39.92,False
2530,17782,2024-07-16,1,1,49.99,20.0,False
2531,17783,2023-06-02,1,1,89.9,35.96,False
2532,17784,2025-09-28,1,1,299.99,120.0,False
2533,17785,2024-07-21,1,1,39.9,15.96,False
2534,17786,2022-03-04,1,1,49.99,20.0,False
2535,17787,2025-12-15,1,1,89.9,35.96,False
2536,17788,2022-02-04,1,1,29.99,12.0,False
2537,17789,2025-11-25,1,1,19.99,8.0,False
2538,17790,2025-10-30,1,1,24.9,9.96,False
2539,17791,2025-11-15,1,1,399.99,160.0,False
2540,17792,2024-07-05,1,1,129.9,51.96,True
2541,17793,2023-05-11,1,2,259.8,103.92,True
2542,17794,2025-09-26,1,1,39.99,16.0,True
2543,17795,2025-09-20,1,1,129.9,51.96,False
2544,17796,2025-09-24,1,1,159.99,64.0,False
2545,17797,2024-08-16,1,1,129.9,51.96,False
2546,17798,2023-04-04,1,1,39.99,16.0,True
2547,17799,2024-08-05,1,2,119.98,48.0,False
2548,17800,2023-05-22,1,1,24.99,10.0,False
2549,17801,2025-11-08,1,2,199.98,80.0,False
2550,17802,2025-11-11,1,1,159.99,64.0,False
2551,17803,2022-03-09,1,1,89.99,36.0,False
2552,17804,2023-05-06,1,1,34.99,14.0,False
2553,17805,2022-02-19,1,1,79.99,32.0,False
2554,17806,2022-01-24,1,1,159.99,64.0,False
2555,17807,2023-04-15,1,1,299.99,120.0,False
2556,17808,2023-06-11,1,2,59.98,24.0,False
2557,17809,2024-07-25,1,1,49.99,20.0,False
2558,17810,2023-04-15,1,1,89.9,35.96,False
2559,17811,2025-11-25,1,1,25.99,10.4,False
2560,17812,2025-12-25,1,3,119.7,47.88,False
2561,17813,2025-10-12,1,1,179.99,72.0,False
2562,17814,2025-12-20,1,1,119.99,48.0,False
2563,17815,2023-04-27,1,1,149.9,59.96,False
2564,17816,2022-01-12,1,1,299.99,120.0,False
2565,17817,2022-02-20,1,2,49.98,20.0,False
2566,17818,2025-10-28,1,1,59.99,24.0,False
2567,17819,2025-11-10,1,1,79.99,32.0,False
2568,17820,2025-11-17,1,1,149.9,59.96,False
2569,17821,2025-09-29,1,1,399.99,160.0,False
2570,17822,2025-09-08,1,1,49.99,20.0,False
2571,17823,2023-06-18,1,2,279.98,112.0,False
2572,17824,2025-11-28,1,2,319.98,128.0,False
2573,17825,2022-02-22,1,2,49.8,19.92,False
2574,17826,2025-10-06,1,1,249.99,100.0,False
2575,17827,2023-06-14,1,1,79.99,32.0,False
2576,17828,2022-01-30,1,2,319.98,128.0,False
2577,17829,2022-03-04,1,2,399.8,159.92,False
2578,17830,2022-02-09,1,1,99.99,40.0,False
2579,17831,2022-01-20,1,1,199.9,79.96,False
2580,17832,2025-11-02,1,1,39.9,15.96,False
2581,17833,2022-01-13,1,1,49.99,20.0,False
2582,17834,2025-10-25,1,1,199.99,80.0,False
2583,17835,2025-10-06,1,1,299.99,120.0,False
2584,17836,2023-06-28,1,1,249.99,100.0,False
2585,17837,2024-08-21,1,1,199.9,79.96,False
2586,17838,2025-10-15,1,2,259.8,103.92,False
2587,17839,2022-02-02,1,1,399.99,160.0,False
2588,17840,2022-01-13,1,1,119.99,48.0,False
2589,17841,2025-11-04,1,1,139.99,56.0,False
2590,17842,2025-12-25,1,1,24.9,9.96,False
2591,17843,2023-06-11,1,1,24.99,10.0,False
2592,17844,2022-01-08,1,2,51.98,20.8,False
2593,17845,2025-11-10,1,1,129.9,51.96,False
2594,17846,2024-07-22,1,1,299.99,120.0,False
2595,17847,2025-12-21,1,1,59.99,24.0,False
2596,17848,2022-02-14,1,1,19.99,8.0,False
2597,17849,2023-06-15,1,2,99.8,39.92,False
2598,17850,2024-08-29,1,1,89.99,36.0,False
2599,17851,2025-12-21,1,1,59.99,24.0,False
2600,17852,2022-01-03,1,1,59.99,24.0,False
2601,17853,2022-03-01,1,2,599.98,240.0,False
2602,17854,2023-06-11,1,1,179.99,72.0,False
2603,17855,2023-05-23,1,1,189.99,76.0,False
2604,17856,2025-09-05,1,1,159.99,64.0,False
2605,17857,2025-10-24,1,2,359.98,144.0,False
2606,17858,2024-07-20,1,1,39.9,15.96,False
2607,17859,2025-09-14,1,1,159.99,64.0,True
2608,17860,2023-06-10,1,1,199.9,79.96,False
2609,17861,2025-12-10,1,1,119.99,48.0,False
2610,17862,2025-10-02,1,1,119.99,48.0,False
2611,17863,2025-10-22,1,1,129.99,52.0,False
2612,17864,2025-12-11,1,1,29.99,12.0,False
2613,17865,2024-08-05,1,1,129.9,51.96,False
2614,17866,2025-10-24,1,1,99.99,40.0,False
2615,17867,2025-11-17,1,2,79.8,31.92,False
2616,17868,2024-07-03,1,1,189.99,76.0,False
2617,17869,2024-07-13,1,1,159.99,64.0,False
2618,17870,2023-06-24,1,1,89.9,35.96,False
2619,17871,2025-10-25,1,2,259.8,103.92,False
2620,17872,2025-10-05,1,1,79.99,32.0,False
2621,17873,2022-01-22,1,1,29.99,12.0,False
2622,17874,2023-06-11,1,1,139.99,56.0,False
2623,17875,2025-12-24,1,1,179.99,72.0,False
2624,17876,2022-01-14,1,1,79.99,32.0,False
2625,17877,2024-07-05,1,1,49.9,19.96,False
2626,17878,2024-07-29,1,2,259.8,103.92,False
2627,17879,2025-12-07,1,1,89.99,36.0,False
2628,17880,2025-11-20,1,1,49.9,19.96,False
2629,17881,2023-04-25,1,1,299.99,120.0,True
2630,17882,2025-12-06,1,2,359.98,144.0,False
2631,17883,2025-09-04,1,2,159.98,64.0,False
2632,17884,2022-03-30,1,1,49.99,20.0,False
2633,17885,2024-07-08,1,1,129.9,51.96,False
2634,17886,2022-01-11,1,1,39.9,15.96,False
2635,17887,2024-08-24,1,2,79.8,31.92,False
2636,17888,2023-04-08,1,1,149.9,59.96,False
2637,17889,2022-03-25,1,2,279.98,112.0,False
2638,17890,2024-08-24,1,2,359.98,144.0,False
2639,17891,2025-12-28,1,1,24.99,10.0,False
2640,17892,2025-11-23,1,2,319.98,128.0,False
2641,17893,2024-08-21,1,1,189.99,76.0,True
2642,17894,2025-11-28,1,2,299.98,120.0,False
2643,17895,2025-12-15,1,1,25.99,10.4,False
2644,17896,2023-05-06,1,2,179.8,71.92,False
2645,17897,2024-07-09,1,1,59.99,24.0,False
2646,17898,2023-06-10,1,2,299.98,120.0,True
2647,17899,2025-12-15,1,1,349.99,140.0,False
2648,17900,2022-01-17,1,1,59.99,24.0,False
2649,17901,2025-12-17,1,2,99.98,40.0,False
2650,17902,2023-06-25,1,1,129.99,52.0,False
2651,17903,2022-03-26,1,1,25.99,10.4,False
2652,17904,2025-11-22,1,2,39.98,16.0,False
2653,17905,2022-03-04,1,1,299.99,120.0,False
2654,17906,2022-01-08,1,1,189.99,76.0,False
2655,17907,2025-09-08,1,1,19.99,8.0,False
2656,17908,2024-08-12,1,1,89.9,35.96,False
2657,17909,2022-03-01,1,1,89.99,36.0,False
2658,17910,2025-09-24,1,1,89.99,36.0,False
2659,17911,2025-10-03,1,2,119.98,48.0,False
2660,17912,2023-04-04,1,1,79.99,32.0,False
2661,17913,2025-11-07,1,1,39.9,15.96,False
2662,17914,2023-06-29,1,3,89.97,36.0,True
2663,17915,2025-09-27,1,1,159.99,64.0,False
2664,17916,2022-02-06,1,1,49.99,20.0,False
2665,17917,2025-10-15,1,3,449.97,180.0,False
2666,17918,2025-09-07,1,2,299.98,120.0,True
2667,17919,2023-05-16,1,1,25.99,10.4,False
2668,17920,2025-12-13,1,1,89.99,36.0,False
2669,17921,2025-12-20,1,1,129.9,51.96,False
2670,17922,2025-10-17,1,1,59.99,24.0,False
2671,17923,2025-11-13,1,2,49.98,20.0,False
2672,17924,2025-10-03,1,1,129.9,51.96,False
2673,17925,2025-12-06,1,1,249.99,100.0,False
2674,17926,2023-05-05,1,2,259.98,104.0,False
2675,17927,2022-02-10,1,1,159.99,64.0,False
2676,17928,2022-03-02,1,1,159.99,64.0,False
2677,17929,2025-11-24,1,2,49.8,19.92,False
2678,17930,2024-08-28,1,3,389.97,156.0,False
2679,17931,2025-11-26,1,1,249.99,100.0,False
2680,17932,2022-03-07,1,1,24.9,9.96,False
2681,17933,2023-05-23,1,1,59.99,24.0,False
2682,17934,2022-01-15,1,1,89.9,35.96,False
2683,17935,2025-11-17,1,1,189.99,76.0,False
2684,17936,2023-05-31,1,1,24.99,10.0,True
2685,17937,2025-11-20,1,1,129.9,51.96,False
2686,17938,2023-05-09,1,1,129.9,51.96,False
2687,17939,2022-01-27,1,1,299.99,120.0,False
2688,17940,2023-06-13,1,1,59.99,24.0,False
2689,17941,2025-09-04,1,1,79.99,32.0,False
2690,17942,2025-09-13,1,1,179.99,72.0,False
2691,17943,2025-10-17,1,1,249.99,100.0,True
2692,17944,2024-07-27,1,1,249.99,100.0,False
2693,17945,2024-08-04,1,2,79.8,31.92,False
2694,17946,2023-05-06,1,2,299.98,120.0,True
2695,17947,2022-03-15,1,1,59.99,24.0,False
2696,17948,2025-09-02,1,1,349.99,140.0,False
2697,17949,2025-10-19,1,2,79.8,31.92,False
2698,17950,2025-09-29,1,1,59.99,24.0,False
2699,17951,2025-10-02,1,2,279.98,112.0,False
2700,17952,2025-12-23,1,1,39.99,16.0,True
2701,17953,2022-01-01,1,1,19.99,8.0,True
2702,17954,2025-10-01,1,1,189.99,76.0,False
2703,17955,2025-11-01,1,1,49.99,20.0,False
2704,17956,2025-10-14,1,1,159.99,64.0,False
2705,17957,2024-07-15,1,2,179.8,71.92,False
2706,17958,2025-09-09,1,2,159.98,64.0,True
2707,17959,2024-07-12,1,1,159.99,64.0,False
2708,17960,2024-07-09,1,1,99.9,39.96,False
2709,17961,2024-08-24,1,1,199.99,80.0,False
2710,17962,2025-10-04,1,1,39.9,15.96,False
2711,17963,2025-11-01,1,1,249.99,100.0,False
2712,17964,2025-11-30,1,2,59.98,24.0,False
2713,17965,2022-02-01,1,1,249.99,100.0,False
2714,17966,2025-11-15,1,1,59.99,24.0,False
2715,17967,2022-01-16,1,1,59.99,24.0,False
2716,17968,2022-01-26,1,2,279.98,112.0,False
2717,17969,2022-02-19,1,1,39.9,15.96,False
2718,17970,2022-03-05,1,3,1199.97,480.0,False
2719,17971,2024-07-09,1,1,24.99,10.0,False
2720,17972,2025-11-04,1,1,129.99,52.0,False
2721,17973,2022-01-07,1,1,139.99,56.0,False
2722,17974,2025-11-17,1,2,799.98,320.0,True
2723,17975,2025-09-22,1,1,249.99,100.0,False
2724,17976,2023-04-11,1,1,199.9,79.96,False
2725,17977,2025-09-10,1,1,349.99,140.0,False
2726,17978,2025-09-19,1,1,249.99,100.0,False
2727,17979,2025-12-21,1,1,29.99,12.0,False
2728,17980,2023-06-13,1,1,79.99,32.0,False
2729,17981,2024-07-06,1,1,349.99,140.0,False
2730,17982,2024-08-24,1,1,139.99,56.0,False
2731,17983,2023-05-23,1,1,189.99,76.0,False
2732,17984,2022-03-23,1,1,29.99,12.0,False
2733,17985,2023-05-18,1,2,79.8,31.92,False
2734,17986,2025-10-30,1,1,129.9,51.96,False
2735,17987,2024-07-13,1,1,299.99,120.0,False
2736,17988,2024-08-08,1,1,24.9,9.96,False
2737,17989,2022-03-19,1,1,39.99,16.0,True
2738,17990,2022-03-18,1,2,599.98,240.0,False
2739,17991,2025-10-17,1,1,19.99,8.0,False
2740,17992,2025-11-13,1,1,199.9,79.96,False
2741,17993,2023-06-13,1,2,119.98,48.0,False
2742,17994,2024-08-29,1,2,159.98,64.0,False
2743,17995,2022-02-07,1,1,89.9,35.96,False
2744,17996,2022-01-27,1,1,39.9,15.96,False
2745,17997,2025-12-05,1,2,79.8,31.92,True
2746,17998,2022-02-12,1,1,49.99,20.0,False
2747,17999,2025-11-06,1,1,79.99,32.0,False
2748,18000,2022-03-29,1,2,319.98,128.0,False
2749,18001,2025-11-08,1,2,49.98,20.0,False
2750,18002,2025-09-21,1,2,159.98,64.0,False
2751,18003,2025-11-12,1,1,179.99,72.0,False
2752,18004,2024-08-16,1,2,199.8,79.92,False
2753,18005,2021-02-06,1,1,59.99,24.0,False
2754,18006,2024-11-25,1,2,259.8,103.92,False
2755,18007,2021-01-22,1,1,79.99,32.0,False
2756,18008,2023-08-18,1,2,799.98,320.0,False
2757,18009,2024-12-30,1,2,319.98,128.0,False
2758,18010,2023-07-06,1,1,299.99,120.0,False
2759,18011,2024-12-24,1,1,129.99,52.0,False
2760,18012,2025-10-16,1,1,29.99,12.0,False
2761,18013,2021-01-24,1,1,19.99,8.0,False
2762,18014,2024-12-16,1,1,99.9,39.96,False
2763,18015,2024-12-05,1,1,39.9,15.96,False
2764,18016,2021-02-01,1,2,199.8,79.92,False
2765,18017,2023-07-27,1,1,49.99,20.0,False
2766,18018,2021-01-04,1,2,299.8,119.92,False
2767,18019,2022-04-16,1,1,149.99,60.0,False
2768,18020,2025-10-30,1,2,279.98,112.0,False
2769,18021,2022-06-02,1,1,99.9,39.96,False
2770,18022,2024-11-15,1,1,59.99,24.0,False
2771,18023,2024-12-05,1,2,79.98,32.0,False
2772,18024,2022-05-13,1,1,89.9,35.96,False
2773,18025,2024-11-30,1,1,25.99,10.4,False
2774,18026,2022-05-21,1,1,89.99,36.0,False
2775,18027,2024-12-26,1,1,129.9,51.96,False
2776,18028,2023-07-15,1,1,159.99,64.0,False
2777,18029,2025-09-03,1,1,399.99,160.0,False
2778,18030,2024-12-11,1,1,189.99,76.0,False
2779,18031,2024-12-28,1,2,99.98,40.0,False
2780,18032,2021-02-14,1,1,149.99,60.0,False
2781,18033,2024-11-28,1,3,1199.97,480.0,False
2782,18034,2024-12-11,1,2,799.98,320.0,False
2783,18035,2021-02-21,1,1,24.99,10.0,False
2784,18036,2022-05-26,1,1,24.99,10.0,False
2785,18037,2023-08-29,1,1,99.9,39.96,False
2786,18038,2022-04-11,1,1,79.99,32.0,False
2787,18039,2021-02-10,1,1,199.9,79.96,True
2788,18040,2024-11-02,1,2,159.98,64.0,False
2789,18041,2021-03-21,1,1,149.9,59.96,False
2790,18042,2024-11-11,1,1,39.9,15.96,False
2791,18043,2025-09-16,1,1,79.99,32.0,False
2792,18044,2025-09-29,1,1,399.99,160.0,False
2793,18045,2021-01-23,1,1,349.99,140.0,True
2794,18046,2025-10-10,1,2,319.98,128.0,False
2795,18047,2024-12-23,1,1,129.99,52.0,False
2796,18048,2023-08-24,1,1,299.99,120.0,False
2797,18049,2024-11-21,1,1,129.99,52.0,False
2798,18050,2023-07-22,1,3,59.97,24.0,True
2799,18051,2024-11-08,1,2,119.98,48.0,True
2800,18052,2022-06-14,1,1,19.99,8.0,False
2801,18053,2024-11-11,1,1,149.99,60.0,False
2802,18054,2023-07-22,1,1,89.99,36.0,False
2803,18055,2025-09-02,1,1,59.99,24.0,True
2804,18056,2024-11-11,1,2,259.8,103.92,False
2805,18057,2022-04-21,1,1,199.9,79.96,False
2806,18058,2021-03-22,1,2,239.98,96.0,False
2807,18059,2021-01-11,1,1,119.99,48.0,False
2808,18060,2024-12-18,1,2,299.98,120.0,True
2809,18061,2022-04-02,1,1,199.99,80.0,False
2810,18062,2022-04-06,1,2,259.8,103.92,False
2811,18063,2024-12-14,1,1,19.99,8.0,False
2812,18064,2022-06-22,1,1,199.9,79.96,False
2813,18065,2024-11-22,1,1,129.9,51.96,False
2814,18066,2025-09-27,1,1,149.99,60.0,False
2815,18067,2021-02-11,1,2,499.98,200.0,False
2816,18068,2023-07-08,1,1,179.99,72.0,False
2817,18069,2022-06-09,1,3,389.97,156.0,False
2818,18070,2023-08-17,1,1,59.99,24.0,False
2819,18071,2025-10-07,1,1,349.99,140.0,False
2820,18072,2021-02-13,1,1,149.9,59.96,False
2821,18073,2022-05-19,1,1,139.99,56.0,False
2822,18074,2021-01-06,1,1,24.99,10.0,True
2823,18075,2022-06-12,1,2,159.98,64.0,False
2824,18076,2024-12-13,1,2,39.98,16.0,False
2825,18077,2024-11-30,1,1,179.99,72.0,False
2826,18078,2023-08-29,1,2,239.98,96.0,False
2827,18079,2025-10-26,1,1,89.99,36.0,False
2828,18080,2021-02-17,1,1,39.9,15.96,False
2829,18081,2022-06-27,1,2,299.8,119.92,False
2830,18082,2021-03-12,1,1,399.99,160.0,False
2831,18083,2022-06-27,1,2,199.8,79.92,False
2832,18084,2022-06-03,1,1,149.99,60.0,False
2833,18085,2023-08-03,1,1,119.99,48.0,False
2834,18086,2024-11-13,1,1,39.9,15.96,False
2835,18087,2022-06-03,1,1,129.99,52.0,False
2836,18088,2024-12-22,1,2,799.98,320.0,False
2837,18089,2025-09-05,1,1,25.99,10.4,False
2838,18090,2022-04-23,1,1,49.9,19.96,False
2839,18091,2022-05-04,1,1,299.99,120.0,False
2840,18092,2022-06-18,1,3,539.97,216.0,False
2841,18093,2023-07-28,1,1,159.99,64.0,False
2842,18094,2025-09-21,1,1,189.99,76.0,False
2843,18095,2021-03-11,1,2,159.98,64.0,False
2844,18096,2022-05-22,1,1,19.99,8.0,False
2845,18097,2022-05-28,1,1,34.99,14.0,False
2846,18098,2025-09-17,1,1,19.99,8.0,False
2847,18099,2024-12-06,1,1,139.99,56.0,False
2848,18100,2025-10-03,1,1,299.99,120.0,False
2849,18101,2024-12-30,1,2,599.98,240.0,False
2850,18102,2024-11-03,1,1,149.9,59.96,False
2851,18103,2024-12-20,1,1,59.99,24.0,False
2852,18104,2023-08-27,1,2,49.98,20.0,False
2853,18105,2023-07-09,1,1,189.99,76.0,False
2854,18106,2021-02-27,1,1,39.9,15.96,False
2855,18107,2022-04-28,1,2,119.98,48.0,False
2856,18108,2025-10-20,1,1,79.99,32.0,True
2857,18109,2022-05-11,1,1,159.99,64.0,False
2858,18110,2022-04-05,1,1,59.99,24.0,False
2859,18111,2024-12-25,1,2,299.8,119.92,False
2860,18112,2025-10-06,1,1,159.99,64.0,False
2861,18113,2023-07-13,1,1,249.99,100.0,False
2862,18114,2023-08-13,1,3,1049.97,420.0,True
2863,18115,2024-12-20,1,2,319.98,128.0,False
2864,18116,2022-06-27,1,1,99.9,39.96,False
2865,18117,2024-12-08,1,1,89.99,36.0,False
2866,18118,2024-11-25,1,1,199.9,79.96,False
2867,18119,2024-12-02,1,1,25.99,10.4,True
2868,18120,2022-05-02,1,2,299.98,120.0,True
2869,18121,2024-11-19,1,2,79.98,32.0,False
2870,18122,2024-11-16,1,1,89.99,36.0,False
2871,18123,2021-01-21,1,1,79.99,32.0,False
2872,18124,2021-02-07,1,1,399.99,160.0,False
2873,18125,2023-08-01,1,1,24.99,10.0,False
2874,18126,2023-08-01,1,2,599.98,240.0,False
2875,18127,2024-12-23,1,3,179.97,72.0,False
2876,18128,2025-09-25,1,1,399.99,160.0,False
2877,18129,2025-10-14,1,1,159.99,64.0,False
2878,18130,2023-07-30,1,1,139.99,56.0,False
2879,18131,2021-01-22,1,1,79.99,32.0,False
2880,18132,2021-01-25,1,1,149.99,60.0,False
2881,18133,2022-04-14,1,1,25.99,10.4,False
2882,18134,2025-09-18,1,1,34.99,14.0,False
2883,18135,2025-09-06,1,2,319.98,128.0,False
2884,18136,2025-09-01,1,2,359.98,144.0,False
2885,18137,2024-12-24,1,2,699.98,280.0,False
2886,18138,2025-09-24,1,1,129.9,51.96,False
2887,18139,2022-05-21,1,1,199.9,79.96,False
2888,18140,2021-01-10,1,1,79.99,32.0,False
2889,18141,2025-09-13,1,1,49.99,20.0,False
2890,18142,2025-10-23,1,1,299.99,120.0,False
2891,18143,2025-10-21,1,1,49.99,20.0,False
2892,18144,2022-05-15,1,2,299.98,120.0,False
2893,18145,2025-10-08,1,1,249.99,100.0,False
2894,18146,2023-08-04,1,1,24.99,10.0,False
2895,18147,2024-12-16,1,1,199.99,80.0,False
2896,18148,2024-12-30,1,2,179.98,72.0,False
2897,18149,2022-04-16,1,1,39.99,16.0,False
2898,18150,2022-05-25,1,1,129.99,52.0,False
2899,18151,2025-09-29,1,1,39.9,15.96,False
2900,18152,2024-12-06,1,2,49.98,20.0,False
2901,18153,2024-12-24,1,1,99.9,39.96,False
2902,18154,2022-05-28,1,1,149.9,59.96,True
2903,18155,2023-07-15,1,1,59.99,24.0,False
2904,18156,2025-09-05,1,1,249.99,100.0,False
2905,18157,2021-03-20,1,1,129.99,52.0,True
2906,18158,2025-10-21,1,2,799.98,320.0,False
2907,18159,2021-01-30,1,2,319.98,128.0,False
2908,18160,2024-11-23,1,1,179.99,72.0,False
2909,18161,2023-07-30,1,1,199.9,79.96,False
2910,18162,2024-11-21,1,1,79.99,32.0,False
2911,18163,2023-07-15,1,2,299.8,119.92,False
2912,18164,2024-11-27,1,1,99.99,40.0,False
2913,18165,2025-10-19,1,2,159.98,64.0,False
2914,18166,2024-12-02,1,1,299.99,120.0,False
2915,18167,2025-10-29,1,1,159.99,64.0,True
2916,18168,2022-06-23,1,2,399.8,159.92,False
2917,18169,2023-07-28,1,1,79.99,32.0,False
2918,18170,2025-09-22,1,1,49.9,19.96,False
2919,18171,2022-04-24,1,1,129.9,51.96,False
2920,18172,2023-07-31,1,1,349.99,140.0,False
2921,18173,2025-09-30,1,1,179.99,72.0,False
2922,18174,2022-04-22,1,3,299.97,120.0,False
2923,18175,2025-10-07,1,3,299.7,119.88,False
2924,18176,2024-12-15,1,2,319.98,128.0,False
2925,18177,2022-04-25,1,1,29.99,12.0,False
2926,18178,2021-01-05,1,1,159.99,64.0,False
2927,18179,2022-06-26,1,2,79.8,31.92,False
2928,18180,2024-12-13,1,1,99.9,39.96,False
2929,18181,2024-12-19,1,2,259.98,104.0,False
2930,18182,2021-01-12,1,1,299.99,120.0,False
2931,18183,2022-06-20,1,1,139.99,56.0,False
2932,18184,2022-04-05,1,1,39.99,16.0,True
2933,18185,2023-08-23,1,1,149.99,60.0,False
2934,18186,2023-07-31,1,1,129.9,51.96,False
2935,18187,2025-10-06,1,2,399.8,159.92,False
2936,18188,2025-10-21,1,1,49.99,20.0,False
2937,18189,2024-11-02,1,1,199.99,80.0,False
2938,18190,2023-07-16,1,1,159.99,64.0,False
2939,18191,2021-01-01,1,1,99.9,39.96,True
2940,18192,2023-08-25,1,1,89.9,35.96,False
2941,18193,2022-06-14,1,2,159.98,64.0,True
2942,18194,2024-11-17,1,2,259.8,103.92,False
2943,18195,2024-11-19,1,2,79.8,31.92,False
2944,18196,2021-03-18,1,1,49.99,20.0,False
2945,18197,2022-05-23,1,2,119.98,48.0,False
2946,18198,2022-05-18,1,2,799.98,320.0,False
2947,18199,2022-04-02,1,2,599.98,240.0,False
2948,18200,2022-06-10,1,1,299.99,120.0,False
2949,18201,2025-10-14,1,2,99.98,40.0,True
2950,18202,2024-11-10,1,1,149.9,59.96,False
2951,18203,2025-09-20,1,1,39.9,15.96,False
2952,18204,2022-06-22,1,2,51.98,20.8,False
2953,18205,2025-10-20,1,3,749.97,300.0,False
2954,18206,2025-10-28,1,1,349.99,140.0,False
2955,18207,2024-11-05,1,2,119.98,48.0,False
2956,18208,2022-05-17,1,1,149.99,60.0,False
2957,18209,2023-08-21,1,1,129.99,52.0,False
2958,18210,2024-11-08,1,1,79.99,32.0,False
2959,18211,2022-06-19,1,1,129.9,51.96,False
2960,18212,2021-01-31,1,2,59.98,24.0,False
2961,18213,2024-11-19,1,1,49.9,19.96,False
2962,18214,2024-11-27,1,2,299.8,119.92,False
2963,18215,2021-03-26,1,1,89.99,36.0,False
2964,18216,2021-03-26,1,1,49.99,20.0,False
2965,18217,2024-12-23,1,1,99.9,39.96,False
2966,18218,2024-11-07,1,1,179.99,72.0,True
2967,18219,2024-11-14,1,1,25.99,10.4,False
2968,18220,2023-07-03,1,1,129.9,51.96,False
2969,18221,2025-10-10,1,2,199.8,79.92,False
2970,18222,2021-03-01,1,2,279.98,112.0,False
2971,18223,2024-12-12,1,2,159.98,64.0,False
2972,18224,2024-11-25,1,1,79.99,32.0,True
2973,18225,2024-12-11,1,2,599.98,240.0,False
2974,18226,2021-03-29,1,1,19.99,8.0,True
2975,18227,2025-10-20,1,1,24.99,10.0,False
2976,18228,2021-03-20,1,1,299.99,120.0,False
2977,18229,2022-06-24,1,1,79.99,32.0,False
2978,18230,2025-10-29,1,1,79.99,32.0,False
2979,18231,2023-08-19,1,1,39.99,16.0,False
2980,18232,2022-06-29,1,2,319.98,128.0,False
2981,18233,2024-11-08,1,1,189.99,76.0,False
2982,18234,2021-02-09,1,1,89.99,36.0,False
2983,18235,2024-11-09,1,2,51.98,20.8,False
2984,18236,2021-03-12,1,1,119.99,48.0,True
2985,18237,2022-06-04,1,3,239.97,96.0,True
2986,18238,2022-06-10,1,2,319.98,128.0,False
2987,18239,2024-11-22,1,1,49.9,19.96,False
2988,18240,2024-11-15,1,2,319.98,128.0,False
2989,18241,2023-07-10,1,2,179.98,72.0,False
2990,18242,2021-02-05,1,1,159.99,64.0,False
2991,18243,2023-07-05,1,2,299.98,120.0,False
2992,18244,2025-09-15,1,1,129.9,51.96,True
2993,18245,2024-11-17,1,2,79.8,31.92,False
2994,18246,2021-01-13,1,1,24.9,9.96,False
2995,18247,2023-08-14,1,1,99.9,39.96,False
2996,18248,2022-05-13,1,1,149.99,60.0,False
2997,18249,2022-05-13,1,1,39.9,15.96,False
2998,18250,2021-02-20,1,1,199.9,79.96,False
2999,18251,2024-11-24,1,1,59.99,24.0,False
3000,18252,2025-09-10,1,1,129.99,52.0,False
3001,18253,2024-12-16,1,2,499.98,200.0,True
3002,18254,2023-07-15,1,1,29.99,12.0,False
3003,18255,2024-11-23,1,1,49.99,20.0,False
3004,18256,2022-04-17,1,1,149.9,59.96,False
3005,18257,2023-08-29,1,1,249.99,100.0,False
3006,18258,2023-08-04,1,1,49.99,20.0,False
3007,18259,2024-12-22,1,2,239.98,96.0,False
3008,18260,2023-07-02,1,1,79.99,32.0,False
3009,18261,2022-06-24,1,1,19.99,8.0,False
3010,18262,2024-11-15,1,1,59.99,24.0,False
3011,18263,2023-07-20,1,1,25.99,10.4,True
3012,18264,2024-11-12,1,2,299.8,119.92,False
3013,18265,2024-11-22,1,1,69.99,28.0,False
3014,18266,2022-06-11,1,1,49.99,20.0,False
3015,18267,2023-07-18,1,1,349.99,140.0,False
3016,18268,2021-03-01,1,1,24.9,9.96,False
3017,18269,2024-11-16,1,1,199.9,79.96,True
3018,18270,2024-12-20,1,1,49.99,20.0,False
3019,18271,2023-07-27,1,1,139.99,56.0,True
3020,18272,2024-11-17,1,2,49.98,20.0,True
3021,18273,2021-02-27,1,1,25.99,10.4,False
3022,18274,2023-08-18,1,1,59.99,24.0,False
3023,18275,2025-10-10,1,1,129.9,51.96,False
3024,18276,2024-12-25,1,1,25.99,10.4,False
3025,18277,2022-04-09,1,1,49.9,19.96,False
3026,18278,2025-10-16,1,2,359.98,144.0,False
3027,18279,2022-06-13,1,1,149.99,60.0,True
3028,18280,2023-08-09,1,1,79.99,32.0,True
3029,18281,2025-10-26,1,3,74.97,30.0,False
3030,18282,2022-06-07,1,1,39.99,16.0,False
3031,18283,2025-10-17,1,2,159.98,64.0,False
3032,18284,2023-08-15,1,2,159.98,64.0,False
3033,18285,2024-11-30,1,2,51.98,20.8,False
3034,18286,2021-02-12,1,1,99.9,39.96,False
3035,18287,2021-01-30,1,2,499.98,200.0,False
3036,18288,2025-10-16,1,1,129.99,52.0,False
3037,18289,2022-06-07,1,1,25.99,10.4,False
3038,18290,2023-08-17,1,1,59.99,24.0,False
3039,18291,2022-05-02,1,1,39.99,16.0,False
3040,18292,2021-03-29,1,1,129.99,52.0,False
3041,18293,2023-07-26,1,2,199.8,79.92,False
3042,18294,2021-01-10,1,1,139.99,56.0,False
3043,18295,2024-12-13,1,1,129.99,52.0,False
3044,18296,2023-07-15,1,2,79.8,31.92,False
3045,18297,2025-10-25,1,2,49.98,20.0,False
3046,18298,2022-04-04,1,2,699.98,280.0,False
3047,18299,2024-11-30,1,1,49.99,20.0,False
3048,18300,2022-04-11,1,1,39.99,16.0,False
3049,18301,2021-01-11,1,1,24.9,9.96,False
3050,18302,2023-07-22,1,1,59.99,24.0,False
3051,18303,2022-04-05,1,1,159.99,64.0,False
3052,18304,2023-07-20,1,1,59.99,24.0,False
3053,18305,2023-08-23,1,1,349.99,140.0,False
3054,18306,2022-04-09,1,1,59.99,24.0,False
3055,18307,2021-02-08,1,1,79.99,32.0,False
3056,18308,2024-11-16,1,3,299.97,120.0,False
3057,18309,2021-03-13,1,1,59.99,24.0,False
3058,18310,2022-04-20,1,2,319.98,128.0,False
3059,18311,2024-11-26,1,2,259.8,103.92,False
3060,18312,2023-07-28,1,1,24.9,9.96,False
3061,18313,2025-10-10,1,2,239.8,95.92,False
3062,18314,2021-01-22,1,2,119.98,48.0,False
3063,18315,2022-05-03,1,1,149.99,60.0,False
3064,18316,2023-08-24,1,1,249.99,100.0,False
3065,18317,2023-08-26,1,1,119.9,47.96,False
3066,18318,2021-03-01,1,1,59.99,24.0,True
3067,18319,2025-09-14,1,1,99.9,39.96,False
3068,18320,2025-09-14,1,1,79.99,32.0,True
3069,18321,2023-08-24,1,1,159.99,64.0,False
3070,18322,2024-11-19,1,1,79.99,32.0,True
3071,18323,2023-07-12,1,2,259.98,104.0,False
3072,18324,2024-11-14,1,2,99.98,40.0,False
3073,18325,2021-02-14,1,1,179.99,72.0,False
3074,18326,2024-12-07,1,1,149.99,60.0,False
3075,18327,2024-11-14,1,1,79.99,32.0,False
3076,18328,2023-08-26,1,1,79.99,32.0,False
3077,18329,2025-10-03,1,2,299.98,120.0,False
3078,18330,2022-06-02,1,1,39.99,16.0,False
3079,18331,2023-08-10,1,1,199.9,79.96,False
3080,18332,2021-01-20,1,1,24.99,10.0,False
3081,18333,2023-07-12,1,2,799.98,320.0,False
3082,18334,2023-08-11,1,1,179.99,72.0,False
3083,18335,2025-09-12,1,1,99.9,39.96,True
3084,18336,2024-11-28,1,1,119.99,48.0,False
3085,18337,2021-02-17,1,1,299.99,120.0,False
3086,18338,2022-04-02,1,1,199.99,80.0,False
3087,18339,2025-09-26,1,2,59.98,24.0,False
3088,18340,2022-05-23,1,1,49.99,20.0,False
3089,18341,2022-04-06,1,1,89.99,36.0,False
3090,18342,2024-12-08,1,1,149.99,60.0,False
3091,18343,2023-07-23,1,1,99.99,40.0,False
3092,18344,2025-10-27,1,2,599.98,240.0,False
3093,18345,2021-02-20,1,1,29.99,12.0,False
3094,18346,2024-12-11,1,2,259.98,104.0,False
3095,18347,2023-08-07,1,2,179.98,72.0,False
3096,18348,2024-11-09,1,1,39.9,15.96,False
3097,18349,2024-11-21,1,1,99.99,40.0,False
3098,18350,2022-06-09,1,1,89.99,36.0,False
3099,18351,2021-02-14,1,1,159.99,64.0,False
3100,18352,2024-12-13,1,1,189.99,76.0,False
3101,18353,2024-11-03,1,1,89.9,35.96,False
3102,18354,2021-03-05,1,1,39.9,15.96,False
3103,18355,2022-04-12,1,3,179.97,72.0,True
3104,18356,2021-01-29,1,1,39.9,15.96,False
3105,18357,2022-04-28,1,3,479.97,192.0,False
3106,18358,2025-10-08,1,1,299.99,120.0,False
3107,18359,2022-06-11,1,1,79.99,32.0,False
3108,18360,2022-04-02,1,2,49.98,20.0,False
3109,18361,2024-12-20,1,1,299.99,120.0,False
3110,18362,2025-09-30,1,2,159.98,64.0,False
3111,18363,2024-12-01,1,2,159.98,64.0,False
3112,18364,2021-03-24,1,2,259.8,103.92,False
3113,18365,2023-08-17,1,1,129.99,52.0,False
3114,18366,2022-06-15,1,1,25.99,10.4,False
3115,18367,2025-10-13,1,1,79.99,32.0,False
3116,18368,2025-09-07,1,1,99.9,39.96,False
3117,18369,2021-03-10,1,2,319.98,128.0,False
3118,18370,2022-05-06,1,1,139.99,56.0,False
3119,18371,2025-09-01,1,2,119.98,48.0,False
3120,18372,2023-08-30,1,1,59.99,24.0,False
3121,18373,2024-11-14,1,1,199.99,80.0,True
3122,18374,2025-10-13,1,1,79.99,32.0,False
3123,18375,2022-05-11,1,1,119.99,48.0,False
3124,18376,2021-03-24,1,2,799.98,320.0,False
3125,18377,2023-07-21,1,2,79.8,31.92,False
3126,18378,2025-09-12,1,2,79.8,31.92,False
3127,18379,2025-09-24,1,1,129.9,51.96,False
3128,18380,2021-03-21,1,1,99.9,39.96,False
3129,18381,2024-11-30,1,1,59.99,24.0,False
3130,18382,2025-09-05,1,1,189.99,76.0,False
3131,18383,2021-02-27,1,1,199.9,79.96,False
3132,18384,2024-12-13,1,2,69.98,28.0,True
3133,18385,2023-07-03,1,1,129.9,51.96,True
3134,18386,2021-02-20,1,1,349.99,140.0,False
3135,18387,2023-08-17,1,2,99.8,39.92,False
3136,18388,2025-10-04,1,1,149.99,60.0,False
3137,18389,2024-11-12,1,1,349.99,140.0,False
3138,18390,2025-09-23,1,2,119.98,48.0,False
3139,18391,2022-05-30,1,1,129.99,52.0,False
3140,18392,2022-06-09,1,1,159.99,64.0,False
3141,18393,2025-10-22,1,1,129.9,51.96,False
3142,18394,2022-05-25,1,1,349.99,140.0,False
3143,18395,2024-12-08,1,1,79.99,32.0,False
3144,18396,2023-07-19,1,1,59.99,24.0,False
3145,18397,2021-02-01,1,1,139.99,56.0,False
3146,18398,2024-11-13,1,2,179.8,71.92,False
3147,18399,2023-07-04,1,2,279.98,112.0,False
3148,18400,2024-11-16,1,1,159.99,64.0,False
3149,18401,2021-01-26,1,1,99.9,39.96,False
3150,18402,2023-08-15,1,2,119.98,48.0,False
3151,18403,2023-08-17,1,2,49.8,19.92,False
3152,18404,2021-02-04,1,2,199.8,79.92,False
3153,18405,2021-02-14,1,1,25.99,10.4,False
3154,18406,2025-10-13,1,1,19.99,8.0,False
3155,18407,2025-09-06,1,3,239.97,96.0,False
3156,18408,2023-07-07,1,1,249.99,100.0,False
3157,18409,2022-06-17,1,2,199.98,80.0,False
3158,18410,2021-01-18,1,1,299.99,120.0,False
3159,18411,2024-12-18,1,2,49.98,20.0,True
3160,18412,2022-05-05,1,2,199.8,79.92,False
3161,18413,2024-12-07,1,1,39.9,15.96,False
3162,18414,2025-10-10,1,2,159.98,64.0,False
3163,18415,2024-11-01,1,2,279.98,112.0,False
3164,18416,2021-01-26,1,2,299.98,120.0,False
3165,18417,2023-08-22,1,3,209.7,83.88,False
3166,18418,2022-05-16,1,1,49.99,20.0,False
3167,18419,2022-06-07,1,1,79.99,32.0,True
3168,18420,2025-10-04,1,1,49.99,20.0,False
3169,18421,2022-06-07,1,2,59.98,24.0,True
3170,18422,2025-10-24,1,1,399.99,160.0,False
3171,18423,2022-04-27,1,1,129.99,52.0,False
3172,18424,2021-01-29,1,1,49.99,20.0,False
3173,18425,2023-08-28,1,1,79.99,32.0,False
3174,18426,2024-11-22,1,1,159.99,64.0,False
3175,18427,2024-11-19,1,3,269.97,108.0,False
3176,18428,2024-11-13,1,2,239.98,96.0,False
3177,18429,2022-04-28,1,1,149.99,60.0,False
3178,18430,2024-12-04,1,1,149.99,60.0,False
3179,18431,2025-09-30,1,2,599.98,240.0,False
3180,18432,2024-11-30,1,2,239.98,96.0,True
3181,18433,2024-11-29,1,1,59.99,24.0,False
3182,18434,2025-10-30,1,2,79.8,31.92,False
3183,18435,2025-10-25,1,1,24.99,10.0,False
3184,18436,2022-04-10,1,2,39.98,16.0,False
3185,18437,2022-04-04,1,1,49.99,20.0,False
3186,18438,2022-05-02,1,2,399.8,159.92,False
3187,18439,2021-01-14,1,1,249.99,100.0,True
3188,18440,2024-11-28,1,1,19.99,8.0,False
3189,18441,2025-09-07,1,1,99.9,39.96,False
3190,18442,2023-07-24,1,1,129.99,52.0,False
3191,18443,2022-04-03,1,1,159.99,64.0,False
3192,18444,2025-10-18,1,1,49.99,20.0,False
3193,18445,2023-07-27,1,1,49.99,20.0,False
3194,18446,2025-10-18,1,1,129.9,51.96,False
3195,18447,2024-12-20,1,2,39.98,16.0,False
3196,18448,2023-08-19,1,1,79.99,32.0,False
3197,18449,2024-12-04,1,1,129.99,52.0,False
3198,18450,2025-09-01,1,1,49.99,20.0,False
3199,18451,2024-11-20,1,1,149.99,60.0,False
3200,18452,2024-12-15,1,1,299.99,120.0,True
3201,18453,2022-04-19,1,2,599.98,240.0,False
3202,18454,2021-01-22,1,3,239.97,96.0,False
3203,18455,2024-12-19,1,1,199.9,79.96,False
3204,18456,2025-09-29,1,1,59.99,24.0,False
3205,18457,2022-04-30,1,1,199.9,79.96,False
3206,18458,2021-01-16,1,1,199.99,80.0,False
3207,18459,2022-06-17,1,2,49.8,19.92,False
3208,18460,2024-12-20,1,1,249.99,100.0,False
3209,18461,2024-12-04,1,2,119.98,48.0,False
3210,18462,2022-06-13,1,1,49.99,20.0,False
3211,18463,2023-08-17,1,2,299.98,120.0,False
3212,18464,2021-01-25,1,2,239.98,96.0,False
3213,18465,2022-06-01,1,2,159.98,64.0,True
3214,18466,2024-12-25,1,2,319.98,128.0,False
3215,18467,2021-01-19,1,3,389.7,155.88,False
3216,18468,2021-03-23,1,1,159.99,64.0,False
3217,18469,2024-11-20,1,3,599.7,239.88,False
3218,18470,2021-02-15,1,1,79.99,32.0,False
3219,18471,2022-05-17,1,2,49.98,20.0,False
3220,18472,2021-01-06,1,1,159.99,64.0,False
3221,18473,2021-03-26,1,1,199.9,79.96,False
3222,18474,2025-10-30,1,1,199.99,80.0,False
3223,18475,2021-01-05,1,1,149.99,60.0,False
3224,18476,2022-04-27,1,1,179.99,72.0,False
3225,18477,2023-07-31,1,1,129.99,52.0,False
3226,18478,2023-07-04,1,1,299.99,120.0,False
3227,18479,2021-01-20,1,2,259.98,104.0,False
3228,18480,2024-11-10,1,1,399.99,160.0,False
3229,18481,2024-12-09,1,2,259.98,104.0,False
3230,18482,2023-08-22,1,2,79.8,31.92,False
3231,18483,2024-11-05,1,1,49.99,20.0,False
3232,18484,2023-08-04,1,1,249.99,100.0,False
3233,18485,2025-10-23,1,1,24.99,10.0,True
3234,18486,2024-11-06,1,1,159.99,64.0,False
3235,18487,2022-04-26,1,1,99.99,40.0,False
3236,18488,2022-06-03,1,1,59.99,24.0,False
3237,18489,2023-08-04,1,1,34.99,14.0,True
3238,18490,2024-11-26,1,2,51.98,20.8,True
3239,18491,2021-03-14,1,1,79.99,32.0,False
3240,18492,2024-12-26,1,2,179.98,72.0,False
3241,18493,2024-11-30,1,2,159.98,64.0,False
3242,18494,2024-12-14,1,1,349.99,140.0,False
3243,18495,2023-07-31,1,1,79.99,32.0,False
3244,18496,2023-07-05,1,2,239.98,96.0,True
3245,18497,2021-01-17,1,2,99.8,39.92,False
3246,18498,2021-01-17,1,2,159.98,64.0,False
3247,18499,2021-03-02,1,1,24.9,9.96,False
3248,18500,2025-10-14,1,1,29.99,12.0,False
3249,18501,2021-01-29,1,1,25.99,10.4,False
3250,18502,2024-12-21,1,2,399.98,160.0,False
3251,18503,2024-12-08,1,1,179.99,72.0,False
3252,18504,2025-10-24,1,1,129.9,51.96,False
3253,18505,2024-11-17,1,2,399.8,159.92,False
3254,18506,2025-10-27,1,1,89.99,36.0,False
3255,18507,2025-09-07,1,1,129.99,52.0,False
3256,18508,2022-05-24,1,1,79.99,32.0,True
3257,18509,2025-10-08,1,1,79.99,32.0,False
3258,18510,2023-07-18,1,2,179.98,72.0,False
3259,18511,2021-01-13,1,1,39.99,16.0,False
3260,18512,2025-10-14,1,1,299.99,120.0,False
3261,18513,2025-10-29,1,1,129.9,51.96,False
3262,18514,2025-09-14,1,2,179.8,71.92,False
3263,18515,2021-01-30,1,1,129.99,52.0,True
3264,18516,2025-10-26,1,1,49.9,19.96,True
3265,18517,2024-12-13,1,1,19.99,8.0,False
3266,18518,2021-01-19,1,2,239.98,96.0,False
3267,18519,2023-08-05,1,1,129.99,52.0,False
3268,18520,2023-07-29,1,1,99.99,40.0,False
3269,18521,2022-05-02,1,1,79.99,32.0,False
3270,18522,2025-09-03,1,3,89.97,36.0,False
3271,18523,2022-06-28,1,2,259.98,104.0,False
3272,18524,2024-11-04,1,2,179.98,72.0,False
3273,18525,2025-10-13,1,1,299.99,120.0,False
3274,18526,2023-08-19,1,1,159.99,64.0,False
3275,18527,2024-11-08,1,1,59.99,24.0,False
3276,18528,2022-05-23,1,1,39.99,16.0,False
3277,18529,2024-11-14,1,1,59.99,24.0,False
3278,18530,2024-12-20,1,1,29.99,12.0,False
3279,18531,2023-08-06,1,1,129.99,52.0,False
3280,18532,2022-05-07,1,2,399.8,159.92,False
3281,18533,2024-12-05,1,1,119.99,48.0,False
3282,18534,2023-08-28,1,2,239.98,96.0,False
3283,18535,2021-02-11,1,1,199.9,79.96,False
3284,18536,2025-09-26,1,2,119.98,48.0,True
3285,18537,2021-01-08,1,1,199.99,80.0,False
3286,18538,2023-07-14,1,1,399.99,160.0,False
3287,18539,2023-07-26,1,1,24.99,10.0,False
3288,18540,2025-10-12,1,1,24.99,10.0,False
3289,18541,2022-06-04,1,2,99.98,40.0,False
3290,18542,2024-12-09,1,1,129.99,52.0,False
3291,18543,2022-06-26,1,2,119.98,48.0,True
3292,18544,2024-11-08,1,2,79.98,32.0,False
3293,18545,2022-04-01,1,1,159.99,64.0,False
3294,18546,2022-04-19,1,2,699.98,280.0,False
3295,18547,2025-10-01,1,1,25.99,10.4,False
3296,18548,2023-08-02,1,1,39.99,16.0,True
3297,18549,2023-08-27,1,2,199.98,80.0,True
3298,18550,2025-09-14,1,1,159.99,64.0,False
3299,18551,2023-07-20,1,1,29.99,12.0,False
3300,18552,2021-03-05,1,1,39.9,15.96,True
3301,18553,2023-08-02,1,1,159.99,64.0,False
3302,18554,2022-04-23,1,1,179.99,72.0,False
3303,18555,2025-09-11,1,2,259.98,104.0,False
3304,18556,2025-09-27,1,1,79.99,32.0,False
3305,18557,2022-05-28,1,1,199.9,79.96,False
3306,18558,2024-12-14,1,1,119.99,48.0,False
3307,18559,2022-06-27,1,1,179.99,72.0,False
3308,18560,2022-05-11,1,1,149.99,60.0,False
3309,18561,2021-01-30,1,1,159.99,64.0,False
3310,18562,2022-05-20,1,1,34.99,14.0,False
3311,18563,2023-08-16,1,1,299.99,120.0,False
3312,18564,2025-09-18,1,1,29.99,12.0,False
3313,18565,2024-12-06,1,1,59.99,24.0,False
3314,18566,2024-11-12,1,1,129.99,52.0,False
3315,18567,2024-12-16,1,1,34.99,14.0,False
3316,18568,2022-06-01,1,1,39.9,15.96,False
3317,18569,2024-12-02,1,1,59.99,24.0,False
3318,18570,2024-11-02,1,2,599.98,240.0,False
3319,18571,2025-10-21,1,1,159.99,64.0,False
3320,18572,2022-05-07,1,2,119.98,48.0,False
3321,18573,2024-11-19,1,2,99.98,40.0,False
3322,18574,2023-07-24,1,2,799.98,320.0,False
3323,18575,2023-07-19,1,1,99.9,39.96,False
3324,18576,2024-11-26,1,1,159.99,64.0,False
3325,18577,2022-05-19,1,1,39.9,15.96,False
3326,18578,2025-10-23,1,1,89.99,36.0,False
3327,18579,2023-08-20,1,1,79.99,32.0,False
3328,18580,2024-11-12,1,1,19.99,8.0,False
3329,18581,2025-10-18,1,1,39.9,15.96,False
3330,18582,2025-09-12,1,2,179.8,71.92,False
3331,18583,2025-09-15,1,1,159.99,64.0,False
3332,18584,2024-11-15,1,1,199.99,80.0,False
3333,18585,2024-11-18,1,2,599.98,240.0,True
3334,18586,2021-02-22,1,2,119.98,48.0,False
3335,18587,2024-12-21,1,1,199.9,79.96,False
3336,18588,2021-03-20,1,2,51.98,20.8,False
3337,18589,2025-09-17,1,1,129.9,51.96,False
3338,18590,2024-11-21,1,2,499.98,200.0,False
3339,18591,2023-07-27,1,2,299.8,119.92,False
3340,18592,2025-10-10,1,1,159.99,64.0,True
3341,18593,2021-03-05,1,1,49.99,20.0,False
3342,18594,2021-02-26,1,1,129.9,51.96,False
3343,18595,2022-05-03,1,2,259.98,104.0,False
3344,18596,2023-07-27,1,1,89.9,35.96,False
3345,18597,2023-08-28,1,1,299.99,120.0,False
3346,18598,2021-02-12,1,2,49.8,19.92,False
3347,18599,2022-04-15,1,2,99.98,40.0,False
3348,18600,2025-10-24,1,2,299.98,120.0,False
3349,18601,2024-12-18,1,1,159.99,64.0,False
3350,18602,2021-02-14,1,1,159.99,64.0,False
3351,18603,2023-08-08,1,1,59.99,24.0,True
3352,18604,2025-10-23,1,2,699.98,280.0,False
3353,18605,2022-04-17,1,1,34.99,14.0,True
3354,18606,2025-10-04,1,1,99.9,39.96,False
3355,18607,2023-08-06,1,1,119.99,48.0,False
3356,18608,2023-08-22,1,1,349.99,140.0,False
3357,18609,2025-09-23,1,1,149.99,60.0,False
3358,18610,2024-12-20,1,1,24.99,10.0,False
3359,18611,2025-09-04,1,1,19.99,8.0,True
3360,18612,2021-03-18,1,1,99.99,40.0,True
3361,18613,2023-08-29,1,2,599.98,240.0,False
3362,18614,2022-04-19,1,1,119.99,48.0,False
3363,18615,2022-05-20,1,1,59.99,24.0,False
3364,18616,2023-07-07,1,2,159.98,64.0,False
3365,18617,2023-08-15,1,1,29.99,12.0,True
3366,18618,2021-03-01,1,1,149.99,60.0,False
3367,18619,2025-09-26,1,1,79.99,32.0,False
3368,18620,2024-11-06,1,2,599.98,240.0,False
3369,18621,2021-01-16,1,1,129.9,51.96,False
3370,18622,2025-09-24,1,1,49.99,20.0,False
3371,18623,2022-05-14,1,2,159.98,64.0,False
3372,18624,2025-10-04,1,1,59.99,24.0,False
3373,18625,2021-02-18,1,2,319.98,128.0,False
3374,18626,2022-05-08,1,1,59.99,24.0,False
3375,18627,2025-09-23,1,2,79.98,32.0,False
3376,18628,2025-09-10,1,2,179.98,72.0,True
3377,18629,2023-08-22,1,1,79.99,32.0,False
3378,18630,2023-08-01,1,1,89.99,36.0,False
3379,18631,2025-10-23,1,2,399.8,159.92,False
3380,18632,2023-08-08,1,1,149.99,60.0,False
3381,18633,2023-07-07,1,2,599.98,240.0,False
3382,18634,2022-06-29,1,1,24.9,9.96,False
3383,18635,2025-10-02,1,1,79.99,32.0,False
3384,18636,2021-01-11,1,1,139.99,56.0,False
3385,18637,2021-02-02,1,1,119.9,47.96,False
3386,18638,2022-04-09,1,1,149.9,59.96,False
3387,18639,2024-11-11,1,1,149.9,59.96,False
3388,18640,2024-12-22,1,1,129.9,51.96,False
3389,18641,2022-04-17,1,1,199.99,80.0,False
3390,18642,2024-12-07,1,1,39.9,15.96,False
3391,18643,2021-03-08,1,2,99.98,40.0,False
3392,18644,2022-05-16,1,1,129.9,51.96,True
3393,18645,2022-04-05,1,1,29.99,12.0,False
3394,18646,2024-12-27,1,2,279.98,112.0,False
3395,18647,2022-05-03,1,1,99.9,39.96,False
3396,18648,2025-09-13,1,1,99.99,40.0,True
3397,18649,2024-12-29,1,1,49.99,20.0,False
3398,18650,2023-08-22,1,1,79.99,32.0,False
3399,18651,2022-05-03,1,1,129.99,52.0,False
3400,18652,2021-03-14,1,2,79.8,31.92,False
3401,18653,2025-10-30,1,1,29.99,12.0,True
3402,18654,2022-05-21,1,2,49.98,20.0,False
3403,18655,2023-07-17,1,1,59.99,24.0,False
3404,18656,2022-04-21,1,2,299.8,119.92,True
3405,18657,2025-10-24,1,1,119.99,48.0,False
3406,18658,2025-09-20,1,1,399.99,160.0,False
3407,18659,2023-08-24,1,2,319.98,128.0,False
3408,18660,2024-11-12,1,1,34.99,14.0,False
3409,18661,2023-08-25,1,2,159.98,64.0,False
3410,18662,2022-06-04,1,1,129.99,52.0,False
3411,18663,2024-12-17,1,2,699.98,280.0,False
3412,18664,2021-02-01,1,2,359.98,144.0,False
3413,18665,2022-06-16,1,2,119.98,48.0,False
3414,18666,2021-01-04,1,1,49.99,20.0,True
3415,18667,2023-08-01,1,2,259.8,103.92,False
3416,18668,2022-04-14,1,2,199.8,79.92,False
3417,18669,2022-05-27,1,1,129.9,51.96,False
3418,18670,2025-10-24,1,1,39.9,15.96,False
3419,18671,2024-11-11,1,1,49.99,20.0,False
3420,18672,2021-01-10,1,2,319.98,128.0,False
3421,18673,2022-06-23,1,1,129.9,51.96,False
3422,18674,2022-05-08,1,1,129.99,52.0,False
3423,18675,2025-09-29,1,2,179.98,72.0,False
3424,18676,2022-04-05,1,1,99.9,39.96,False
3425,18677,2023-08-10,1,2,49.8,19.92,False
3426,18678,2022-04-06,1,1,199.9,79.96,False
3427,18679,2025-10-11,1,1,99.9,39.96,False
3428,18680,2024-11-27,1,2,159.98,64.0,False
3429,18681,2022-04-15,1,1,59.99,24.0,False
3430,18682,2025-09-15,1,1,89.99,36.0,False
3431,18683,2024-11-09,1,1,49.99,20.0,False
3432,18684,2025-09-24,1,1,39.99,16.0,False
3433,18685,2023-08-06,1,1,299.99,120.0,False
3434,18686,2021-03-07,1,1,349.99,140.0,False
3435,18687,2024-12-22,1,1,139.99,56.0,False
3436,18688,2023-08-11,1,1,249.99,100.0,False
3437,18689,2022-05-10,1,1,99.9,39.96,False
3438,18690,2022-04-02,1,1,49.9,19.96,False
3439,18691,2023-08-01,1,1,19.99,8.0,False
3440,18692,2023-08-14,1,1,59.99,24.0,False
3441,18693,2025-09-09,1,1,399.99,160.0,False
3442,18694,2021-01-05,1,1,49.99,20.0,False
3443,18695,2024-11-19,1,1,119.99,48.0,False
3444,18696,2024-11-05,1,1,199.9,79.96,False
3445,18697,2022-05-22,1,1,349.99,140.0,False
3446,18698,2021-02-10,1,2,399.8,159.92,False
3447,18699,2022-04-12,1,3,389.97,156.0,False
3448,18700,2023-07-27,1,2,59.98,24.0,False
3449,18701,2025-10-12,1,2,799.98,320.0,False
3450,18702,2024-12-21,1,1,54.9,21.96,False
3451,18703,2024-12-12,1,2,399.98,160.0,False
3452,18704,2024-11-10,1,1,79.99,32.0,True
3453,18705,2023-07-18,1,1,249.99,100.0,False
3454,18706,2025-09-20,1,1,159.99,64.0,False
3455,18707,2021-03-22,1,2,159.98,64.0,False
3456,18708,2022-06-10,1,1,149.9,59.96,False
3457,18709,2023-08-02,1,1,89.99,36.0,False
3458,18710,2025-10-20,1,1,59.99,24.0,False
3459,18711,2022-05-08,1,2,599.98,240.0,False
3460,18712,2021-02-03,1,1,149.99,60.0,True
3461,18713,2022-06-05,1,1,89.99,36.0,False
3462,18714,2022-05-18,1,1,39.9,15.96,False
3463,18715,2021-03-17,1,1,24.9,9.96,False
3464,18716,2024-11-17,1,1,89.99,36.0,False
3465,18717,2023-08-30,1,1,179.99,72.0,False
3466,18718,2022-05-06,1,1,179.99,72.0,False
3467,18719,2022-04-20,1,1,159.99,64.0,False
3468,18720,2023-08-29,1,2,399.8,159.92,False
3469,18721,2023-07-17,1,1,79.99,32.0,False
3470,18722,2024-12-09,1,2,399.98,160.0,False
3471,18723,2021-03-30,1,2,199.8,79.92,False
3472,18724,2022-04-23,1,1,399.99,160.0,False
3473,18725,2021-02-13,1,1,79.99,32.0,False
3474,18726,2024-11-25,1,1,49.99,20.0,False
3475,18727,2025-10-16,1,1,299.99,120.0,False
3476,18728,2025-09-15,1,1,59.99,24.0,True
3477,18729,2024-12-25,1,1,249.99,100.0,False
3478,18730,2022-04-16,1,2,119.98,48.0,True
3479,18731,2021-02-09,1,1,249.99,100.0,False
3480,18732,2023-07-17,1,1,139.99,56.0,False
3481,18733,2024-11-03,1,1,89.9,35.96,True
3482,18734,2022-05-24,1,1,159.99,64.0,False
3483,18735,2024-12-08,1,1,129.9,51.96,False
3484,18736,2022-06-08,1,2,319.98,128.0,False
3485,18737,2025-10-25,1,3,239.97,96.0,False
3486,18738,2025-10-13,1,1,39.9,15.96,False
3487,18739,2021-01-21,1,1,159.99,64.0,False
3488,18740,2021-03-06,1,2,59.98,24.0,True
3489,18741,2021-01-05,1,2,259.8,103.92,False
3490,18742,2021-02-05,1,1,89.99,36.0,False
3491,18743,2022-06-08,1,1,49.9,19.96,True
3492,18744,2025-09-22,1,1,49.99,20.0,False
3493,18745,2021-02-21,1,2,119.98,48.0,False
3494,18746,2022-04-18,1,2,359.98,144.0,False
3495,18747,2021-02-15,1,2,599.98,240.0,True
3496,18748,2023-07-03,1,1,49.99,20.0,False
3497,18749,2022-06-29,1,1,49.99,20.0,False
3498,18750,2025-10-02,1,2,59.98,24.0,False
3499,18751,2022-04-16,1,2,179.8,71.92,False
3500,18752,2024-12-22,1,3,74.7,29.88,False
3501,18753,2024-12-21,1,2,259.8,103.92,False
3502,18754,2024-11-19,1,1,79.99,32.0,False
3503,18755,2022-06-02,1,2,51.98,20.8,False
3504,18756,2024-11-08,1,2,99.98,40.0,False
3505,18757,2024-11-28,1,1,89.99,36.0,True
3506,18758,2025-09-07,1,1,24.99,10.0,False
3507,18759,2024-12-16,1,2,319.98,128.0,False
3508,18760,2025-10-22,1,1,129.9,51.96,False
3509,18761,2022-04-05,1,3,1049.97,420.0,False
3510,18762,2021-01-04,1,1,69.9,27.96,False
3511,18763,2021-01-22,1,1,59.99,24.0,False
3512,18764,2024-11-02,1,2,179.98,72.0,False
3513,18765,2023-07-23,1,2,79.8,31.92,False
3514,18766,2021-01-11,1,1,24.9,9.96,False
3515,18767,2024-12-20,1,1,89.9,35.96,False
3516,18768,2023-07-05,1,2,599.98,240.0,False
3517,18769,2022-05-25,1,1,129.9,51.96,False
3518,18770,2024-11-07,1,1,59.99,24.0,False
3519,18771,2021-02-28,1,1,119.99,48.0,False
3520,18772,2022-05-10,1,1,19.99,8.0,False
3521,18773,2021-03-19,1,1,79.99,32.0,False
3522,18774,2024-12-12,1,3,299.97,120.0,False
3523,18775,2024-11-15,1,1,79.99,32.0,False
3524,18776,2025-09-15,1,3,1199.97,480.0,False
3525,18777,2024-11-06,1,1,299.99,120.0,False
3526,18778,2025-09-06,1,1,119.99,48.0,False
3527,18779,2023-08-13,1,2,39.98,16.0,False
3528,18780,2022-05-03,1,1,159.99,64.0,False
3529,18781,2024-11-05,1,1,249.99,100.0,False
3530,18782,2024-12-12,1,1,49.99,20.0,False
3531,18783,2023-08-19,1,2,159.98,64.0,False
3532,18784,2022-06-03,1,1,129.9,51.96,False
3533,18785,2022-04-14,1,2,79.98,32.0,False
3534,18786,2025-10-05,1,2,699.98,280.0,False
3535,18787,2021-01-18,1,1,189.99,76.0,False
3536,18788,2022-04-23,1,1,89.99,36.0,False
3537,18789,2022-06-23,1,1,24.9,9.96,False
3538,18790,2025-10-13,1,2,299.98,120.0,False
3539,18791,2022-05-25,1,1,299.99,120.0,False
3540,18792,2022-06-01,1,1,179.99,72.0,False
3541,18793,2022-04-30,1,2,99.8,39.92,False
3542,18794,2021-02-27,1,1,99.9,39.96,False
3543,18795,2022-04-19,1,1,189.99,76.0,False
3544,18796,2021-01-01,1,2,79.98,32.0,False
3545,18797,2022-05-27,1,1,59.99,24.0,False
3546,18798,2023-08-28,1,1,149.9,59.96,False
3547,18799,2025-09-12,1,2,99.8,39.92,False
3548,18800,2021-02-10,1,2,319.98,128.0,False
3549,18801,2022-04-07,1,2,159.98,64.0,False
3550,18802,2021-01-28,1,2,179.98,72.0,False
3551,18803,2022-04-23,1,1,59.99,24.0,False
3552,18804,2023-07-22,1,1,39.9,15.96,False
3553,18805,2021-03-26,1,1,159.99,64.0,False
3554,18806,2022-04-22,1,1,19.99,8.0,False
3555,18807,2024-11-09,1,2,799.98,320.0,False
3556,18808,2021-02-26,1,2,359.98,144.0,False
3557,18809,2023-08-23,1,1,199.9,79.96,False
3558,18810,2022-05-02,1,1,39.9,15.96,False
3559,18811,2021-03-15,1,1,24.9,9.96,False
3560,18812,2024-11-18,1,1,59.99,24.0,False
3561,18813,2024-11-24,1,1,349.99,140.0,False
3562,18814,2025-09-21,1,2,379.98,152.0,True
3563,18815,2021-01-28,1,2,399.98,160.0,False
3564,18816,2022-05-28,1,2,99.98,40.0,False
3565,18817,2025-10-24,1,2,79.8,31.92,False
3566,18818,2024-11-21,1,1,189.99,76.0,False
3567,18819,2023-07-11,1,1,399.99,160.0,False
3568,18820,2023-07-29,1,1,149.99,60.0,False
3569,18821,2024-11-03,1,1,129.9,51.96,False
3570,18822,2022-04-20,1,1,139.99,56.0,False
3571,18823,2023-07-29,1,1,199.99,80.0,False
3572,18824,2021-03-06,1,2,299.98,120.0,False
3573,18825,2025-10-30,1,1,24.99,10.0,False
3574,18826,2025-10-18,1,1,299.99,120.0,False
3575,18827,2021-02-10,1,1,149.99,60.0,False
3576,18828,2022-05-11,1,1,159.99,64.0,False
3577,18829,2025-10-30,1,2,319.98,128.0,False
3578,18830,2022-06-25,1,1,59.99,24.0,False
3579,18831,2024-11-15,1,1,24.9,9.96,False
3580,18832,2021-03-24,1,2,799.98,320.0,False
3581,18833,2024-11-09,1,1,79.99,32.0,True
3582,18834,2022-05-26,1,2,49.98,20.0,False
3583,18835,2023-08-18,1,1,89.99,36.0,False
3584,18836,2025-10-11,1,1,179.99,72.0,False
3585,18837,2025-09-22,1,1,149.99,60.0,False
3586,18838,2021-01-03,1,1,19.99,8.0,False
3587,18839,2021-02-05,1,2,279.98,112.0,False
3588,18840,2024-11-27,1,2,299.8,119.92,False
3589,18841,2025-09-21,1,1,99.9,39.96,False
3590,18842,2024-11-10,1,1,129.99,52.0,False
3591,18843,2024-11-24,1,1,149.9,59.96,False
3592,18844,2021-01-18,1,1,119.9,47.96,False
3593,18845,2021-01-30,1,1,349.99,140.0,False
3594,18846,2021-01-21,1,1,159.99,64.0,True
3595,18847,2022-05-01,1,2,299.98,120.0,False
3596,18848,2023-08-09,1,1,79.99,32.0,False
3597,18849,2021-03-20,1,2,399.8,159.92,False
3598,18850,2025-09-07,1,1,99.99,40.0,False
3599,18851,2025-09-04,1,1,399.99,160.0,False
3600,18852,2021-02-06,1,1,299.99,120.0,False
3601,18853,2023-08-02,1,2,259.98,104.0,False
3602,18854,2021-01-12,1,1,159.99,64.0,False
3603,18855,2022-04-03,1,1,79.99,32.0,False
3604,18856,2024-12-09,1,1,119.99,48.0,False
3605,18857,2021-01-01,1,2,79.8,31.92,False
3606,18858,2023-08-16,1,1,299.99,120.0,False
3607,18859,2021-01-14,1,1,139.99,56.0,False
3608,18860,2024-12-01,1,1,79.99,32.0,False
3609,18861,2021-03-12,1,1,59.99,24.0,False
3610,18862,2021-03-16,1,3,419.97,168.0,False
3611,18863,2023-07-26,1,1,24.99,10.0,False
3612,18864,2021-02-07,1,2,379.98,152.0,False
3613,18865,2022-05-18,1,3,419.97,168.0,False
3614,18866,2024-11-17,1,1,29.99,12.0,False
3615,18867,2025-09-10,1,2,199.98,80.0,False
3616,18868,2023-07-14,1,2,279.98,112.0,True
3617,18869,2021-01-01,1,1,399.99,160.0,False
3618,18870,2022-05-19,1,1,49.99,20.0,False
3619,18871,2021-01-10,1,2,99.98,40.0,False
3620,18872,2024-12-29,1,3,569.97,228.0,False
3621,18873,2022-06-27,1,2,79.8,31.92,False
3622,18874,2023-08-23,1,1,59.99,24.0,False
3623,18875,2024-11-19,1,3,1049.97,420.0,False
3624,18876,2024-11-12,1,1,39.99,16.0,False
3625,18877,2022-04-05,1,1,25.99,10.4,False
3626,18878,2022-06-03,1,1,79.99,32.0,False
3627,18879,2023-08-17,1,2,499.98,200.0,False
3628,18880,2022-05-07,1,1,29.99,12.0,False
3629,18881,2022-06-07,1,1,299.99,120.0,False
3630,18882,2024-11-08,1,1,89.99,36.0,True
3631,18883,2022-04-30,1,1,129.99,52.0,False
3632,18884,2022-05-12,1,1,179.99,72.0,False
3633,18885,2021-02-06,1,1,39.9,15.96,False
3634,18886,2025-09-03,1,1,299.99,120.0,False
3635,18887,2024-12-05,1,2,259.98,104.0,False
3636,18888,2021-01-25,1,1,39.9,15.96,False
3637,18889,2024-12-24,1,1,129.99,52.0,False
3638,18890,2025-09-08,1,1,39.9,15.96,False
3639,18891,2021-02-14,1,1,79.99,32.0,False
3640,18892,2023-08-01,1,1,24.9,9.96,False
3641,18893,2025-10-08,1,1,129.9,51.96,False
3642,18894,2024-12-28,1,3,1199.97,480.0,False
3643,18895,2021-03-14,1,1,89.99,36.0,False
3644,18896,2021-03-18,1,1,79.99,32.0,False
3645,18897,2023-08-10,1,3,77.97,31.2,False
3646,18898,2021-03-12,1,2,259.8,103.92,False
3647,18899,2025-10-13,1,1,129.99,52.0,False
3648,18900,2024-11-02,1,1,19.99,8.0,False
3649,18901,2025-09-18,1,1,79.99,32.0,False
3650,18902,2024-12-09,1,1,59.99,24.0,False
3651,18903,2021-01-29,1,2,799.98,320.0,False
3652,18904,2024-11-28,1,1,39.9,15.96,False
3653,18905,2022-04-17,1,1,19.99,8.0,False
3654,18906,2021-01-21,1,1,24.99,10.0,False
3655,18907,2025-09-09,1,2,239.98,96.0,True
3656,18908,2025-09-13,1,1,59.99,24.0,False
3657,18909,2024-12-23,1,1,79.99,32.0,True
3658,18910,2022-05-22,1,1,29.99,12.0,False
3659,18911,2023-07-20,1,1,49.99,20.0,False
3660,18912,2022-04-09,1,2,49.98,20.0,False
3661,18913,2022-05-20,1,3,449.97,180.0,False
3662,18914,2021-01-03,1,1,99.9,39.96,True
3663,18915,2021-02-23,1,1,129.9,51.96,False
3664,18916,2021-03-09,1,1,149.9,59.96,False
3665,18917,2023-08-01,1,2,399.8,159.92,False
3666,18918,2024-11-20,1,1,39.9,15.96,False
3667,18919,2024-11-24,1,2,199.8,79.92,False
3668,18920,2025-09-06,1,1,149.9,59.96,False
3669,18921,2022-05-06,1,1,99.9,39.96,False
3670,18922,2021-03-12,1,1,49.99,20.0,False
3671,18923,2025-09-17,1,1,149.9,59.96,False
3672,18924,2021-03-26,1,1,89.99,36.0,False
3673,18925,2024-12-13,1,1,139.99,56.0,False
3674,18926,2021-03-06,1,1,39.99,16.0,False
3675,18927,2021-02-24,1,1,49.99,20.0,False
3676,18928,2021-01-10,1,1,99.9,39.96,False
3677,18929,2021-02-15,1,1,99.9,39.96,False
3678,18930,2021-03-17,1,1,129.9,51.96,False
3679,18931,2021-02-25,1,1,399.99,160.0,False
3680,18932,2023-07-27,1,1,39.9,15.96,False
3681,18933,2023-08-08,1,2,799.98,320.0,False
3682,18934,2022-04-10,1,1,99.9,39.96,True
3683,18935,2023-08-03,1,1,39.99,16.0,False
3684,18936,2021-03-12,1,2,79.98,32.0,False
3685,18937,2024-11-02,1,1,59.99,24.0,False
3686,18938,2022-04-14,1,1,129.9,51.96,False
3687,18939,2024-12-24,1,2,699.98,280.0,False
3688,18940,2022-05-27,1,1,24.9,9.96,False
3689,18941,2021-02-27,1,3,479.97,192.0,False
3690,18942,2021-01-11,1,1,99.99,40.0,False
3691,18943,2023-08-25,1,1,349.99,140.0,False
3692,18944,2024-12-28,1,1,29.99,12.0,False
3693,18945,2025-09-09,1,2,299.8,119.92,False
3694,18946,2022-06-23,1,1,159.99,64.0,False
3695,18947,2022-05-08,1,2,359.98,144.0,False
3696,18948,2023-07-08,1,2,259.8,103.92,True
3697,18949,2022-06-06,1,2,99.98,40.0,False
3698,18950,2023-08-01,1,1,89.99,36.0,True
3699,18951,2023-07-19,1,1,99.9,39.96,False
3700,18952,2023-08-17,1,1,129.9,51.96,False
3701,18953,2024-11-25,1,3,389.7,155.88,False
3702,18954,2022-05-05,1,1,299.99,120.0,False
3703,18955,2025-09-20,1,1,39.9,15.96,False
3704,18956,2022-04-20,1,3,299.97,120.0,False
3705,18957,2025-10-29,1,1,25.99,10.4,False
3706,18958,2025-09-13,1,2,359.98,144.0,False
3707,18959,2023-07-07,1,1,399.99,160.0,False
3708,18960,2025-10-07,1,1,159.99,64.0,False
3709,18961,2025-10-06,1,3,179.97,72.0,False
3710,18962,2021-02-04,1,1,129.9,51.96,False
3711,18963,2021-03-16,1,1,299.99,120.0,False
3712,18964,2024-11-30,1,3,239.97,96.0,False
3713,18965,2024-11-09,1,1,59.99,24.0,False
3714,18966,2021-01-02,1,1,99.9,39.96,False
3715,18967,2021-01-02,1,2,159.98,64.0,False
3716,18968,2022-04-25,1,1,189.99,76.0,False
3717,18969,2022-06-11,1,1,129.99,52.0,False
3718,18970,2025-10-09,1,1,79.99,32.0,False
3719,18971,2024-12-28,1,1,25.99,10.4,False
3720,18972,2023-07-29,1,1,59.99,24.0,False
3721,18973,2022-05-16,1,1,89.99,36.0,False
3722,18974,2023-08-30,1,2,259.98,104.0,False
3723,18975,2023-07-16,1,1,129.9,51.96,False
3724,18976,2024-12-02,1,1,49.99,20.0,False
3725,18977,2023-08-21,1,1,129.99,52.0,False
3726,18978,2023-07-27,1,1,24.99,10.0,False
3727,18979,2025-09-19,1,2,239.98,96.0,False
3728,18980,2021-02-25,1,1,79.99,32.0,False
3729,18981,2021-03-12,1,2,259.8,103.92,False
3730,18982,2025-09-13,1,1,129.9,51.96,False
3731,18983,2025-09-08,1,1,399.99,160.0,True
3732,18984,2024-12-17,1,1,149.99,60.0,False
3733,18985,2021-03-15,1,2,69.98,28.0,False
3734,18986,2025-10-03,1,1,79.99,32.0,False
3735,18987,2025-09-17,1,1,199.99,80.0,False
3736,18988,2022-05-07,1,1,149.99,60.0,False
3737,18989,2022-04-04,1,1,39.99,16.0,False
3738,18990,2025-09-01,1,1,24.9,9.96,True
3739,18991,2024-12-26,1,1,39.9,15.96,False
3740,18992,2021-02-04,1,1,24.9,9.96,False
3741,18993,2024-11-24,1,1,349.99,140.0,False
3742,18994,2021-02-14,1,1,19.99,8.0,False
3743,18995,2025-09-18,1,1,59.99,24.0,True
3744,18996,2022-04-23,1,1,129.9,51.96,False
3745,18997,2022-06-09,1,2,79.8,31.92,False
3746,18998,2021-01-17,1,1,129.99,52.0,False
3747,18999,2024-11-12,1,1,149.9,59.96,False
3748,19000,2022-06-29,1,1,29.99,12.0,False
3749,19001,2024-12-02,1,1,99.99,40.0,False
3750,19002,2021-01-29,1,1,199.9,79.96,False
3751,19003,2021-01-14,1,1,189.99,76.0,False
3752,19004,2022-05-23,1,1,129.99,52.0,False
3753,19005,2021-02-06,1,1,24.9,9.96,False
3754,19006,2021-02-26,1,1,24.99,10.0,False
3755,19007,2025-10-01,1,2,259.98,104.0,True
3756,19008,2022-06-07,1,2,239.98,96.0,False
3757,19009,2025-09-16,1,1,24.99,10.0,False
3758,19010,2025-09-27,1,2,259.98,104.0,False
3759,19011,2025-09-06,1,1,399.99,160.0,False
3760,19012,2025-09-08,1,1,39.99,16.0,False
3761,19013,2022-04-18,1,2,179.8,71.92,False
3762,19014,2021-03-04,1,2,99.98,40.0,False
3763,19015,2023-07-08,1,1,399.99,160.0,False
3764,19016,2021-02-27,1,3,59.97,24.0,False
3765,19017,2021-02-24,1,1,199.9,79.96,False
3766,19018,2023-07-16,1,1,59.99,24.0,False
3767,19019,2021-03-18,1,1,99.9,39.96,True
3768,19020,2022-05-02,1,1,249.99,100.0,False
3769,19021,2024-11-13,1,1,189.99,76.0,False
3770,19022,2023-07-08,1,1,19.99,8.0,False
3771,19023,2023-07-09,1,1,49.99,20.0,False
3772,19024,2025-09-05,1,1,149.9,59.96,False
3773,19025,2023-08-24,1,2,159.98,64.0,False
3774,19026,2021-01-26,1,1,24.99,10.0,False
3775,19027,2024-11-17,1,1,349.99,140.0,False
3776,19028,2025-09-11,1,2,399.8,159.92,False
3777,19029,2024-12-21,1,2,119.98,48.0,False
3778,19030,2022-04-23,1,1,349.99,140.0,True
3779,19031,2025-10-07,1,1,79.99,32.0,True
3780,19032,2024-11-06,1,1,299.99,120.0,False
3781,19033,2021-01-14,1,2,259.98,104.0,True
3782,19034,2023-07-09,1,1,79.99,32.0,False
3783,19035,2023-07-26,1,1,89.99,36.0,False
3784,19036,2025-09-13,1,1,79.99,32.0,False
3785,19037,2024-12-22,1,1,79.99,32.0,False
3786,19038,2024-11-26,1,1,399.99,160.0,False
3787,19039,2024-11-29,1,1,29.99,12.0,True
3788,19040,2025-09-21,1,2,119.98,48.0,False
3789,19041,2024-11-18,1,1,19.99,8.0,True
3790,19042,2023-08-18,1,2,99.98,40.0,False
3791,19043,2025-09-30,1,1,79.99,32.0,False
3792,19044,2024-11-11,1,1,129.9,51.96,False
3793,19045,2023-07-27,1,2,179.98,72.0,False
3794,19046,2021-02-08,1,1,29.99,12.0,False
3795,19047,2023-08-21,1,1,179.99,72.0,False
3796,19048,2024-12-22,1,2,79.8,31.92,False
3797,19049,2025-09-18,1,1,179.99,72.0,False
3798,19050,2022-05-11,1,1,299.99,120.0,False
3799,19051,2024-11-30,1,1,159.99,64.0,False
3800,19052,2021-03-18,1,1,249.99,100.0,True
3801,19053,2023-07-06,1,1,39.9,15.96,False
3802,19054,2021-01-17,1,3,74.7,29.88,True
3803,19055,2021-03-20,1,1,34.99,14.0,False
3804,19056,2023-07-16,1,1,79.99,32.0,False
3805,19057,2023-08-18,1,1,199.9,79.96,False
3806,19058,2023-07-05,1,1,59.99,24.0,False
3807,19059,2021-02-18,1,1,99.9,39.96,False
3808,19060,2021-02-05,1,1,159.99,64.0,False
3809,19061,2021-01-23,1,1,349.99,140.0,False
3810,19062,2025-09-27,1,2,239.98,96.0,False
3811,19063,2022-05-30,1,1,159.99,64.0,False
3812,19064,2024-12-02,1,1,299.99,120.0,False
3813,19065,2024-11-08,1,1,79.99,32.0,True
3814,19066,2021-03-10,1,2,299.8,119.92,False
3815,19067,2024-12-18,1,2,259.8,103.92,False
3816,19068,2024-11-03,1,2,699.98,280.0,False
3817,19069,2023-08-09,1,1,99.9,39.96,False
3818,19070,2022-04-05,1,2,299.8,119.92,False
3819,19071,2022-06-03,1,2,119.98,48.0,False
3820,19072,2021-02-15,1,1,249.99,100.0,False
3821,19073,2024-12-10,1,1,19.99,8.0,False
3822,19074,2024-12-02,1,1,129.99,52.0,False
3823,19075,2023-07-10,1,2,119.98,48.0,True
3824,19076,2021-01-06,1,3,179.97,72.0,False
3825,19077,2022-04-15,1,1,159.99,64.0,True
3826,19078,2021-02-17,1,1,25.99,10.4,False
3827,19079,2021-03-17,1,2,259.98,104.0,False
3828,19080,2025-10-27,1,3,89.97,36.0,True
3829,19081,2024-12-11,1,2,119.98,48.0,False
3830,19082,2023-07-08,1,1,79.99,32.0,False
3831,19083,2021-02-12,1,1,59.99,24.0,False
3832,19084,2024-11-15,1,2,199.98,80.0,False
3833,19085,2022-06-01,1,1,159.99,64.0,False
3834,19086,2025-10-28,1,1,399.99,160.0,False
3835,19087,2022-06-17,1,1,249.99,100.0,False
3836,19088,2024-11-27,1,1,129.99,52.0,False
3837,19089,2023-07-28,1,1,19.99,8.0,False
3838,19090,2023-08-26,1,1,149.9,59.96,False
3839,19091,2022-05-19,1,1,59.99,24.0,False
3840,19092,2024-11-18,1,1,299.99,120.0,True
3841,19093,2024-11-08,1,1,59.99,24.0,False
3842,19094,2023-07-19,1,1,179.99,72.0,False
3843,19095,2025-10-06,1,1,19.99,8.0,False
3844,19096,2024-12-06,1,2,319.98,128.0,False
3845,19097,2023-08-21,1,2,259.98,104.0,True
3846,19098,2025-10-12,1,1,59.99,24.0,False
3847,19099,2024-11-25,1,1,149.99,60.0,False
3848,19100,2021-03-04,1,1,39.99,16.0,False
3849,19101,2021-02-07,1,1,29.99,12.0,False
3850,19102,2024-12-20,1,1,59.99,24.0,False
3851,19103,2021-03-18,1,1,89.9,35.96,True
3852,19104,2023-07-17,1,2,99.98,40.0,False
3853,19105,2024-12-23,1,1,249.99,100.0,False
3854,19106,2024-11-26,1,2,299.98,120.0,False
3855,19107,2021-02-26,1,2,399.8,159.92,False
3856,19108,2021-03-08,1,2,199.8,79.92,False
3857,19109,2024-11-12,1,2,39.98,16.0,False
3858,19110,2022-04-12,1,1,49.99,20.0,False
3859,19111,2024-12-23,1,1,49.99,20.0,False
3860,19112,2022-04-01,1,1,129.9,51.96,False
3861,19113,2023-08-23,1,1,149.99,60.0,False
3862,19114,2024-11-22,1,1,39.99,16.0,False
3863,19115,2022-04-06,1,1,119.99,48.0,False
3864,19116,2021-02-17,1,1,24.99,10.0,True
3865,19117,2024-11-05,1,2,179.8,71.92,False
3866,19118,2023-07-30,1,1,299.99,120.0,False
3867,19119,2021-02-20,1,3,539.97,216.0,False
3868,19120,2024-11-29,1,1,39.9,15.96,True
3869,19121,2022-05-12,1,1,99.99,40.0,False
3870,19122,2025-10-26,1,1,49.99,20.0,False
3871,19123,2021-02-22,1,1,59.99,24.0,False
3872,19124,2022-06-02,1,1,159.99,64.0,False
3873,19125,2022-04-08,1,1,29.99,12.0,False
3874,19126,2022-06-01,1,1,129.9,51.96,True
3875,19127,2024-11-13,1,1,159.99,64.0,False
3876,19128,2025-10-20,1,1,129.99,52.0,False
3877,19129,2022-04-29,1,1,299.99,120.0,False
3878,19130,2021-01-07,1,1,139.99,56.0,False
3879,19131,2022-04-25,1,1,24.99,10.0,False
3880,19132,2024-11-10,1,2,159.98,64.0,False
3881,19133,2023-08-17,1,1,59.99,24.0,False
3882,19134,2024-11-19,1,1,299.99,120.0,False
3883,19135,2025-10-02,1,2,109.8,43.92,False
3884,19136,2022-06-24,1,2,359.98,144.0,False
3885,19137,2023-07-22,1,1,59.99,24.0,False
3886,19138,2024-11-07,1,2,69.98,28.0,True
3887,19139,2025-10-09,1,2,319.98,128.0,False
3888,19140,2021-01-27,1,1,179.99,72.0,False
3889,19141,2025-10-15,1,1,89.99,36.0,False
3890,19142,2025-09-10,1,1,49.9,19.96,True
3891,19143,2024-12-26,1,1,39.9,15.96,False
3892,19144,2022-04-20,1,1,159.99,64.0,False
3893,19145,2025-10-19,1,2,179.98,72.0,False
3894,19146,2024-12-25,1,1,129.9,51.96,False
3895,19147,2024-11-26,1,2,599.98,240.0,True
3896,19148,2023-07-11,1,1,49.99,20.0,False
3897,19149,2025-10-21,1,1,25.99,10.4,False
3898,19150,2021-01-24,1,1,24.99,10.0,False
3899,19151,2022-05-09,1,2,49.98,20.0,True
3900,19152,2022-06-26,1,1,24.9,9.96,False
3901,19153,2025-10-11,1,2,119.98,48.0,True
3902,19154,2022-05-22,1,1,39.9,15.96,False
3903,19155,2021-02-08,1,1,299.99,120.0,False
3904,19156,2021-03-24,1,1,189.99,76.0,False
3905,19157,2022-06-09,1,2,119.98,48.0,False
3906,19158,2023-07-19,1,2,499.98,200.0,True
3907,19159,2025-10-06,1,3,359.97,144.0,False
3908,19160,2025-09-10,1,1,25.99,10.4,False
3909,19161,2021-03-16,1,1,99.9,39.96,False
3910,19162,2024-12-09,1,2,379.98,152.0,False
3911,19163,2024-11-09,1,1,89.99,36.0,False
3912,19164,2021-03-26,1,1,139.99,56.0,False
3913,19165,2023-08-28,1,1,149.99,60.0,True
3914,19166,2024-12-03,1,1,99.9,39.96,False
3915,19167,2023-07-05,1,1,299.99,120.0,False
3916,19168,2022-06-08,1,1,129.99,52.0,False
3917,19169,2025-09-04,1,1,89.99,36.0,False
3918,19170,2023-07-28,1,3,239.97,96.0,False
3919,19171,2025-09-28,1,1,199.9,79.96,False
3920,19172,2024-11-15,1,2,159.98,64.0,False
3921,19173,2024-12-21,1,1,79.99,32.0,False
3922,19174,2023-08-11,1,1,399.99,160.0,False
3923,19175,2023-07-25,1,3,74.97,30.0,False
3924,19176,2022-06-15,1,1,89.99,36.0,False
3925,19177,2022-05-12,1,2,79.8,31.92,False
3926,19178,2023-08-29,1,1,39.9,15.96,True
3927,19179,2022-06-03,1,1,79.99,32.0,False
3928,19180,2024-11-17,1,1,129.9,51.96,False
3929,19181,2024-12-27,1,1,99.99,40.0,True
3930,19182,2022-04-03,1,1,199.99,80.0,False
3931,19183,2021-02-22,1,1,24.99,10.0,False
3932,19184,2022-04-02,1,1,29.99,12.0,False
3933,19185,2024-11-14,1,1,79.99,32.0,False
3934,19186,2025-09-30,1,1,59.99,24.0,False
3935,19187,2023-07-13,1,1,89.99,36.0,True
3936,19188,2021-02-25,1,1,79.99,32.0,False
3937,19189,2024-11-17,1,2,199.8,79.92,True
3938,19190,2023-07-14,1,1,159.99,64.0,False
3939,19191,2022-05-18,1,1,129.9,51.96,False
3940,19192,2024-12-27,1,3,389.7,155.88,False
3941,19193,2025-09-10,1,3,269.7,107.88,False
3942,19194,2022-06-13,1,1,69.99,28.0,False
3943,19195,2024-11-29,1,1,99.99,40.0,False
3944,19196,2022-04-24,1,2,159.98,64.0,False
3945,19197,2022-05-19,1,2,99.98,40.0,False
3946,19198,2023-07-26,1,1,39.9,15.96,False
3947,19199,2021-01-18,1,1,49.99,20.0,False
3948,19200,2025-09-09,1,2,599.98,240.0,False
3949,19201,2022-06-26,1,2,319.98,128.0,False
3950,19202,2025-09-28,1,3,179.97,72.0,False
3951,19203,2023-08-25,1,1,49.9,19.96,False
3952,19204,2022-05-19,1,1,129.9,51.96,False
3953,19205,2021-02-22,1,2,799.98,320.0,True
3954,19206,2022-06-27,1,1,79.99,32.0,False
3955,19207,2021-03-25,1,1,49.99,20.0,False
3956,19208,2022-05-15,1,2,79.98,32.0,False
3957,19209,2022-06-11,1,1,99.9,39.96,True
3958,19210,2024-11-02,1,2,799.98,320.0,False
3959,19211,2025-10-30,1,2,239.98,96.0,False
3960,19212,2025-09-27,1,1,49.99,20.0,False
3961,19213,2024-11-23,1,1,59.99,24.0,False
3962,19214,2024-12-27,1,2,259.8,103.92,False
3963,19215,2024-12-19,1,1,159.99,64.0,False
3964,19216,2024-11-27,1,2,319.98,128.0,False
3965,19217,2025-10-08,1,1,99.9,39.96,False
3966,19218,2025-09-12,1,1,49.99,20.0,False
3967,19219,2022-04-26,1,1,129.99,52.0,False
3968,19220,2024-12-24,1,2,399.8,159.92,False
3969,19221,2022-06-25,1,1,129.99,52.0,False
3970,19222,2024-11-30,1,3,74.97,30.0,False
3971,19223,2023-07-28,1,1,129.99,52.0,False
3972,19224,2022-06-26,1,2,199.8,79.92,False
3973,19225,2022-04-14,1,1,99.9,39.96,True
3974,19226,2021-01-05,1,2,599.98,240.0,False
3975,19227,2025-10-23,1,1,179.99,72.0,False
3976,19228,2021-02-03,1,1,99.99,40.0,False
3977,19229,2025-10-01,1,2,159.98,64.0,False
3978,19230,2023-07-10,1,1,79.99,32.0,False
3979,19231,2022-06-12,1,2,39.98,16.0,False
3980,19232,2025-10-18,1,1,149.99,60.0,False
3981,19233,2022-05-14,1,1,39.99,16.0,False
3982,19234,2025-10-25,1,1,159.99,64.0,False
3983,19235,2023-08-07,1,3,359.97,144.0,False
3984,19236,2022-06-14,1,2,49.8,19.92,False
3985,19237,2021-01-17,1,1,79.99,32.0,False
3986,19238,2025-10-28,1,1,199.99,80.0,False
3987,19239,2025-09-22,1,1,179.99,72.0,False
3988,19240,2022-06-12,1,1,99.99,40.0,False
3989,19241,2025-09-30,1,1,89.9,35.96,False
3990,19242,2021-03-04,1,1,159.99,64.0,False
3991,19243,2022-06-14,1,2,319.98,128.0,False
3992,19244,2024-12-22,1,1,179.99,72.0,False
3993,19245,2023-07-28,1,1,39.99,16.0,False
3994,19246,2024-12-10,1,1,159.99,64.0,False
3995,19247,2025-10-01,1,1,139.99,56.0,False
3996,19248,2021-03-10,1,1,179.99,72.0,False
3997,19249,2025-10-11,1,1,159.99,64.0,False
3998,19250,2025-10-24,1,2,59.98,24.0,True
3999,19251,2024-11-03,1,1,24.9,9.96,False
4000,19252,2025-09-05,1,1,159.99,64.0,False
4001,19253,2025-09-10,1,1,189.99,76.0,True
4002,19254,2022-05-14,1,1,79.99,32.0,False
4003,19255,2022-05-24,1,1,199.99,80.0,False
4004,19256,2024-12-09,1,1,119.99,48.0,False
4005,19257,2025-10-25,1,2,799.98,320.0,False
4006,19258,2025-10-29,1,1,159.99,64.0,False
4007,19259,2022-05-03,1,2,119.98,48.0,False
4008,19260,2024-12-24,1,1,199.99,80.0,False
4009,19261,2024-12-02,1,1,24.9,9.96,False
4010,19262,2022-06-13,1,2,199.8,79.92,False
4011,19263,2022-04-23,1,1,49.9,19.96,False
4012,19264,2023-08-15,1,2,39.98,16.0,False
4013,19265,2022-06-07,1,2,159.98,64.0,False
4014,19266,2022-04-18,1,1,179.99,72.0,False
4015,19267,2023-07-26,1,2,119.98,48.0,False
4016,19268,2024-11-19,1,1,89.99,36.0,False
4017,19269,2021-01-15,1,2,279.98,112.0,False
4018,19270,2021-03-08,1,1,39.9,15.96,False
4019,19271,2023-08-16,1,2,179.98,72.0,False
4020,19272,2023-07-19,1,1,24.9,9.96,False
4021,19273,2023-08-27,1,1,129.99,52.0,False
4022,19274,2023-07-06,1,1,159.99,64.0,False
4023,19275,2021-01-27,1,2,599.98,240.0,False
4024,19276,2025-10-01,1,1,39.9,15.96,False
4025,19277,2025-10-16,1,2,59.98,24.0,False
4026,19278,2022-06-23,1,1,299.99,120.0,True
4027,19279,2021-02-10,1,1,399.99,160.0,False
4028,19280,2025-10-13,1,2,179.98,72.0,False
4029,19281,2023-08-02,1,2,259.8,103.92,False
4030,19282,2023-07-01,1,1,49.9,19.96,False
4031,19283,2024-11-05,1,2,159.98,64.0,True
4032,19284,2024-12-28,1,1,25.99,10.4,False
4033,19285,2025-10-27,1,2,79.98,32.0,False
4034,19286,2023-08-03,1,3,569.97,228.0,False
4035,19287,2023-07-20,1,3,389.97,156.0,True
4036,19288,2023-08-06,1,1,89.99,36.0,False
4037,19289,2023-07-14,1,1,39.9,15.96,False
4038,19290,2024-11-24,1,1,159.99,64.0,False
4039,19291,2021-01-07,1,1,129.9,51.96,False
4040,19292,2025-10-25,1,2,599.98,240.0,False
4041,19293,2025-09-07,1,1,89.99,36.0,False
4042,19294,2022-05-18,1,1,59.99,24.0,False
4043,19295,2023-07-01,1,2,79.8,31.92,False
4044,19296,2024-12-06,1,3,59.97,24.0,False
4045,19297,2025-09-21,1,1,24.9,9.96,False
4046,19298,2024-12-14,1,1,129.9,51.96,True
4047,19299,2025-09-02,1,1,249.99,100.0,False
4048,19300,2021-02-26,1,1,19.99,8.0,False
4049,19301,2021-02-22,1,2,699.98,280.0,False
4050,19302,2023-07-01,1,1,19.99,8.0,False
4051,19303,2021-01-31,1,1,19.99,8.0,False
4052,19304,2023-07-20,1,1,129.9,51.96,True
4053,19305,2025-09-25,1,3,179.97,72.0,False
4054,19306,2021-02-10,1,1,129.9,51.96,False
4055,19307,2023-08-25,1,1,79.99,32.0,False
4056,19308,2025-09-01,1,1,129.9,51.96,False
4057,19309,2024-12-20,1,1,79.99,32.0,False
4058,19310,2024-12-07,1,1,129.99,52.0,False
4059,19311,2021-02-24,1,1,179.99,72.0,False
4060,19312,2023-07-12,1,1,39.9,15.96,False
4061,19313,2023-07-12,1,1,399.99,160.0,False
4062,19314,2024-11-26,1,2,179.98,72.0,False
4063,19315,2022-06-20,1,1,199.9,79.96,False
4064,19316,2022-05-09,1,2,299.98,120.0,False
4065,19317,2022-04-22,1,1,199.9,79.96,False
4066,19318,2024-11-23,1,1,39.9,15.96,False
4067,19319,2022-04-28,1,2,319.98,128.0,False
4068,19320,2022-04-16,1,1,79.99,32.0,False
4069,19321,2021-03-27,1,2,799.98,320.0,False
4070,19322,2021-01-31,1,1,99.9,39.96,False
4071,19323,2024-12-11,1,3,569.97,228.0,True
4072,19324,2025-09-24,1,2,49.8,19.92,False
4073,19325,2023-07-02,1,2,39.98,16.0,False
4074,19326,2023-08-01,1,2,99.98,40.0,False
4075,19327,2023-07-29,1,1,25.99,10.4,True
4076,19328,2025-09-09,1,1,29.99,12.0,False
4077,19329,2022-04-13,1,1,249.99,100.0,False
4078,19330,2021-02-26,1,2,319.98,128.0,False
4079,19331,2024-12-06,1,1,59.99,24.0,False
4080,19332,2024-12-20,1,1,149.9,59.96,False
4081,19333,2023-07-20,1,2,239.98,96.0,False
4082,19334,2021-01-10,1,1,129.9,51.96,False
4083,19335,2021-02-20,1,2,199.98,80.0,False
4084,19336,2021-01-08,1,1,25.99,10.4,False
4085,19337,2023-08-29,1,1,249.99,100.0,False
4086,19338,2022-04-06,1,1,199.99,80.0,False
4087,19339,2021-03-13,1,1,249.99,100.0,True
4088,19340,2024-11-05,1,1,89.99,36.0,False
4089,19341,2025-09-09,1,2,259.98,104.0,False
4090,19342,2022-05-14,1,1,25.99,10.4,False
4091,19343,2024-12-12,1,1,59.99,24.0,False
4092,19344,2021-02-16,1,1,24.99,10.0,False
4093,19345,2024-11-07,1,1,149.9,59.96,False
4094,19346,2023-07-28,1,1,89.99,36.0,False
4095,19347,2025-09-30,1,1,59.99,24.0,False
4096,19348,2022-04-21,1,1,25.99,10.4,False
4097,19349,2022-05-26,1,1,39.9,15.96,False
4098,19350,2023-08-27,1,2,239.98,96.0,True
4099,19351,2022-06-08,1,1,249.99,100.0,False
4100,19352,2023-07-18,1,1,34.99,14.0,False
4101,19353,2024-11-09,1,1,199.9,79.96,False
4102,19354,2021-03-30,1,1,189.99,76.0,False
4103,19355,2021-02-26,1,1,199.9,79.96,False
4104,19356,2021-01-12,1,1,129.99,52.0,False
4105,19357,2024-11-23,1,2,259.8,103.92,False
4106,19358,2024-11-26,1,2,119.98,48.0,False
4107,19359,2023-07-31,1,1,19.99,8.0,False
4108,19360,2022-06-15,1,1,79.99,32.0,False
4109,19361,2025-09-27,1,1,24.99,10.0,False
4110,19362,2022-04-11,1,1,49.99,20.0,False
4111,19363,2023-08-03,1,2,159.98,64.0,True
4112,19364,2022-06-14,1,2,599.98,240.0,False
4113,19365,2022-04-11,1,2,379.98,152.0,True
4114,19366,2023-08-22,1,1,99.99,40.0,False
4115,19367,2021-03-25,1,2,59.98,24.0,False
4116,19368,2025-10-18,1,1,299.99,120.0,False
4117,19369,2022-06-17,1,2,239.98,96.0,False
4118,19370,2021-02-05,1,2,259.98,104.0,False
4119,19371,2025-10-22,1,1,249.99,100.0,False
4120,19372,2023-07-03,1,1,199.9,79.96,False
4121,19373,2021-03-21,1,2,299.98,120.0,False
4122,19374,2025-10-30,1,1,89.99,36.0,False
4123,19375,2024-11-21,1,1,24.9,9.96,False
4124,19376,2024-12-28,1,1,149.99,60.0,False
4125,19377,2021-02-09,1,2,359.98,144.0,False
4126,19378,2024-11-23,1,2,319.98,128.0,False
4127,19379,2023-07-31,1,1,149.99,60.0,False
4128,19380,2022-06-12,1,1,49.9,19.96,True
4129,19381,2023-08-29,1,1,79.99,32.0,False
4130,19382,2024-12-13,1,1,39.99,16.0,False
4131,19383,2024-11-06,1,1,24.9,9.96,False
4132,19384,2024-12-19,1,1,59.99,24.0,False
4133,19385,2021-01-04,1,2,359.98,144.0,False
4134,19386,2024-11-11,1,1,29.99,12.0,False
4135,19387,2021-03-30,1,1,39.9,15.96,True
4136,19388,2024-12-06,1,1,39.99,16.0,False
4137,19389,2024-11-03,1,1,399.99,160.0,True
4138,19390,2022-06-04,1,1,99.9,39.96,False
4139,19391,2025-09-03,1,2,179.98,72.0,True
4140,19392,2023-08-19,1,1,89.99,36.0,False
4141,19393,2021-01-26,1,1,39.9,15.96,False
4142,19394,2023-07-31,1,2,69.98,28.0,False
4143,19395,2024-12-23,1,1,79.99,32.0,False
4144,19396,2022-06-21,1,1,99.99,40.0,False
4145,19397,2024-12-14,1,1,59.99,24.0,False
4146,19398,2024-12-23,1,2,279.98,112.0,False
4147,19399,2024-11-17,1,1,49.99,20.0,False
4148,19400,2022-06-18,1,1,129.99,52.0,False
4149,19401,2024-11-10,1,1,299.99,120.0,False
4150,19402,2024-11-17,1,1,99.99,40.0,False
4151,19403,2024-11-12,1,2,259.98,104.0,False
4152,19404,2024-12-24,1,1,39.9,15.96,False
4153,19405,2022-04-30,1,1,149.99,60.0,False
4154,19406,2022-06-28,1,1,189.99,76.0,False
4155,19407,2025-10-12,1,1,199.99,80.0,False
4156,19408,2025-10-24,1,2,199.98,80.0,False
4157,19409,2022-05-28,1,1,149.99,60.0,False
4158,19410,2024-11-01,1,2,599.98,240.0,False
4159,19411,2023-08-09,1,2,79.8,31.92,False
4160,19412,2024-12-08,1,1,199.9,79.96,False
4161,19413,2023-08-06,1,1,149.99,60.0,False
4162,19414,2024-12-18,1,1,79.99,32.0,False
4163,19415,2025-09-11,1,2,179.8,71.92,False
4164,19416,2025-09-12,1,1,89.99,36.0,False
4165,19417,2025-09-04,1,1,159.99,64.0,False
4166,19418,2024-12-06,1,1,299.99,120.0,False
4167,19419,2024-12-07,1,1,129.9,51.96,False
4168,19420,2022-05-24,1,2,359.98,144.0,False
4169,19421,2025-09-21,1,2,49.98,20.0,False
4170,19422,2022-05-18,1,1,119.99,48.0,False
4171,19423,2022-06-04,1,1,129.9,51.96,False
4172,19424,2021-01-08,1,1,89.99,36.0,False
4173,19425,2024-12-30,1,1,129.99,52.0,False
4174,19426,2023-08-20,1,2,599.98,240.0,False
4175,19427,2024-11-18,1,1,249.99,100.0,False
4176,19428,2022-05-24,1,1,89.99,36.0,False
4177,19429,2024-11-06,1,1,49.99,20.0,False
4178,19430,2021-02-24,1,1,199.99,80.0,False
4179,19431,2021-02-09,1,1,129.99,52.0,False
4180,19432,2023-07-23,1,3,74.7,29.88,True
4181,19433,2021-03-27,1,1,25.99,10.4,False
4182,19434,2021-02-18,1,3,389.97,156.0,False
4183,19435,2024-11-03,1,1,24.9,9.96,False
4184,19436,2022-04-21,1,1,349.99,140.0,False
4185,19437,2021-03-18,1,1,129.99,52.0,False
4186,19438,2021-02-16,1,3,749.97,300.0,False
4187,19439,2021-01-10,1,2,199.98,80.0,False
4188,19440,2022-05-26,1,1,199.9,79.96,False
4189,19441,2022-05-01,1,1,89.99,36.0,False
4190,19442,2024-12-06,1,1,99.9,39.96,False
4191,19443,2024-11-18,1,2,199.8,79.92,False
4192,19444,2024-11-30,1,2,49.8,19.92,False
4193,19445,2021-03-27,1,1,129.9,51.96,False
4194,19446,2025-09-02,1,1,129.9,51.96,False
4195,19447,2022-06-06,1,1,89.99,36.0,False
4196,19448,2023-08-27,1,1,19.99,8.0,True
4197,19449,2025-10-10,1,3,569.97,228.0,False
4198,19450,2022-05-01,1,1,139.99,56.0,False
4199,19451,2024-11-20,1,1,79.99,32.0,False
4200,19452,2022-05-03,1,3,239.97,96.0,False
4201,19453,2021-02-16,1,1,119.99,48.0,False
4202,19454,2024-11-15,1,1,29.99,12.0,False
4203,19455,2022-06-05,1,2,79.8,31.92,False
4204,19456,2023-07-04,1,1,89.99,36.0,False
4205,19457,2025-09-30,1,1,349.99,140.0,False
4206,19458,2021-02-01,1,1,299.99,120.0,False
4207,19459,2022-06-18,1,1,199.9,79.96,False
4208,19460,2025-10-25,1,1,39.99,16.0,False
4209,19461,2023-07-20,1,1,59.99,24.0,False
4210,19462,2025-09-26,1,1,159.99,64.0,False
4211,19463,2024-11-08,1,1,129.99,52.0,True
4212,19464,2022-05-20,1,1,79.99,32.0,True
4213,19465,2024-11-05,1,1,59.99,24.0,False
4214,19466,2024-12-03,1,1,299.99,120.0,False
4215,19467,2021-01-07,1,1,59.99,24.0,False
4216,19468,2025-10-30,1,1,399.99,160.0,False
4217,19469,2023-08-25,1,1,99.9,39.96,False
4218,19470,2024-11-05,1,1,59.99,24.0,False
4219,19471,2025-09-25,1,2,299.98,120.0,False
4220,19472,2021-02-23,1,1,29.99,12.0,False
4221,19473,2021-01-18,1,1,59.99,24.0,False
4222,19474,2022-05-27,1,2,259.8,103.92,False
4223,19475,2023-07-05,1,1,129.99,52.0,False
4224,19476,2024-12-15,1,1,89.9,35.96,False
4225,19477,2024-12-04,1,1,19.99,8.0,False
4226,19478,2024-12-18,1,1,39.99,16.0,False
4227,19479,2025-10-19,1,3,599.7,239.88,False
4228,19480,2025-09-12,1,1,199.99,80.0,False
4229,19481,2024-12-12,1,1,129.9,51.96,False
4230,19482,2024-11-18,1,1,299.99,120.0,False
4231,19483,2024-11-01,1,3,749.97,300.0,False
4232,19484,2023-07-02,1,1,399.99,160.0,False
4233,19485,2022-05-06,1,1,149.9,59.96,False
4234,19486,2025-09-30,1,2,59.98,24.0,False
4235,19487,2023-08-23,1,1,349.99,140.0,False
4236,19488,2021-02-20,1,1,199.99,80.0,False
4237,19489,2024-11-18,1,2,79.98,32.0,False
4238,19490,2021-02-23,1,1,49.99,20.0,True
4239,19491,2022-05-29,1,1,129.99,52.0,False
4240,19492,2021-01-02,1,1,79.99,32.0,False
4241,19493,2025-09-18,1,2,99.98,40.0,False
4242,19494,2025-10-21,1,1,49.99,20.0,False
4243,19495,2024-11-05,1,1,79.99,32.0,False
4244,19496,2022-06-12,1,2,379.98,152.0,False
4245,19497,2023-07-12,1,2,359.98,144.0,False
4246,19498,2023-07-26,1,1,119.99,48.0,False
4247,19499,2024-12-01,1,2,299.98,120.0,False
4248,19500,2025-09-03,1,1,299.99,120.0,False
4249,19501,2021-01-22,1,1,49.99,20.0,False
4250,19502,2021-02-10,1,1,79.99,32.0,False
4251,19503,2023-08-07,1,1,49.99,20.0,False
4252,19504,2023-08-03,1,3,119.7,47.88,False
4253,19505,2023-08-05,1,1,89.99,36.0,False
4254,19506,2025-09-07,1,1,49.99,20.0,False
4255,19507,2022-05-30,1,1,299.99,120.0,True
4256,19508,2024-12-04,1,2,259.8,103.92,False
4257,19509,2022-06-20,1,2,159.98,64.0,False
4258,19510,2022-05-02,1,2,399.98,160.0,False
4259,19511,2022-04-26,1,2,49.98,20.0,False
4260,19512,2022-05-28,1,2,799.98,320.0,False
4261,19513,2021-03-18,1,2,319.98,128.0,False
4262,19514,2023-07-19,1,2,159.98,64.0,False
4263,19515,2025-09-29,1,1,79.99,32.0,False
4264,19516,2022-06-26,1,1,89.99,36.0,False
4265,19517,2024-11-01,1,3,449.97,180.0,False
4266,19518,2024-11-07,1,1,89.9,35.96,False
4267,19519,2022-04-16,1,2,199.8,79.92,False
4268,19520,2025-10-30,1,1,139.99,56.0,False
4269,19521,2024-11-17,1,1,129.99,52.0,True
4270,19522,2025-10-13,1,2,499.98,200.0,False
4271,19523,2021-02-18,1,1,249.99,100.0,False
4272,19524,2022-04-01,1,2,79.8,31.92,False
4273,19525,2024-12-27,1,1,59.99,24.0,False
4274,19526,2021-02-13,1,2,279.98,112.0,False
4275,19527,2024-12-28,1,3,539.97,216.0,False
4276,19528,2023-07-04,1,1,25.99,10.4,False
4277,19529,2022-05-25,1,1,24.9,9.96,False
4278,19530,2024-12-29,1,1,24.9,9.96,False
4279,19531,2024-12-26,1,1,399.99,160.0,False
4280,19532,2022-04-12,1,1,129.99,52.0,False
4281,19533,2022-06-12,1,1,199.9,79.96,False
4282,19534,2022-05-05,1,1,89.99,36.0,False
4283,19535,2023-07-12,1,1,149.99,60.0,False
4284,19536,2024-11-08,1,2,39.98,16.0,False
4285,19537,2021-01-22,1,1,299.99,120.0,False
4286,19538,2021-01-15,1,1,25.99,10.4,False
4287,19539,2021-01-30,1,1,79.99,32.0,False
4288,19540,2025-10-26,1,1,129.9,51.96,False
4289,19541,2023-07-14,1,2,51.98,20.8,False
4290,19542,2023-07-05,1,2,319.98,128.0,False
4291,19543,2023-07-14,1,1,39.9,15.96,False
4292,19544,2024-11-17,1,1,49.99,20.0,False
4293,19545,2025-10-16,1,1,129.99,52.0,True
4294,19546,2024-12-08,1,1,179.99,72.0,False
4295,19547,2025-10-05,1,1,159.99,64.0,False
4296,19548,2025-09-02,1,1,129.99,52.0,False
4297,19549,2024-12-30,1,1,299.99,120.0,False
4298,19550,2023-08-15,1,1,119.99,48.0,False
4299,19551,2021-02-21,1,1,189.99,76.0,False
4300,19552,2021-02-24,1,1,59.99,24.0,False
4301,19553,2022-05-21,1,1,24.99,10.0,False
4302,19554,2021-02-24,1,1,159.99,64.0,False
4303,19555,2024-11-19,1,2,799.98,320.0,False
4304,19556,2023-07-09,1,1,349.99,140.0,False
4305,19557,2025-09-16,1,1,49.9,19.96,False
4306,19558,2022-04-12,1,1,299.99,120.0,False
4307,19559,2024-11-23,1,1,99.99,40.0,False
4308,19560,2022-04-06,1,3,74.97,30.0,False
4309,19561,2025-09-30,1,1,119.99,48.0,False
4310,19562,2021-03-28,1,1,99.99,40.0,False
4311,19563,2022-05-19,1,1,89.99,36.0,True
4312,19564,2022-05-25,1,1,189.99,76.0,False
4313,19565,2024-12-27,1,1,34.99,14.0,False
4314,19566,2022-06-26,1,1,299.99,120.0,False
4315,19567,2025-09-10,1,1,39.9,15.96,False
4316,19568,2022-06-26,1,1,189.99,76.0,False
4317,19569,2025-10-22,1,1,19.99,8.0,False
4318,19570,2023-07-18,1,1,129.9,51.96,False
4319,19571,2024-12-10,1,1,199.99,80.0,False
4320,19572,2024-12-07,1,1,129.99,52.0,False
4321,19573,2025-10-08,1,1,89.9,35.96,False
4322,19574,2022-06-20,1,1,149.99,60.0,False
4323,19575,2024-11-04,1,1,89.99,36.0,False
4324,19576,2024-12-27,1,2,119.98,48.0,True
4325,19577,2021-01-29,1,1,199.9,79.96,False
4326,19578,2023-07-25,1,2,49.98,20.0,False
4327,19579,2025-09-03,1,1,189.99,76.0,False
4328,19580,2022-04-30,1,1,249.99,100.0,False
4329,19581,2021-03-08,1,1,129.99,52.0,True
4330,19582,2021-02-16,1,1,349.99,140.0,False
4331,19583,2024-11-20,1,2,159.98,64.0,False
4332,19584,2022-06-25,1,1,159.99,64.0,False
4333,19585,2021-01-13,1,1,59.99,24.0,False
4334,19586,2023-08-08,1,1,24.99,10.0,False
4335,19587,2024-11-21,1,1,49.99,20.0,False
4336,19588,2024-11-03,1,2,99.98,40.0,False
4337,19589,2022-05-28,1,1,99.9,39.96,False
4338,19590,2021-03-12,1,2,199.98,80.0,False
4339,19591,2024-12-28,1,1,39.99,16.0,False
4340,19592,2021-01-27,1,2,399.98,160.0,False
4341,19593,2022-06-26,1,1,59.99,24.0,False
4342,19594,2021-03-12,1,1,199.99,80.0,False
4343,19595,2021-03-20,1,3,479.97,192.0,False
4344,19596,2022-04-20,1,2,179.98,72.0,False
4345,19597,2025-09-19,1,2,179.98,72.0,False
4346,19598,2022-05-13,1,1,129.9,51.96,True
4347,19599,2024-12-26,1,2,799.98,320.0,False
4348,19600,2025-09-07,1,1,24.9,9.96,False
4349,19601,2022-06-06,1,2,119.98,48.0,False
4350,19602,2024-11-25,1,2,319.98,128.0,False
4351,19603,2023-07-22,1,1,49.99,20.0,False
4352,19604,2022-04-28,1,1,79.99,32.0,False
4353,19605,2024-12-14,1,2,379.98,152.0,True
4354,19606,2022-04-28,1,1,59.99,24.0,False
4355,19607,2025-09-10,1,1,39.99,16.0,False
4356,19608,2023-08-28,1,1,79.99,32.0,False
4357,19609,2022-05-29,1,1,179.99,72.0,False
4358,19610,2024-11-04,1,1,129.99,52.0,False
4359,19611,2025-10-11,1,1,119.99,48.0,False
4360,19612,2021-02-26,1,1,25.99,10.4,False
4361,19613,2025-09-07,1,1,249.99,100.0,False
4362,19614,2021-03-19,1,1,19.99,8.0,False
4363,19615,2022-06-13,1,1,139.99,56.0,False
4364,19616,2024-12-30,1,1,159.99,64.0,False
4365,19617,2021-02-02,1,1,24.9,9.96,False
4366,19618,2025-10-15,1,1,79.99,32.0,False
4367,19619,2023-07-29,1,1,129.99,52.0,False
4368,19620,2022-06-13,1,1,24.9,9.96,True
4369,19621,2021-02-03,1,3,119.97,48.0,False
4370,19622,2022-06-19,1,1,39.9,15.96,False
4371,19623,2023-07-23,1,1,24.9,9.96,False
4372,19624,2021-03-24,1,1,25.99,10.4,False
4373,19625,2022-06-11,1,1,99.9,39.96,False
4374,19626,2021-02-05,1,1,139.99,56.0,False
4375,19627,2023-08-11,1,1,25.99,10.4,False
4376,19628,2023-08-21,1,3,239.97,96.0,False
4377,19629,2021-01-22,1,1,39.9,15.96,False
4378,19630,2024-12-24,1,1,79.99,32.0,False
4379,19631,2025-10-15,1,2,199.8,79.92,False
4380,19632,2021-01-23,1,1,299.99,120.0,False
4381,19633,2024-11-11,1,1,89.99,36.0,False
4382,19634,2021-03-10,1,1,25.99,10.4,False
4383,19635,2025-10-02,1,2,159.98,64.0,False
4384,19636,2024-11-30,1,1,159.99,64.0,False
4385,19637,2021-03-03,1,2,799.98,320.0,False
4386,19638,2021-01-20,1,1,159.99,64.0,False
4387,19639,2023-08-16,1,2,239.98,96.0,False
4388,19640,2023-08-10,1,1,119.99,48.0,False
4389,19641,2022-05-13,1,1,89.99,36.0,False
4390,19642,2021-03-02,1,3,389.97,156.0,False
4391,19643,2024-12-15,1,1,25.99,10.4,False
4392,19644,2025-09-04,1,2,319.98,128.0,False
4393,19645,2024-12-16,1,1,24.99,10.0,False
4394,19646,2025-10-18,1,1,159.99,64.0,False
4395,19647,2024-11-18,1,1,149.99,60.0,False
4396,19648,2024-11-17,1,1,159.99,64.0,True
4397,19649,2021-03-21,1,1,39.9,15.96,False
4398,19650,2021-02-03,1,1,39.9,15.96,False
4399,19651,2024-12-04,1,1,99.99,40.0,False
4400,19652,2024-11-23,1,1,89.99,36.0,True
4401,19653,2021-01-16,1,1,119.99,48.0,False
4402,19654,2023-07-29,1,1,39.99,16.0,False
4403,19655,2023-08-20,1,1,49.99,20.0,False
4404,19656,2021-02-18,1,1,59.99,24.0,False
4405,19657,2025-10-13,1,1,59.99,24.0,False
4406,19658,2021-01-23,1,1,39.9,15.96,False
4407,19659,2023-08-25,1,3,119.7,47.88,False
4408,19660,2021-03-18,1,1,89.99,36.0,False
4409,19661,2025-10-08,1,1,199.99,80.0,False
4410,19662,2024-11-28,1,1,129.99,52.0,False
4411,19663,2025-09-06,1,1,129.9,51.96,False
4412,19664,2021-01-08,1,2,119.98,48.0,True
4413,19665,2025-10-28,1,1,49.9,19.96,False
4414,19666,2025-10-08,1,1,99.9,39.96,False
4415,19667,2023-07-20,1,1,179.99,72.0,False
4416,19668,2021-02-28,1,1,89.99,36.0,True
4417,19669,2024-11-07,1,2,159.98,64.0,False
4418,19670,2022-05-12,1,1,139.99,56.0,False
4419,19671,2024-11-27,1,2,51.98,20.8,False
4420,19672,2023-08-11,1,1,349.99,140.0,False
4421,19673,2021-01-26,1,1,189.99,76.0,False
4422,19674,2025-10-15,1,2,99.98,40.0,False
4423,19675,2022-05-19,1,1,59.99,24.0,False
4424,19676,2022-04-29,1,1,129.9,51.96,False
4425,19677,2025-09-20,1,2,259.8,103.92,False
4426,19678,2022-04-23,1,1,99.9,39.96,False
4427,19679,2021-01-11,1,1,24.9,9.96,False
4428,19680,2023-07-04,1,1,159.99,64.0,False
4429,19681,2024-11-24,1,2,99.8,39.92,False
4430,19682,2023-07-30,1,2,359.98,144.0,False
4431,19683,2021-01-08,1,1,99.9,39.96,False
4432,19684,2022-05-07,1,2,379.98,152.0,False
4433,19685,2025-09-25,1,1,249.99,100.0,False
4434,19686,2025-10-07,1,1,129.99,52.0,False
4435,19687,2021-02-27,1,2,49.98,20.0,True
4436,19688,2022-05-17,1,2,179.98,72.0,False
4437,19689,2025-10-15,1,1,49.99,20.0,False
4438,19690,2025-09-01,1,1,89.9,35.96,True
4439,19691,2025-10-19,1,1,129.9,51.96,False
4440,19692,2025-10-30,1,1,49.99,20.0,False
4441,19693,2022-05-05,1,1,69.9,27.96,False
4442,19694,2022-06-15,1,2,399.8,159.92,False
4443,19695,2023-07-24,1,3,77.97,31.2,False
4444,19696,2024-11-07,1,1,49.99,20.0,False
4445,19697,2021-01-11,1,1,59.99,24.0,False
4446,19698,2024-11-14,1,1,129.99,52.0,False
4447,19699,2023-08-21,1,1,129.99,52.0,False
4448,19700,2024-12-16,1,1,179.99,72.0,True
4449,19701,2025-10-15,1,1,49.99,20.0,False
4450,19702,2021-01-28,1,1,159.99,64.0,False
4451,19703,2025-10-01,1,1,24.99,10.0,False
4452,19704,2021-01-08,1,1,129.99,52.0,False
4453,19705,2023-08-15,1,1,39.9,15.96,False
4454,19706,2021-02-15,1,1,49.99,20.0,False
4455,19707,2025-10-16,1,1,129.99,52.0,False
4456,19708,2022-04-09,1,1,79.99,32.0,False
4457,19709,2021-02-04,1,1,129.99,52.0,False
4458,19710,2022-04-30,1,2,79.8,31.92,False
4459,19711,2025-09-21,1,1,129.9,51.96,False
4460,19712,2022-04-17,1,1,24.99,10.0,False
4461,19713,2024-12-27,1,1,159.99,64.0,False
4462,19714,2024-12-27,1,1,199.9,79.96,False
4463,19715,2022-05-31,1,1,59.99,24.0,False
4464,19716,2024-12-03,1,1,89.99,36.0,False
4465,19717,2024-12-29,1,1,119.99,48.0,False
4466,19718,2023-08-22,1,2,599.98,240.0,True
4467,19719,2022-06-11,1,1,24.9,9.96,False
4468,19720,2021-03-21,1,1,249.99,100.0,True
4469,19721,2024-11-01,1,1,49.99,20.0,False
4470,19722,2025-10-11,1,1,199.9,79.96,False
4471,19723,2025-10-29,1,2,79.8,31.92,False
4472,19724,2023-07-22,1,1,59.99,24.0,False
4473,19725,2024-12-20,1,1,79.99,32.0,False
4474,19726,2024-11-12,1,1,199.99,80.0,False
4475,19727,2023-07-01,1,1,79.99,32.0,False
4476,19728,2024-12-02,1,1,59.99,24.0,False
4477,19729,2024-12-27,1,2,499.98,200.0,True
4478,19730,2024-12-24,1,1,79.99,32.0,False
4479,19731,2021-03-25,1,1,79.99,32.0,False
4480,19732,2025-09-23,1,2,59.98,24.0,False
4481,19733,2023-08-10,1,1,24.99,10.0,False
4482,19734,2022-05-02,1,2,79.8,31.92,True
4483,19735,2025-10-07,1,2,299.8,119.92,True
4484,19736,2024-11-24,1,1,79.99,32.0,False
4485,19737,2024-12-20,1,2,599.98,240.0,False
4486,19738,2025-10-24,1,1,49.99,20.0,False
4487,19739,2022-04-08,1,2,259.98,104.0,False
4488,19740,2025-09-05,1,1,29.99,12.0,False
4489,19741,2025-10-03,1,1,149.9,59.96,False
4490,19742,2024-12-28,1,2,399.8,159.92,False
4491,19743,2024-11-20,1,1,99.9,39.96,False
4492,19744,2025-09-17,1,3,299.7,119.88,False
4493,19745,2024-12-10,1,1,59.99,24.0,False
4494,19746,2021-01-10,1,3,104.97,42.0,False
4495,19747,2024-11-30,1,1,19.99,8.0,False
4496,19748,2024-11-26,1,1,89.99,36.0,False
4497,19749,2023-08-27,1,1,49.9,19.96,False
4498,19750,2021-01-29,1,2,279.98,112.0,False
4499,19751,2025-10-04,1,2,79.8,31.92,True
4500,19752,2025-09-09,1,1,79.99,32.0,False
4501,19753,2023-07-12,1,2,259.8,103.92,False
4502,19754,2025-09-02,1,1,119.99,48.0,False
4503,19755,2022-04-22,1,2,699.98,280.0,False
4504,19756,2024-11-15,1,1,179.99,72.0,False
4505,19757,2021-01-22,1,2,319.98,128.0,True
4506,19758,2025-10-03,1,1,129.99,52.0,False
4507,19759,2024-12-13,1,1,189.99,76.0,False
4508,19760,2025-09-09,1,1,299.99,120.0,True
4509,19761,2022-05-08,1,1,99.9,39.96,False
4510,19762,2021-02-15,1,2,179.98,72.0,False
4511,19763,2024-12-07,1,2,799.98,320.0,False
4512,19764,2025-09-09,1,2,159.98,64.0,False
4513,19765,2023-07-11,1,2,799.98,320.0,False
4514,19766,2025-09-20,1,1,49.99,20.0,False
4515,19767,2023-07-15,1,2,359.98,144.0,False
4516,19768,2023-08-05,1,2,39.98,16.0,False
4517,19769,2025-09-12,1,1,199.9,79.96,False
4518,19770,2022-06-11,1,1,159.99,64.0,False
4519,19771,2022-06-21,1,1,199.9,79.96,False
4520,19772,2025-10-04,1,2,49.98,20.0,False
4521,19773,2025-09-28,1,1,149.99,60.0,False
4522,19774,2024-11-01,1,1,89.99,36.0,False
4523,19775,2025-10-04,1,1,149.9,59.96,False
4524,19776,2022-06-18,1,1,19.99,8.0,False
4525,19777,2024-11-04,1,2,79.8,31.92,False
4526,19778,2021-01-28,1,1,39.9,15.96,False
4527,19779,2022-04-16,1,2,239.98,96.0,False
4528,19780,2023-08-14,1,3,539.97,216.0,False
4529,19781,2022-04-20,1,2,119.98,48.0,False
4530,19782,2021-01-07,1,1,89.99,36.0,False
4531,19783,2023-08-24,1,2,79.98,32.0,False
4532,19784,2024-11-18,1,2,39.98,16.0,False
4533,19785,2025-09-08,1,1,59.99,24.0,False
4534,19786,2022-04-13,1,1,199.99,80.0,False
4535,19787,2022-05-20,1,1,49.99,20.0,False
4536,19788,2024-11-10,1,1,39.9,15.96,False
4537,19789,2022-06-10,1,1,119.99,48.0,False
4538,19790,2025-10-24,1,1,39.99,16.0,False
4539,19791,2025-10-11,1,1,79.99,32.0,True
4540,19792,2024-12-07,1,1,189.99,76.0,False
4541,19793,2024-12-15,1,1,249.99,100.0,True
4542,19794,2021-02-24,1,2,699.98,280.0,False
4543,19795,2022-05-28,1,2,159.98,64.0,False
4544,19796,2023-07-22,1,2,199.98,80.0,False
4545,19797,2024-12-15,1,1,24.99,10.0,False
4546,19798,2022-04-04,1,1,79.99,32.0,False
4547,19799,2022-04-07,1,1,299.99,120.0,False
4548,19800,2024-11-16,1,1,139.99,56.0,False
4549,19801,2021-02-21,1,3,119.97,48.0,False
4550,19802,2024-11-25,1,1,49.99,20.0,False
4551,19803,2022-05-09,1,1,39.9,15.96,False
4552,19804,2021-01-22,1,1,79.99,32.0,False
4553,19805,2021-03-16,1,1,299.99,120.0,False
4554,19806,2025-10-15,1,1,79.99,32.0,False
4555,19807,2025-09-10,1,2,599.98,240.0,False
4556,19808,2022-04-23,1,2,99.98,40.0,False
4557,19809,2024-12-22,1,1,249.99,100.0,False
4558,19810,2025-10-22,1,1,149.99,60.0,False
4559,19811,2022-05-13,1,1,89.9,35.96,False
4560,19812,2024-11-05,1,2,159.98,64.0,False
4561,19813,2022-06-27,1,1,129.99,52.0,False
4562,19814,2025-10-29,1,1,399.99,160.0,False
4563,19815,2021-02-09,1,1,24.9,9.96,False
4564,19816,2023-07-26,1,1,59.99,24.0,False
4565,19817,2021-03-23,1,1,79.99,32.0,False
4566,19818,2021-01-23,1,2,259.8,103.92,False
4567,19819,2022-05-30,1,1,249.99,100.0,False
4568,19820,2023-07-14,1,1,59.99,24.0,False
4569,19821,2022-06-27,1,2,259.8,103.92,False
4570,19822,2021-01-25,1,2,99.98,40.0,False
4571,19823,2022-06-19,1,1,199.9,79.96,False
4572,19824,2025-10-02,1,1,159.99,64.0,False
4573,19825,2023-08-05,1,3,359.97,144.0,False
4574,19826,2021-01-22,1,1,49.99,20.0,False
4575,19827,2023-07-24,1,3,299.7,119.88,True
4576,19828,2022-05-29,1,2,399.8,159.92,False
4577,19829,2021-03-04,1,1,349.99,140.0,False
4578,19830,2024-12-05,1,1,119.99,48.0,False
4579,19831,2021-02-26,1,2,59.98,24.0,False
4580,19832,2025-10-01,1,1,99.9,39.96,False
4581,19833,2023-08-09,1,1,249.99,100.0,False
4582,19834,2025-09-21,1,2,399.8,159.92,False
4583,19835,2024-11-23,1,2,159.98,64.0,False
4584,19836,2025-10-30,1,1,49.99,20.0,False
4585,19837,2021-01-25,1,1,99.99,40.0,False
4586,19838,2022-04-27,1,1,79.99,32.0,False
4587,19839,2024-11-08,1,1,79.99,32.0,True
4588,19840,2023-08-08,1,1,59.99,24.0,False
4589,19841,2022-04-03,1,1,299.99,120.0,False
4590,19842,2025-10-25,1,1,79.99,32.0,False
4591,19843,2021-01-07,1,2,49.98,20.0,False
4592,19844,2023-08-24,1,1,59.99,24.0,False
4593,19845,2023-08-04,1,1,89.99,36.0,False
4594,19846,2023-07-08,1,1,19.99,8.0,False
4595,19847,2024-11-27,1,2,49.8,19.92,True
4596,19848,2021-01-29,1,3,479.97,192.0,False
4597,19849,2024-12-11,1,1,129.99,52.0,False
4598,19850,2025-09-16,1,3,359.97,144.0,False
4599,19851,2024-11-04,1,1,159.99,64.0,False
4600,19852,2022-04-09,1,3,449.7,179.88,False
4601,19853,2021-01-06,1,1,99.99,40.0,False
4602,19854,2022-06-12,1,1,149.99,60.0,False
4603,19855,2022-05-13,1,1,129.9,51.96,False
4604,19856,2023-07-13,1,1,159.99,64.0,False
4605,19857,2025-09-18,1,2,49.8,19.92,False
4606,19858,2025-09-24,1,1,199.99,80.0,False
4607,19859,2022-04-23,1,3,239.97,96.0,True
4608,19860,2023-08-21,1,1,25.99,10.4,False
4609,19861,2025-09-27,1,1,179.99,72.0,False
4610,19862,2024-11-27,1,1,59.99,24.0,False
4611,19863,2025-10-01,1,1,99.9,39.96,False
4612,19864,2025-10-26,1,2,399.8,159.92,False
4613,19865,2022-06-19,1,1,49.99,20.0,True
4614,19866,2021-01-06,1,1,59.99,24.0,False
4615,19867,2025-09-13,1,1,139.99,56.0,True
4616,19868,2021-03-03,1,2,39.98,16.0,False
4617,19869,2024-12-23,1,1,129.99,52.0,False
4618,19870,2022-05-13,1,1,299.99,120.0,False
4619,19871,2024-12-15,1,1,24.99,10.0,False
4620,19872,2025-10-27,1,2,49.8,19.92,True
4621,19873,2022-04-09,1,1,59.99,24.0,False
4622,19874,2021-02-22,1,2,239.98,96.0,False
4623,19875,2024-12-15,1,2,379.98,152.0,False
4624,19876,2024-11-01,1,1,299.99,120.0,False
4625,19877,2021-02-25,1,1,39.9,15.96,False
4626,19878,2023-08-16,1,2,119.98,48.0,False
4627,19879,2022-06-12,1,1,29.99,12.0,False
4628,19880,2021-03-04,1,1,299.99,120.0,False
4629,19881,2021-03-27,1,2,199.8,79.92,False
4630,19882,2022-06-28,1,1,129.9,51.96,False
4631,19883,2021-03-20,1,2,239.98,96.0,False
4632,19884,2023-08-01,1,1,29.99,12.0,False
4633,19885,2023-07-07,1,1,25.99,10.4,False
4634,19886,2024-11-22,1,1,399.99,160.0,False
4635,19887,2021-01-25,1,1,129.9,51.96,False
4636,19888,2021-03-01,1,2,259.98,104.0,False
4637,19889,2023-07-29,1,1,189.99,76.0,False
4638,19890,2024-12-13,1,2,99.98,40.0,False
4639,19891,2025-09-24,1,1,199.9,79.96,False
4640,19892,2025-10-03,1,1,199.99,80.0,False
4641,19893,2022-06-25,1,1,34.99,14.0,False
4642,19894,2023-08-06,1,1,179.99,72.0,False
4643,19895,2023-07-29,1,1,59.99,24.0,False
4644,19896,2025-09-09,1,1,139.99,56.0,False
4645,19897,2024-12-25,1,1,249.99,100.0,False
4646,19898,2022-04-26,1,1,25.99,10.4,False
4647,19899,2024-12-12,1,1,399.99,160.0,False
4648,19900,2022-06-08,1,2,299.98,120.0,False
4649,19901,2021-03-15,1,2,319.98,128.0,False
4650,19902,2024-12-24,1,1,39.99,16.0,False
4651,19903,2024-11-10,1,1,349.99,140.0,False
4652,19904,2022-05-13,1,2,179.98,72.0,False
4653,19905,2022-04-08,1,2,599.98,240.0,False
4654,19906,2024-12-01,1,3,599.7,239.88,False
4655,19907,2023-07-25,1,2,399.8,159.92,False
4656,19908,2021-01-15,1,2,39.98,16.0,False
4657,19909,2023-07-31,1,2,299.98,120.0,True
4658,19910,2023-08-02,1,1,299.99,120.0,True
4659,19911,2023-08-24,1,1,299.99,120.0,False
4660,19912,2021-01-12,1,1,249.99,100.0,False
4661,19913,2025-09-07,1,1,49.99,20.0,False
4662,19914,2021-01-06,1,1,119.9,47.96,False
4663,19915,2022-05-30,1,1,59.99,24.0,True
4664,19916,2022-06-29,1,2,319.98,128.0,False
4665,19917,2024-11-03,1,3,899.97,360.0,False
4666,19918,2021-01-06,1,2,119.98,48.0,False
4667,19919,2022-05-06,1,1,29.99,12.0,False
4668,19920,2024-11-08,1,2,179.98,72.0,False
4669,19921,2022-06-04,1,1,99.9,39.96,False
4670,19922,2025-10-10,1,1,79.99,32.0,False
4671,19923,2022-05-03,1,1,25.99,10.4,False
4672,19924,2024-11-21,1,2,79.8,31.92,False
4673,19925,2022-04-06,1,1,129.99,52.0,False
4674,19926,2024-11-18,1,2,159.98,64.0,False
4675,19927,2022-06-14,1,1,129.9,51.96,False
4676,19928,2022-04-11,1,1,39.9,15.96,False
4677,19929,2022-04-24,1,1,19.99,8.0,False
4678,19930,2022-06-29,1,1,189.99,76.0,False
4679,19931,2021-02-19,1,2,51.98,20.8,False
4680,19932,2021-02-03,1,1,89.99,36.0,False
4681,19933,2021-01-04,1,2,199.8,79.92,False
4682,19934,2024-12-20,1,1,89.9,35.96,False
4683,19935,2025-10-16,1,1,299.99,120.0,False
4684,19936,2025-10-18,1,1,19.99,8.0,False
4685,19937,2025-09-19,1,2,51.98,20.8,False
4686,19938,2024-12-12,1,1,129.9,51.96,False
4687,19939,2023-07-03,1,1,159.99,64.0,False
4688,19940,2021-01-21,1,1,149.9,59.96,True
4689,19941,2024-11-02,1,1,129.99,52.0,False
4690,19942,2022-05-23,1,1,299.99,120.0,True
4691,19943,2022-06-10,1,1,49.9,19.96,False
4692,19944,2021-01-20,1,1,299.99,120.0,False
4693,19945,2022-04-14,1,2,399.8,159.92,False
4694,19946,2021-02-14,1,2,499.98,200.0,False
4695,19947,2023-07-06,1,2,49.98,20.0,False
4696,19948,2022-06-12,1,2,199.8,79.92,False
4697,19949,2024-12-14,1,1,29.99,12.0,False
4698,19950,2023-08-18,1,1,24.99,10.0,False
4699,19951,2022-04-04,1,1,89.99,36.0,False
4700,19952,2022-06-11,1,1,59.99,24.0,False
4701,19953,2021-03-27,1,1,149.99,60.0,False
4702,19954,2025-09-14,1,1,159.99,64.0,False
4703,19955,2025-09-11,1,1,349.99,140.0,True
4704,19956,2024-11-30,1,1,139.99,56.0,False
4705,19957,2021-02-15,1,1,79.99,32.0,False
4706,19958,2022-04-16,1,1,149.99,60.0,False
4707,19959,2025-09-18,1,1,189.99,76.0,False
4708,19960,2021-02-21,1,1,199.99,80.0,False
4709,19961,2022-05-09,1,2,599.98,240.0,False
4710,19962,2025-10-14,1,1,129.9,51.96,False
4711,19963,2022-04-01,1,1,129.9,51.96,False
4712,19964,2021-02-10,1,1,349.99,140.0,False
4713,19965,2022-06-10,1,1,129.9,51.96,False
4714,19966,2021-02-19,1,1,199.9,79.96,False
4715,19967,2021-03-07,1,2,239.98,96.0,False
4716,19968,2024-12-05,1,1,199.99,80.0,True
4717,19969,2022-05-18,1,1,149.99,60.0,True
4718,19970,2021-03-27,1,1,59.99,24.0,False
4719,19971,2023-08-03,1,1,349.99,140.0,False
4720,19972,2021-01-17,1,2,299.98,120.0,False
4721,19973,2021-02-22,1,3,149.97,60.0,False
4722,19974,2025-10-05,1,1,24.99,10.0,False
4723,19975,2021-02-05,1,1,159.99,64.0,False
4724,19976,2022-05-17,1,1,139.99,56.0,False
4725,19977,2025-10-27,1,1,149.99,60.0,False
4726,19978,2025-10-04,1,1,349.99,140.0,False
4727,19979,2024-12-16,1,1,79.99,32.0,False
4728,19980,2025-09-22,1,1,29.99,12.0,False
4729,19981,2021-01-25,1,2,319.98,128.0,False
4730,19982,2025-09-18,1,1,149.9,59.96,False
4731,19983,2025-10-03,1,1,89.99,36.0,True
4732,19984,2023-08-10,1,1,129.9,51.96,False
4733,19985,2024-12-18,1,1,25.99,10.4,False
4734,19986,2021-01-13,1,1,399.99,160.0,False
4735,19987,2025-09-02,1,1,25.99,10.4,False
4736,19988,2022-05-17,1,1,79.99,32.0,True
4737,19989,2025-10-20,1,1,59.99,24.0,False
4738,19990,2025-10-27,1,1,99.9,39.96,False
4739,19991,2023-08-05,1,2,399.8,159.92,True
4740,19992,2023-07-14,1,1,59.99,24.0,False
4741,19993,2024-11-29,1,2,99.98,40.0,False
4742,19994,2025-10-02,1,1,179.99,72.0,True
4743,19995,2024-12-13,1,1,129.99,52.0,False
4744,19996,2021-01-03,1,1,119.99,48.0,False
4745,19997,2025-10-16,1,1,89.99,36.0,False
4746,19998,2024-11-13,1,2,79.98,32.0,False
4747,19999,2024-12-30,1,1,129.9,51.96,True
4748,20000,2024-11-28,1,2,499.98,200.0,False
4749,20001,2025-10-08,1,1,79.99,32.0,False
4750,20002,2021-02-20,1,1,129.9,51.96,False
4751,20003,2023-08-17,1,1,119.99,48.0,False
4752,20004,2024-12-24,1,1,99.9,39.96,True
4753,20005,2021-01-23,1,1,39.9,15.96,False
4754,20006,2021-03-08,1,1,139.99,56.0,False
4755,20007,2024-12-11,1,1,24.9,9.96,True
4756,20008,2022-06-15,1,1,39.9,15.96,False
4757,20009,2024-11-29,1,1,79.99,32.0,False
4758,20010,2025-09-08,1,1,179.99,72.0,False
4759,20011,2025-10-05,1,1,19.99,8.0,False
4760,20012,2023-08-20,1,1,39.9,15.96,False
4761,20013,2021-01-03,1,1,49.9,19.96,False
4762,20014,2021-01-23,1,1,349.99,140.0,False
4763,20015,2024-12-21,1,1,89.9,35.96,False
4764,20016,2025-10-10,1,1,49.99,20.0,False
4765,20017,2021-03-09,1,1,119.99,48.0,False
4766,20018,2025-09-14,1,1,34.99,14.0,False
4767,20019,2021-02-12,1,2,159.98,64.0,True
4768,20020,2024-12-11,1,1,34.99,14.0,False
4769,20021,2023-08-14,1,1,24.99,10.0,False
4770,20022,2022-04-28,1,1,34.99,14.0,False
4771,20023,2025-10-30,1,1,299.99,120.0,False
4772,20024,2022-06-02,1,1,59.99,24.0,True
4773,20025,2025-10-22,1,1,25.99,10.4,False
4774,20026,2025-10-14,1,1,49.99,20.0,False
4775,20027,2022-05-05,1,2,199.8,79.92,False
4776,20028,2022-05-26,1,1,59.99,24.0,False
4777,20029,2023-08-27,1,1,39.99,16.0,False
4778,20030,2023-08-13,1,1,25.99,10.4,False
4779,20031,2024-11-22,1,1,159.99,64.0,False
4780,20032,2022-04-08,1,1,19.99,8.0,False
4781,20033,2024-12-24,1,1,199.99,80.0,False
4782,20034,2024-11-23,1,2,199.98,80.0,False
4783,20035,2025-09-28,1,2,69.98,28.0,False
4784,20036,2022-04-05,1,1,79.99,32.0,False
4785,20037,2022-05-14,1,2,259.8,103.92,True
4786,20038,2022-05-28,1,2,259.8,103.92,False
4787,20039,2024-12-11,1,2,399.98,160.0,False
4788,20040,2024-12-22,1,2,79.8,31.92,False
4789,20041,2022-05-22,1,2,599.98,240.0,True
4790,20042,2021-01-15,1,1,79.99,32.0,True
4791,20043,2023-08-13,1,1,179.99,72.0,False
4792,20044,2021-01-27,1,1,79.99,32.0,False
4793,20045,2025-10-11,1,1,34.99,14.0,False
4794,20046,2025-10-01,1,2,599.98,240.0,False
4795,20047,2022-04-02,1,1,19.99,8.0,False
4796,20048,2025-10-03,1,2,79.8,31.92,False
4797,20049,2023-07-23,1,1,39.9,15.96,False
4798,20050,2025-09-08,1,2,379.98,152.0,False
4799,20051,2021-03-02,1,1,24.9,9.96,True
4800,20052,2021-02-15,1,1,59.99,24.0,False
4801,20053,2025-09-30,1,1,29.99,12.0,False
4802,20054,2022-04-28,1,2,51.98,20.8,False
4803,20055,2023-08-05,1,1,399.99,160.0,False
4804,20056,2022-06-19,1,3,269.97,108.0,False
4805,20057,2023-07-14,1,1,25.99,10.4,False
4806,20058,2024-12-28,1,2,159.98,64.0,False
4807,20059,2023-07-05,1,1,59.99,24.0,False
4808,20060,2021-03-15,1,1,119.99,48.0,False
4809,20061,2024-12-04,1,1,49.99,20.0,False
4810,20062,2025-09-01,1,2,199.8,79.92,False
4811,20063,2023-08-17,1,1,159.99,64.0,True
4812,20064,2025-09-26,1,3,179.97,72.0,False
4813,20065,2024-11-26,1,1,19.99,8.0,False
4814,20066,2023-08-09,1,3,209.97,84.0,False
4815,20067,2023-07-10,1,1,39.99,16.0,False
4816,20068,2025-09-26,1,1,199.99,80.0,False
4817,20069,2022-04-15,1,2,99.98,40.0,False
4818,20070,2021-02-06,1,1,129.99,52.0,False
4819,20071,2021-03-29,1,1,299.99,120.0,False
4820,20072,2022-06-24,1,1,139.99,56.0,False
4821,20073,2025-10-01,1,2,199.8,79.92,False
4822,20074,2021-03-08,1,3,89.97,36.0,False
4823,20075,2022-05-15,1,3,899.97,360.0,False
4824,20076,2022-04-28,1,1,59.99,24.0,False
4825,20077,2023-07-03,1,2,119.98,48.0,False
4826,20078,2023-07-10,1,1,249.99,100.0,False
4827,20079,2024-12-07,1,1,129.9,51.96,False
4828,20080,2024-11-15,1,2,239.98,96.0,False
4829,20081,2023-07-31,1,1,29.99,12.0,False
4830,20082,2024-11-27,1,2,79.98,32.0,False
4831,20083,2025-09-12,1,1,199.9,79.96,False
4832,20084,2025-09-12,1,1,89.99,36.0,True
4833,20085,2024-12-12,1,3,359.97,144.0,False
4834,20086,2024-11-11,1,1,89.99,36.0,False
4835,20087,2025-09-24,1,2,199.98,80.0,False
4836,20088,2025-09-28,1,1,129.9,51.96,False
4837,20089,2022-05-05,1,2,179.98,72.0,False
4838,20090,2023-08-13,1,1,159.99,64.0,True
4839,20091,2021-01-22,1,2,699.98,280.0,False
4840,20092,2024-11-01,1,1,79.99,32.0,False
4841,20093,2024-11-24,1,1,29.99,12.0,False
4842,20094,2021-01-17,1,1,49.99,20.0,False
4843,20095,2025-10-10,1,1,49.9,19.96,False
4844,20096,2022-04-24,1,1,399.99,160.0,False
4845,20097,2023-08-27,1,1,59.99,24.0,False
4846,20098,2023-08-07,1,3,119.97,48.0,False
4847,20099,2022-06-03,1,1,249.99,100.0,False
4848,20100,2024-11-21,1,2,379.98,152.0,False
4849,20101,2023-08-24,1,1,199.9,79.96,False
4850,20102,2021-01-30,1,1,39.9,15.96,False
4851,20103,2022-04-22,1,3,179.97,72.0,False
4852,20104,2025-10-10,1,1,129.99,52.0,False
4853,20105,2022-05-21,1,1,19.99,8.0,False
4854,20106,2022-06-04,1,2,799.98,320.0,False
4855,20107,2021-01-18,1,1,149.9,59.96,False
4856,20108,2023-08-06,1,2,299.98,120.0,False
4857,20109,2025-09-19,1,1,79.99,32.0,False
4858,20110,2024-11-05,1,1,29.99,12.0,False
4859,20111,2023-07-25,1,1,129.9,51.96,False
4860,20112,2023-08-30,1,1,189.99,76.0,False
4861,20113,2024-12-25,1,1,79.99,32.0,False
4862,20114,2021-03-25,1,2,599.98,240.0,False
4863,20115,2024-11-14,1,1,49.9,19.96,True
4864,20116,2021-01-19,1,1,25.99,10.4,True
4865,20117,2022-05-29,1,1,119.99,48.0,False
4866,20118,2024-12-14,1,1,24.9,9.96,False
4867,20119,2022-04-15,1,1,19.99,8.0,True
4868,20120,2022-04-27,1,1,299.99,120.0,False
4869,20121,2025-09-14,1,3,119.7,47.88,False
4870,20122,2022-06-26,1,1,59.99,24.0,False
4871,20123,2023-07-27,1,1,24.9,9.96,False
4872,20124,2023-07-26,1,1,49.99,20.0,True
4873,20125,2021-02-11,1,2,259.8,103.92,False
4874,20126,2021-02-02,1,2,379.98,152.0,False
4875,20127,2022-05-05,1,1,149.99,60.0,False
4876,20128,2021-03-21,1,1,129.99,52.0,False
4877,20129,2024-11-07,1,1,59.99,24.0,False
4878,20130,2025-10-06,1,1,199.99,80.0,False
4879,20131,2022-05-19,1,1,19.99,8.0,False
4880,20132,2024-12-14,1,1,39.99,16.0,False
4881,20133,2021-02-07,1,1,179.99,72.0,False
4882,20134,2023-08-29,1,3,269.97,108.0,False
4883,20135,2025-09-13,1,2,99.98,40.0,False
4884,20136,2022-06-01,1,1,59.99,24.0,False
4885,20137,2022-04-27,1,1,99.9,39.96,False
4886,20138,2022-06-06,1,1,179.99,72.0,False
4887,20139,2023-08-08,1,1,39.9,15.96,False
4888,20140,2023-07-10,1,1,249.99,100.0,False
4889,20141,2021-01-25,1,2,49.8,19.92,False
4890,20142,2023-08-17,1,1,24.99,10.0,False
4891,20143,2022-05-10,1,1,99.9,39.96,False
4892,20144,2025-09-05,1,1,19.99,8.0,False
4893,20145,2023-08-05,1,2,499.98,200.0,False
4894,20146,2023-07-06,1,2,79.8,31.92,False
4895,20147,2022-06-10,1,1,89.99,36.0,False
4896,20148,2024-12-17,1,1,89.99,36.0,True
4897,20149,2025-09-28,1,2,199.8,79.92,False
4898,20150,2025-10-06,1,2,159.98,64.0,False
4899,20151,2023-08-05,1,1,139.99,56.0,False
4900,20152,2022-05-04,1,1,59.99,24.0,False
4901,20153,2024-11-03,1,1,139.99,56.0,False
4902,20154,2022-04-11,1,1,89.9,35.96,False
4903,20155,2024-12-09,1,1,89.99,36.0,False
4904,20156,2022-05-07,1,2,79.8,31.92,True
4905,20157,2024-12-12,1,2,99.98,40.0,False
4906,20158,2022-05-02,1,1,19.99,8.0,False
4907,20159,2023-07-13,1,1,49.99,20.0,False
4908,20160,2025-09-21,1,1,149.9,59.96,False
4909,20161,2025-10-04,1,3,74.7,29.88,False
4910,20162,2025-09-15,1,1,349.99,140.0,False
4911,20163,2025-10-16,1,1,89.99,36.0,True
4912,20164,2024-11-15,1,1,189.99,76.0,False
4913,20165,2024-12-22,1,1,349.99,140.0,False
4914,20166,2021-01-03,1,1,49.9,19.96,False
4915,20167,2024-12-17,1,3,179.97,72.0,False
4916,20168,2024-12-02,1,3,599.97,240.0,False
4917,20169,2023-08-19,1,2,699.98,280.0,False
4918,20170,2022-05-23,1,1,39.9,15.96,False
4919,20171,2022-05-11,1,2,199.8,79.92,False
4920,20172,2023-07-07,1,1,29.99,12.0,False
4921,20173,2023-08-21,1,2,699.98,280.0,False
4922,20174,2024-11-20,1,1,79.99,32.0,False
4923,20175,2021-01-31,1,1,89.99,36.0,False
4924,20176,2023-08-16,1,1,25.99,10.4,False
4925,20177,2021-01-23,1,1,79.99,32.0,False
4926,20178,2025-09-16,1,2,259.98,104.0,False
4927,20179,2022-05-13,1,1,25.99,10.4,True
4928,20180,2024-12-30,1,1,129.9,51.96,False
4929,20181,2024-11-07,1,1,149.99,60.0,False
4930,20182,2023-07-17,1,1,399.99,160.0,False
4931,20183,2022-05-24,1,1,89.99,36.0,False
4932,20184,2022-06-03,1,1,349.99,140.0,False
4933,20185,2025-10-03,1,2,119.98,48.0,False
4934,20186,2023-07-13,1,1,49.99,20.0,False
4935,20187,2022-04-03,1,1,24.99,10.0,False
4936,20188,2022-05-16,1,1,39.99,16.0,False
4937,20189,2025-09-05,1,1,349.99,140.0,False
4938,20190,2022-05-25,1,1,79.99,32.0,False
4939,20191,2022-05-04,1,1,129.9,51.96,False
4940,20192,2024-12-02,1,1,349.99,140.0,False
4941,20193,2022-04-07,1,2,379.98,152.0,False
4942,20194,2022-04-28,1,1,89.99,36.0,False
4943,20195,2024-11-10,1,2,599.98,240.0,True
4944,20196,2025-10-23,1,1,159.99,64.0,False
4945,20197,2021-03-07,1,1,59.99,24.0,True
4946,20198,2022-06-03,1,1,24.9,9.96,False
4947,20199,2022-05-23,1,1,89.99,36.0,False
4948,20200,2024-12-16,1,1,99.9,39.96,False
4949,20201,2021-02-15,1,1,89.9,35.96,False
4950,20202,2022-06-16,1,1,349.99,140.0,False
4951,20203,2022-05-29,1,1,399.99,160.0,True
4952,20204,2021-03-11,1,3,389.7,155.88,False
4953,20205,2024-12-17,1,1,99.99,40.0,False
4954,20206,2021-03-13,1,1,249.99,100.0,False
4955,20207,2025-09-21,1,1,49.99,20.0,False
4956,20208,2025-10-09,1,1,79.99,32.0,True
4957,20209,2023-07-14,1,1,79.99,32.0,False
4958,20210,2021-02-20,1,3,74.7,29.88,False
4959,20211,2022-04-01,1,2,79.8,31.92,True
4960,20212,2024-12-28,1,1,99.9,39.96,False
4961,20213,2022-05-08,1,1,349.99,140.0,False
4962,20214,2023-07-27,1,2,51.98,20.8,False
4963,20215,2024-11-03,1,1,19.99,8.0,False
4964,20216,2021-02-05,1,1,299.99,120.0,False
4965,20217,2022-04-16,1,2,299.98,120.0,False
4966,20218,2021-03-04,1,1,159.99,64.0,False
4967,20219,2025-09-13,1,1,129.9,51.96,False
4968,20220,2024-11-25,1,1,119.99,48.0,False
4969,20221,2021-03-13,1,2,179.98,72.0,False
4970,20222,2021-01-12,1,2,179.98,72.0,False
4971,20223,2023-08-20,1,2,259.98,104.0,False
4972,20224,2025-10-04,1,2,199.8,79.92,False
4973,20225,2023-07-19,1,1,79.99,32.0,False
4974,20226,2023-07-29,1,1,24.9,9.96,False
4975,20227,2025-10-11,1,1,89.9,35.96,False
4976,20228,2024-12-22,1,1,399.99,160.0,False
4977,20229,2024-12-20,1,1,79.99,32.0,False
4978,20230,2025-10-22,1,1,99.9,39.96,False
4979,20231,2024-12-27,1,1,99.9,39.96,False
4980,20232,2025-10-15,1,1,49.99,20.0,False
4981,20233,2022-05-16,1,1,299.99,120.0,False
4982,20234,2024-12-24,1,2,319.98,128.0,False
4983,20235,2021-01-07,1,2,159.98,64.0,True
4984,20236,2025-09-26,1,1,59.99,24.0,False
4985,20237,2024-12-12,1,2,799.98,320.0,False
4986,20238,2023-07-04,1,1,39.9,15.96,False
4987,20239,2024-11-17,1,1,89.99,36.0,False
4988,20240,2021-01-01,1,1,129.99,52.0,False
4989,20241,2024-12-17,1,2,599.98,240.0,False
4990,20242,2022-06-12,1,1,19.99,8.0,False
4991,20243,2022-05-28,1,1,199.9,79.96,False
4992,20244,2022-06-25,1,2,109.8,43.92,True
4993,20245,2024-11-05,1,1,39.9,15.96,False
4994,20246,2023-07-31,1,1,189.99,76.0,False
4995,20247,2025-10-21,1,1,149.9,59.96,False
4996,20248,2024-12-05,1,1,299.99,120.0,False
4997,20249,2021-02-15,1,1,349.99,140.0,False
4998,20250,2025-09-23,1,1,79.99,32.0,False
4999,20251,2022-05-10,1,1,179.99,72.0,False
5000,20252,2022-04-07,1,1,119.99,48.0,False
5001,20253,2021-02-19,1,1,24.9,9.96,True
5002,20254,2021-01-27,1,1,34.99,14.0,True
5003,20255,2021-02-03,1,1,89.9,35.96,False
5004,20256,2021-02-11,1,1,129.99,52.0,False
5005,20257,2021-03-12,1,1,199.9,79.96,False
5006,20258,2022-05-06,1,3,119.97,48.0,True
5007,20259,2025-09-18,1,1,149.99,60.0,False
5008,20260,2024-11-02,1,2,319.98,128.0,False
5009,20261,2021-03-19,1,2,79.8,31.92,False
5010,20262,2024-11-08,1,1,149.99,60.0,False
5011,20263,2022-06-18,1,1,189.99,76.0,False
5012,20264,2021-01-02,1,2,359.98,144.0,False
5013,20265,2022-05-05,1,2,319.98,128.0,False
5014,20266,2025-09-02,1,3,569.97,228.0,False
5015,20267,2022-05-01,1,2,699.98,280.0,False
5016,20268,2024-11-07,1,2,39.98,16.0,False
5017,20269,2023-08-22,1,1,39.9,15.96,False
5018,20270,2024-12-15,1,1,139.99,56.0,False
5019,20271,2022-05-20,1,3,149.7,59.88,False
5020,20272,2024-12-02,1,1,249.99,100.0,False
5021,20273,2023-07-14,1,1,139.99,56.0,False
5022,20274,2021-03-27,1,2,699.98,280.0,False
5023,20275,2021-03-06,1,1,79.99,32.0,False
5024,20276,2022-06-14,1,1,159.99,64.0,False
5025,20277,2025-09-09,1,1,79.99,32.0,False
5026,20278,2021-01-29,1,1,249.99,100.0,False
5027,20279,2021-02-23,1,1,59.99,24.0,False
5028,20280,2021-03-03,1,1,149.99,60.0,False
5029,20281,2025-10-01,1,2,799.98,320.0,False
5030,20282,2024-11-07,1,1,24.9,9.96,False
5031,20283,2024-11-26,1,1,89.9,35.96,False
5032,20284,2025-10-21,1,1,89.9,35.96,False
5033,20285,2025-10-06,1,1,199.99,80.0,False
5034,20286,2023-08-04,1,1,24.9,9.96,True
5035,20287,2024-12-24,1,1,249.99,100.0,True
5036,20288,2025-09-25,1,2,599.98,240.0,False
5037,20289,2024-12-25,1,1,69.9,27.96,False
5038,20290,2022-05-14,1,1,249.99,100.0,False
5039,20291,2025-10-24,1,1,25.99,10.4,False
5040,20292,2025-09-18,1,1,25.99,10.4,False
5041,20293,2021-02-19,1,1,79.99,32.0,False
5042,20294,2025-09-06,1,1,24.99,10.0,False
5043,20295,2024-12-26,1,1,199.99,80.0,True
5044,20296,2025-09-09,1,2,259.98,104.0,False
5045,20297,2022-06-06,1,2,499.98,200.0,False
5046,20298,2021-03-10,1,2,79.8,31.92,False
5047,20299,2022-05-14,1,1,39.9,15.96,False
5048,20300,2025-09-10,1,2,299.98,120.0,False
5049,20301,2022-05-25,1,1,79.99,32.0,True
5050,20302,2022-04-20,1,2,99.98,40.0,False
5051,20303,2024-11-11,1,1,159.99,64.0,False
5052,20304,2024-12-04,1,1,79.99,32.0,False
5053,20305,2025-09-07,1,1,129.99,52.0,True
5054,20306,2024-11-05,1,1,24.99,10.0,False
5055,20307,2022-06-05,1,1,99.99,40.0,False
5056,20308,2023-08-10,1,1,29.99,12.0,False
5057,20309,2022-06-23,1,1,139.99,56.0,False
5058,20310,2023-07-12,1,2,39.98,16.0,False
5059,20311,2022-06-12,1,1,249.99,100.0,False
5060,20312,2024-11-27,1,1,99.9,39.96,False
5061,20313,2023-07-17,1,1,39.9,15.96,True
5062,20314,2024-11-16,1,1,34.99,14.0,False
5063,20315,2022-04-22,1,1,79.99,32.0,False
5064,20316,2024-12-15,1,1,129.9,51.96,False
5065,20317,2023-08-25,1,1,139.99,56.0,False
5066,20318,2022-04-10,1,2,399.98,160.0,True
5067,20319,2025-09-01,1,1,159.99,64.0,False
5068,20320,2023-07-15,1,2,79.8,31.92,False
5069,20321,2022-06-04,1,3,389.7,155.88,False
5070,20322,2022-04-21,1,1,49.99,20.0,False
5071,20323,2024-12-17,1,1,59.99,24.0,False
5072,20324,2021-03-07,1,1,129.9,51.96,False
5073,20325,2022-06-16,1,2,159.98,64.0,False
5074,20326,2023-07-30,1,1,89.99,36.0,False
5075,20327,2022-04-07,1,1,49.99,20.0,False
5076,20328,2022-06-17,1,2,199.8,79.92,False
5077,20329,2022-06-16,1,1,99.99,40.0,False
5078,20330,2021-01-01,1,1,179.99,72.0,True
5079,20331,2024-11-15,1,2,399.98,160.0,False
5080,20332,2025-09-13,1,1,24.9,9.96,False
5081,20333,2021-03-11,1,1,199.9,79.96,False
5082,20334,2022-05-25,1,1,129.9,51.96,False
5083,20335,2024-11-28,1,2,279.98,112.0,False
5084,20336,2022-05-18,1,1,19.99,8.0,False
5085,20337,2025-09-27,1,2,199.8,79.92,False
5086,20338,2023-08-12,1,2,319.98,128.0,True
5087,20339,2023-08-23,1,1,49.99,20.0,False
5088,20340,2023-07-29,1,2,79.8,31.92,False
5089,20341,2022-06-23,1,2,139.8,55.92,False
5090,20342,2024-11-16,1,1,39.9,15.96,False
5091,20343,2025-09-15,1,3,104.97,42.0,True
5092,20344,2023-08-17,1,2,259.98,104.0,True
5093,20345,2023-08-15,1,1,39.9,15.96,False
5094,20346,2023-07-19,1,1,39.9,15.96,False
5095,20347,2024-12-18,1,1,49.99,20.0,False
5096,20348,2023-07-24,1,1,399.99,160.0,False
5097,20349,2024-11-27,1,1,99.9,39.96,False
5098,20350,2023-07-14,1,1,49.9,19.96,False
5099,20351,2024-11-25,1,1,39.9,15.96,False
5100,20352,2021-01-21,1,1,49.99,20.0,False
5101,20353,2021-03-16,1,1,159.99,64.0,False
5102,20354,2025-10-18,1,1,24.9,9.96,False
5103,20355,2024-11-14,1,1,59.99,24.0,False
5104,20356,2023-07-05,1,1,89.9,35.96,False
5105,20357,2024-12-15,1,1,399.99,160.0,False
5106,20358,2022-04-11,1,1,59.99,24.0,False
5107,20359,2021-02-21,1,1,49.99,20.0,False
5108,20360,2022-05-04,1,2,399.8,159.92,False
5109,20361,2025-10-29,1,3,179.97,72.0,False
5110,20362,2023-07-01,1,1,149.9,59.96,True
5111,20363,2021-01-22,1,2,699.98,280.0,False
5112,20364,2023-07-20,1,1,299.99,120.0,False
5113,20365,2025-09-23,1,1,59.99,24.0,False
5114,20366,2025-09-18,1,1,399.99,160.0,False
5115,20367,2025-10-12,1,3,179.97,72.0,False
5116,20368,2024-12-09,1,1,19.99,8.0,True
5117,20369,2022-04-03,1,1,249.99,100.0,False
5118,20370,2024-12-05,1,1,159.99,64.0,False
5119,20371,2021-01-20,1,1,179.99,72.0,False
5120,20372,2025-10-25,1,1,399.99,160.0,False
5121,20373,2023-08-23,1,1,299.99,120.0,False
5122,20374,2022-04-06,1,1,19.99,8.0,False
5123,20375,2025-09-01,1,1,179.99,72.0,False
5124,20376,2023-08-17,1,1,159.99,64.0,False
5125,20377,2025-10-09,1,2,499.98,200.0,False
5126,20378,2024-12-10,1,1,25.99,10.4,False
5127,20379,2022-06-20,1,3,389.97,156.0,False
5128,20380,2024-11-24,1,1,24.9,9.96,False
5129,20381,2024-11-22,1,1,399.99,160.0,False
5130,20382,2024-12-10,1,1,199.9,79.96,False
5131,20383,2025-10-30,1,1,19.99,8.0,False
5132,20384,2024-12-06,1,3,479.97,192.0,False
5133,20385,2021-02-11,1,1,89.99,36.0,False
5134,20386,2022-06-18,1,1,89.99,36.0,False
5135,20387,2021-02-25,1,1,249.99,100.0,True
5136,20388,2024-11-03,1,2,199.8,79.92,False
5137,20389,2021-03-16,1,2,51.98,20.8,True
5138,20390,2022-06-29,1,1,79.99,32.0,False
5139,20391,2024-12-28,1,1,119.99,48.0,False
5140,20392,2024-11-26,1,1,129.9,51.96,False
5141,20393,2021-01-24,1,3,119.7,47.88,False
5142,20394,2024-12-28,1,1,49.9,19.96,False
5143,20395,2025-09-18,1,1,249.99,100.0,False
5144,20396,2024-11-25,1,2,399.98,160.0,False
5145,20397,2025-10-01,1,1,49.9,19.96,False
5146,20398,2024-12-04,1,1,349.99,140.0,True
5147,20399,2024-12-25,1,1,59.99,24.0,False
5148,20400,2021-01-22,1,2,399.8,159.92,False
5149,20401,2024-11-14,1,1,29.99,12.0,False
5150,20402,2021-01-30,1,2,99.98,40.0,True
5151,20403,2025-09-12,1,1,119.99,48.0,False
5152,20404,2025-10-07,1,2,259.98,104.0,False
5153,20405,2022-04-08,1,2,79.8,31.92,False
5154,20406,2025-10-05,1,1,59.99,24.0,False
5155,20407,2023-07-29,1,1,159.99,64.0,False
5156,20408,2024-11-30,1,2,49.98,20.0,False
5157,20409,2021-02-11,1,1,29.99,12.0,True
5158,20410,2021-03-22,1,1,29.99,12.0,False
5159,20411,2025-09-05,1,1,49.9,19.96,False
5160,20412,2023-08-06,1,2,99.98,40.0,False
5161,20413,2024-12-04,1,1,79.99,32.0,False
5162,20414,2022-06-04,1,3,749.97,300.0,False
5163,20415,2024-12-26,1,1,129.9,51.96,False
5164,20416,2024-12-22,1,1,39.9,15.96,False
5165,20417,2024-12-18,1,1,119.99,48.0,False
5166,20418,2023-08-12,1,2,159.98,64.0,False
5167,20419,2025-10-01,1,2,359.98,144.0,False
5168,20420,2025-10-03,1,1,199.9,79.96,False
5169,20421,2022-04-16,1,2,199.8,79.92,False
5170,20422,2024-11-20,1,1,79.99,32.0,False
5171,20423,2023-07-10,1,2,319.98,128.0,False
5172,20424,2025-10-09,1,1,189.99,76.0,False
5173,20425,2025-10-11,1,2,259.8,103.92,False
5174,20426,2023-08-20,1,2,99.98,40.0,False
5175,20427,2024-12-06,1,2,199.8,79.92,True
5176,20428,2023-07-10,1,2,199.8,79.92,False
5177,20429,2024-11-23,1,1,179.99,72.0,False
5178,20430,2025-09-27,1,2,799.98,320.0,False
5179,20431,2021-01-22,1,1,129.9,51.96,False
5180,20432,2022-05-29,1,1,29.99,12.0,False
5181,20433,2022-05-11,1,1,129.99,52.0,True
5182,20434,2024-11-18,1,2,259.98,104.0,False
5183,20435,2021-01-30,1,1,79.99,32.0,False
5184,20436,2024-12-20,1,2,179.98,72.0,False
5185,20437,2025-09-16,1,2,199.8,79.92,False
5186,20438,2023-07-25,1,2,299.98,120.0,False
5187,20439,2023-07-26,1,1,299.99,120.0,False
5188,20440,2021-01-18,1,2,99.98,40.0,False
5189,20441,2022-04-19,1,1,199.99,80.0,False
5190,20442,2023-08-13,1,1,129.99,52.0,False
5191,20443,2023-07-10,1,2,259.98,104.0,False
5192,20444,2021-03-29,1,1,25.99,10.4,False
5193,20445,2024-12-27,1,1,34.99,14.0,False
5194,20446,2025-10-05,1,3,449.97,180.0,False
5195,20447,2022-06-11,1,2,99.98,40.0,False
5196,20448,2022-05-31,1,1,25.99,10.4,False
5197,20449,2025-09-20,1,1,29.99,12.0,False
5198,20450,2022-06-08,1,1,149.9,59.96,False
5199,20451,2021-02-11,1,1,129.9,51.96,False
5200,20452,2025-09-08,1,1,129.99,52.0,False
5201,20453,2023-08-02,1,1,25.99,10.4,True
5202,20454,2023-08-05,1,1,129.9,51.96,False
5203,20455,2021-01-04,1,1,29.99,12.0,False
5204,20456,2023-07-19,1,2,159.98,64.0,False
5205,20457,2022-06-06,1,2,49.98,20.0,False
5206,20458,2022-04-27,1,1,149.99,60.0,False
5207,20459,2024-12-30,1,1,59.99,24.0,False
5208,20460,2024-11-10,1,2,119.98,48.0,False
5209,20461,2022-06-14,1,2,119.98,48.0,False
5210,20462,2023-08-16,1,1,79.99,32.0,False
5211,20463,2022-04-13,1,1,149.99,60.0,False
5212,20464,2024-12-19,1,1,39.99,16.0,False
5213,20465,2021-02-04,1,1,249.99,100.0,False
5214,20466,2022-05-12,1,2,299.98,120.0,False
5215,20467,2023-07-24,1,1,89.99,36.0,False
5216,20468,2024-12-30,1,1,99.9,39.96,False
5217,20469,2024-12-09,1,2,199.8,79.92,False
5218,20470,2025-10-29,1,1,49.99,20.0,False
5219,20471,2024-12-04,1,2,179.98,72.0,False
5220,20472,2022-06-18,1,2,119.98,48.0,False
5221,20473,2023-08-12,1,1,199.99,80.0,False
5222,20474,2023-08-25,1,1,24.99,10.0,False
5223,20475,2025-10-14,1,2,699.98,280.0,False
5224,20476,2024-11-13,1,1,24.99,10.0,True
5225,20477,2024-12-14,1,1,399.99,160.0,True
5226,20478,2021-01-16,1,1,39.9,15.96,True
5227,20479,2024-11-11,1,1,59.99,24.0,False
5228,20480,2024-12-14,1,1,59.99,24.0,False
5229,20481,2023-07-07,1,1,59.99,24.0,False
5230,20482,2021-02-27,1,1,59.99,24.0,False
5231,20483,2021-01-29,1,1,159.99,64.0,False
5232,20484,2022-05-21,1,1,24.99,10.0,False
5233,20485,2024-11-11,1,2,199.8,79.92,True
5234,20486,2024-11-19,1,1,19.99,8.0,False
5235,20487,2022-05-22,1,1,159.99,64.0,False
5236,20488,2024-11-15,1,1,299.99,120.0,False
5237,20489,2022-04-29,1,1,189.99,76.0,False
5238,20490,2024-12-26,1,1,59.99,24.0,False
5239,20491,2021-03-01,1,3,149.97,60.0,False
5240,20492,2022-04-11,1,1,89.99,36.0,False
5241,20493,2021-02-16,1,3,269.97,108.0,False
5242,20494,2025-10-25,1,2,199.8,79.92,False
5243,20495,2021-03-17,1,3,77.97,31.2,False
5244,20496,2022-04-04,1,3,74.7,29.88,False
5245,20497,2024-12-12,1,1,189.99,76.0,False
5246,20498,2025-10-08,1,3,239.97,96.0,False
5247,20499,2021-01-14,1,2,51.98,20.8,False
5248,20500,2022-06-28,1,1,99.9,39.96,False
5249,20501,2025-09-16,1,1,24.9,9.96,True
5250,20502,2021-01-29,1,2,699.98,280.0,False
5251,20503,2022-06-08,1,1,139.99,56.0,True
5252,20504,2021-02-16,1,1,129.99,52.0,False
5253,20505,2025-09-24,1,1,99.9,39.96,False
5254,20506,2022-05-19,1,1,25.99,10.4,False
5255,20507,2025-10-27,1,1,129.9,51.96,False
5256,20508,2023-08-08,1,1,39.9,15.96,False
5257,20509,2021-01-03,1,1,129.9,51.96,False
5258,20510,2021-02-21,1,2,299.98,120.0,False
5259,20511,2024-12-05,1,1,49.9,19.96,False
5260,20512,2024-11-04,1,1,89.99,36.0,False
5261,20513,2021-03-30,1,2,299.98,120.0,False
5262,20514,2023-08-23,1,2,599.98,240.0,True
5263,20515,2022-04-17,1,2,159.98,64.0,False
5264,20516,2025-09-13,1,1,349.99,140.0,True
5265,20517,2022-06-07,1,1,89.99,36.0,False
5266,20518,2024-11-19,1,2,359.98,144.0,False
5267,20519,2021-03-01,1,1,34.99,14.0,False
5268,20520,2023-07-18,1,1,149.9,59.96,False
5269,20521,2022-06-22,1,2,299.98,120.0,False
5270,20522,2021-02-07,1,1,39.9,15.96,False
5271,20523,2021-03-17,1,1,49.99,20.0,False
5272,20524,2024-11-12,1,1,25.99,10.4,False
5273,20525,2021-01-07,1,1,349.99,140.0,False
5274,20526,2023-07-30,1,1,49.99,20.0,False
5275,20527,2022-05-31,1,1,49.9,19.96,False
5276,20528,2023-08-04,1,1,149.9,59.96,True
5277,20529,2025-10-02,1,2,51.98,20.8,False
5278,20530,2025-09-03,1,1,59.99,24.0,False
5279,20531,2023-07-29,1,2,379.98,152.0,False
5280,20532,2023-07-24,1,1,149.99,60.0,False
5281,20533,2025-09-08,1,2,499.98,200.0,False
5282,20534,2022-05-30,1,1,129.99,52.0,True
5283,20535,2023-07-31,1,1,25.99,10.4,False
5284,20536,2023-08-07,1,1,149.99,60.0,False
5285,20537,2024-11-25,1,1,139.99,56.0,False
5286,20538,2021-03-22,1,2,299.98,120.0,False
5287,20539,2025-09-12,1,1,129.9,51.96,False
5288,20540,2022-04-30,1,1,24.99,10.0,False
5289,20541,2022-04-20,1,3,299.7,119.88,False
5290,20542,2021-01-01,1,1,49.99,20.0,True
5291,20543,2025-09-12,1,2,599.98,240.0,False
5292,20544,2022-06-23,1,2,299.98,120.0,False
5293,20545,2023-07-24,1,2,69.98,28.0,False
5294,20546,2025-09-17,1,2,99.98,40.0,False
5295,20547,2024-11-15,1,1,24.9,9.96,False
5296,20548,2023-08-10,1,1,59.99,24.0,False
5297,20549,2023-08-15,1,1,59.99,24.0,False
5298,20550,2023-07-13,1,1,79.99,32.0,False
5299,20551,2025-09-18,1,1,39.9,15.96,False
5300,20552,2021-03-29,1,1,79.99,32.0,False
5301,20553,2023-08-07,1,1,249.99,100.0,False
5302,20554,2024-12-22,1,2,379.98,152.0,False
5303,20555,2024-11-19,1,2,179.98,72.0,False
5304,20556,2025-10-01,1,1,49.99,20.0,False
5305,20557,2022-05-02,1,1,139.99,56.0,False
5306,20558,2023-08-29,1,1,119.99,48.0,False
5307,20559,2022-06-15,1,1,34.99,14.0,False
5308,20560,2023-08-21,1,1,39.9,15.96,False
5309,20561,2021-01-18,1,1,299.99,120.0,False
5310,20562,2025-10-20,1,1,149.99,60.0,False
5311,20563,2022-05-27,1,1,149.9,59.96,False
5312,20564,2024-11-14,1,1,34.99,14.0,False
5313,20565,2022-06-10,1,1,299.99,120.0,False
5314,20566,2022-05-17,1,1,39.9,15.96,False
5315,20567,2024-11-11,1,1,119.99,48.0,False
5316,20568,2024-12-15,1,2,319.98,128.0,False
5317,20569,2022-05-18,1,2,399.98,160.0,False
5318,20570,2022-06-06,1,1,39.99,16.0,False
5319,20571,2022-04-30,1,1,199.9,79.96,False
5320,20572,2021-01-02,1,1,199.99,80.0,False
5321,20573,2023-07-17,1,1,59.99,24.0,False
5322,20574,2023-08-17,1,1,129.99,52.0,False
5323,20575,2021-01-01,1,2,239.98,96.0,False
5324,20576,2024-11-08,1,1,199.9,79.96,False
5325,20577,2022-05-20,1,1,89.9,35.96,False
5326,20578,2024-11-08,1,1,159.99,64.0,False
5327,20579,2024-12-14,1,1,179.99,72.0,True
5328,20580,2025-10-30,1,1,129.9,51.96,False
5329,20581,2021-02-12,1,3,299.7,119.88,False
5330,20582,2023-08-13,1,1,159.99,64.0,True
5331,20583,2025-10-21,1,1,39.9,15.96,False
5332,20584,2023-07-28,1,1,159.99,64.0,False
5333,20585,2022-05-05,1,2,359.98,144.0,False
5334,20586,2023-08-30,1,1,159.99,64.0,False
5335,20587,2023-07-28,1,1,89.99,36.0,False
5336,20588,2023-07-13,1,1,29.99,12.0,False
5337,20589,2021-03-21,1,2,259.8,103.92,False
5338,20590,2024-11-08,1,1,25.99,10.4,False
5339,20591,2022-06-19,1,1,39.99,16.0,False
5340,20592,2023-07-06,1,2,379.98,152.0,False
5341,20593,2024-11-15,1,1,99.9,39.96,False
5342,20594,2022-06-11,1,2,399.8,159.92,True
5343,20595,2021-02-23,1,1,89.9,35.96,True
5344,20596,2025-10-10,1,1,89.99,36.0,False
5345,20597,2023-08-24,1,1,39.9,15.96,False
5346,20598,2025-10-24,1,1,19.99,8.0,False
5347,20599,2023-07-04,1,1,34.99,14.0,False
5348,20600,2021-01-23,1,1,59.99,24.0,False
5349,20601,2023-07-17,1,3,389.97,156.0,False
5350,20602,2025-10-10,1,2,279.98,112.0,False
5351,20603,2024-12-15,1,2,59.98,24.0,False
5352,20604,2022-04-17,1,2,299.98,120.0,True
5353,20605,2023-08-24,1,1,39.9,15.96,False
5354,20606,2025-09-13,1,1,79.99,32.0,False
5355,20607,2022-04-10,1,1,29.99,12.0,False
5356,20608,2024-12-15,1,1,49.99,20.0,False
5357,20609,2023-08-21,1,2,179.98,72.0,False
5358,20610,2024-11-24,1,3,1199.97,480.0,True
5359,20611,2021-02-21,1,1,129.9,51.96,False
5360,20612,2022-06-24,1,1,39.9,15.96,True
5361,20613,2022-04-01,1,1,49.9,19.96,True
5362,20614,2023-07-04,1,1,149.9,59.96,False
5363,20615,2021-03-11,1,1,349.99,140.0,False
5364,20616,2024-11-03,1,1,199.99,80.0,False
5365,20617,2022-06-10,1,2,179.98,72.0,False
5366,20618,2024-11-30,1,1,199.99,80.0,False
5367,20619,2025-10-15,1,1,299.99,120.0,False
5368,20620,2025-09-29,1,1,25.99,10.4,False
5369,20621,2022-06-13,1,1,59.99,24.0,False
5370,20622,2023-07-25,1,2,79.8,31.92,False
5371,20623,2022-04-10,1,2,39.98,16.0,False
5372,20624,2024-12-25,1,2,119.98,48.0,False
5373,20625,2025-10-26,1,1,24.9,9.96,False
5374,20626,2024-11-19,1,2,39.98,16.0,False
5375,20627,2025-10-22,1,1,179.99,72.0,False
5376,20628,2025-10-15,1,2,49.8,19.92,False
5377,20629,2021-03-09,1,1,199.99,80.0,False
5378,20630,2025-10-13,1,1,79.99,32.0,False
5379,20631,2021-03-19,1,1,59.99,24.0,False
5380,20632,2024-12-06,1,2,319.98,128.0,False
5381,20633,2024-12-05,1,2,179.8,71.92,False
5382,20634,2024-12-05,1,1,159.99,64.0,False
5383,20635,2023-07-26,1,2,259.98,104.0,False
5384,20636,2022-04-17,1,1,79.99,32.0,False
5385,20637,2022-04-07,1,1,159.99,64.0,False
5386,20638,2023-07-14,1,1,179.99,72.0,False
5387,20639,2023-08-11,1,1,25.99,10.4,False
5388,20640,2025-09-23,1,1,49.99,20.0,False
5389,20641,2021-03-01,1,1,399.99,160.0,False
5390,20642,2024-11-21,1,1,19.99,8.0,False
5391,20643,2023-08-18,1,1,59.99,24.0,True
5392,20644,2022-05-25,1,1,25.99,10.4,False
5393,20645,2023-08-16,1,1,24.9,9.96,False
5394,20646,2023-08-21,1,2,319.98,128.0,False
5395,20647,2024-12-25,1,2,259.8,103.92,False
5396,20648,2023-08-27,1,1,24.9,9.96,False
5397,20649,2021-03-18,1,1,24.9,9.96,False
5398,20650,2024-11-08,1,2,59.98,24.0,False
5399,20651,2024-12-28,1,1,49.99,20.0,False
5400,20652,2022-06-26,1,1,349.99,140.0,False
5401,20653,2021-03-08,1,2,399.8,159.92,False
5402,20654,2025-09-04,1,1,129.9,51.96,False
5403,20655,2022-04-27,1,1,49.99,20.0,False
5404,20656,2021-03-07,1,2,299.98,120.0,False
5405,20657,2025-09-28,1,3,149.97,60.0,False
5406,20658,2024-11-03,1,2,259.8,103.92,False
5407,20659,2021-03-19,1,1,39.99,16.0,False
5408,20660,2024-12-18,1,1,39.99,16.0,False
5409,20661,2024-12-29,1,2,499.98,200.0,False
5410,20662,2021-03-26,1,3,269.97,108.0,False
5411,20663,2021-02-05,1,1,39.99,16.0,False
5412,20664,2024-11-28,1,1,39.9,15.96,False
5413,20665,2023-07-02,1,2,179.98,72.0,False
5414,20666,2022-04-07,1,2,319.98,128.0,False
5415,20667,2021-01-27,1,1,129.9,51.96,False
5416,20668,2022-06-02,1,1,189.99,76.0,False
5417,20669,2021-03-12,1,1,129.9,51.96,False
5418,20670,2022-05-26,1,1,129.99,52.0,False
5419,20671,2025-09-22,1,1,139.99,56.0,False
5420,20672,2025-09-08,1,1,79.99,32.0,True
5421,20673,2024-11-26,1,2,199.8,79.92,False
5422,20674,2023-08-17,1,1,99.9,39.96,False
5423,20675,2025-10-02,1,2,179.98,72.0,True
5424,20676,2024-11-30,1,2,51.98,20.8,False
5425,20677,2025-09-09,1,1,39.99,16.0,False
5426,20678,2025-10-15,1,1,89.99,36.0,False
5427,20679,2025-09-24,1,2,399.8,159.92,False
5428,20680,2025-10-09,1,1,25.99,10.4,True
5429,20681,2022-06-18,1,1,79.99,32.0,True
5430,20682,2024-12-07,1,2,49.8,19.92,True
5431,20683,2023-07-14,1,2,79.8,31.92,False
5432,20684,2024-12-06,1,1,79.99,32.0,False
5433,20685,2023-08-26,1,2,59.98,24.0,False
5434,20686,2022-06-23,1,2,319.98,128.0,False
5435,20687,2023-08-17,1,1,39.9,15.96,False
5436,20688,2022-05-08,1,2,179.98,72.0,False
5437,20689,2025-09-19,1,1,25.99,10.4,False
5438,20690,2025-09-08,1,1,199.9,79.96,False
5439,20691,2022-05-02,1,1,249.99,100.0,False
5440,20692,2021-01-04,1,2,51.98,20.8,False
5441,20693,2023-07-07,1,2,299.98,120.0,False
5442,20694,2023-08-13,1,2,179.98,72.0,False
5443,20695,2022-05-14,1,1,25.99,10.4,False
5444,20696,2023-07-31,1,1,39.9,15.96,False
5445,20697,2025-10-17,1,1,59.99,24.0,True
5446,20698,2021-01-16,1,1,29.99,12.0,False
5447,20699,2021-01-24,1,3,119.7,47.88,False
5448,20700,2021-02-16,1,1,199.99,80.0,False
5449,20701,2022-05-27,1,1,199.99,80.0,False
5450,20702,2022-04-03,1,1,349.99,140.0,False
5451,20703,2025-10-25,1,1,59.99,24.0,False
5452,20704,2025-10-23,1,1,159.99,64.0,False
5453,20705,2022-06-03,1,1,49.99,20.0,True
5454,20706,2025-09-25,1,1,39.9,15.96,False
5455,20707,2022-06-17,1,2,99.98,40.0,False
5456,20708,2021-02-20,1,1,59.99,24.0,False
5457,20709,2025-10-14,1,1,25.99,10.4,False
5458,20710,2023-08-02,1,1,39.99,16.0,False
5459,20711,2024-12-04,1,1,99.9,39.96,True
5460,20712,2023-07-27,1,1,34.99,14.0,True
5461,20713,2025-10-01,1,3,269.97,108.0,False
5462,20714,2023-08-13,1,1,59.99,24.0,False
5463,20715,2024-11-26,1,1,99.99,40.0,False
5464,20716,2024-11-13,1,1,119.99,48.0,False
5465,20717,2025-10-04,1,1,19.99,8.0,False
5466,20718,2023-07-05,1,2,319.98,128.0,True
5467,20719,2025-10-25,1,1,249.99,100.0,True
5468,20720,2024-12-20,1,2,79.8,31.92,False
5469,20721,2024-11-10,1,1,299.99,120.0,False
5470,20722,2025-10-25,1,2,99.98,40.0,False
5471,20723,2021-01-02,1,1,24.99,10.0,False
5472,20724,2022-06-15,1,1,24.9,9.96,False
5473,20725,2021-01-04,1,1,49.99,20.0,False
5474,20726,2022-05-03,1,1,49.99,20.0,False
5475,20727,2023-08-25,1,1,399.99,160.0,False
5476,20728,2025-09-08,1,1,399.99,160.0,False
5477,20729,2021-01-01,1,1,299.99,120.0,False
5478,20730,2021-01-09,1,1,79.99,32.0,True
5479,20731,2025-09-04,1,3,239.97,96.0,False
5480,20732,2025-10-26,1,1,129.99,52.0,False
5481,20733,2024-12-06,1,2,59.98,24.0,False
5482,20734,2025-09-21,1,2,279.98,112.0,False
5483,20735,2021-01-27,1,1,79.99,32.0,False
5484,20736,2021-03-07,1,1,129.9,51.96,False
5485,20737,2023-08-13,1,1,39.9,15.96,False
5486,20738,2024-11-10,1,1,159.99,64.0,False
5487,20739,2024-12-27,1,1,249.99,100.0,False
5488,20740,2022-04-16,1,1,299.99,120.0,False
5489,20741,2024-11-17,1,3,179.97,72.0,False
5490,20742,2021-01-04,1,1,39.99,16.0,False
5491,20743,2022-04-27,1,1,89.99,36.0,True
5492,20744,2023-08-14,1,1,149.99,60.0,False
5493,20745,2025-10-17,1,1,24.9,9.96,False
5494,20746,2022-04-27,1,2,119.98,48.0,False
5495,20747,2024-12-20,1,1,129.9,51.96,False
5496,20748,2022-04-12,1,1,159.99,64.0,False
5497,20749,2021-02-21,1,2,49.8,19.92,False
5498,20750,2024-12-13,1,1,79.99,32.0,False
5499,20751,2025-10-13,1,2,179.8,71.92,True
5500,20752,2024-11-22,1,1,129.99,52.0,True
5501,20753,2022-05-31,1,1,399.99,160.0,False
5502,20754,2025-09-20,1,1,59.99,24.0,True
5503,20755,2024-12-09,1,2,39.98,16.0,False
5504,20756,2024-12-07,1,1,119.99,48.0,False
5505,20757,2024-11-05,1,1,129.99,52.0,False
5506,20758,2021-02-10,1,1,19.99,8.0,False
5507,20759,2021-02-27,1,2,399.8,159.92,False
5508,20760,2023-07-16,1,1,349.99,140.0,False
5509,20761,2021-01-31,1,2,119.98,48.0,False
5510,20762,2023-08-11,1,1,79.99,32.0,True
5511,20763,2023-08-27,1,1,129.9,51.96,False
5512,20764,2024-11-09,1,1,149.9,59.96,False
5513,20765,2022-06-22,1,1,25.99,10.4,False
5514,20766,2024-12-29,1,1,89.99,36.0,False
5515,20767,2021-01-20,1,1,24.9,9.96,False
5516,20768,2021-03-05,1,1,199.99,80.0,False
5517,20769,2024-11-18,1,2,159.98,64.0,False
5518,20770,2025-10-17,1,2,319.98,128.0,False
5519,20771,2025-09-16,1,1,59.99,24.0,False
5520,20772,2025-09-24,1,1,79.99,32.0,False
5521,20773,2023-08-17,1,1,59.99,24.0,False
5522,20774,2021-01-01,1,2,259.8,103.92,False
5523,20775,2022-05-26,1,2,359.98,144.0,False
5524,20776,2021-02-14,1,1,199.99,80.0,False
5525,20777,2024-12-09,1,2,319.98,128.0,False
5526,20778,2025-10-09,1,1,129.9,51.96,False
5527,20779,2024-12-17,1,2,51.98,20.8,False
5528,20780,2021-02-14,1,1,149.99,60.0,False
5529,20781,2022-05-01,1,1,179.99,72.0,False
5530,20782,2024-11-22,1,1,149.99,60.0,False
5531,20783,2024-12-27,1,1,99.9,39.96,False
5532,20784,2021-03-07,1,1,399.99,160.0,True
5533,20785,2024-11-10,1,2,699.98,280.0,False
5534,20786,2024-12-22,1,1,59.99,24.0,True
5535,20787,2025-09-05,1,3,74.7,29.88,False
5536,20788,2022-04-18,1,1,24.99,10.0,False
5537,20789,2025-09-07,1,1,79.99,32.0,False
5538,20790,2022-04-05,1,2,299.8,119.92,False
5539,20791,2021-03-05,1,2,159.98,64.0,False
5540,20792,2025-10-26,1,1,59.99,24.0,False
5541,20793,2024-11-20,1,1,199.99,80.0,False
5542,20794,2024-11-13,1,1,24.9,9.96,False
5543,20795,2021-01-03,1,2,39.98,16.0,True
5544,20796,2023-08-24,1,1,129.9,51.96,True
5545,20797,2022-06-04,1,3,89.97,36.0,False
5546,20798,2021-03-26,1,2,699.98,280.0,False
5547,20799,2022-06-10,1,2,259.98,104.0,False
5548,20800,2022-05-24,1,2,159.98,64.0,False
5549,20801,2025-09-17,1,1,99.99,40.0,False
5550,20802,2023-07-19,1,1,29.99,12.0,True
5551,20803,2024-12-26,1,2,499.98,200.0,False
5552,20804,2024-11-21,1,1,79.99,32.0,False
5553,20805,2022-06-23,1,2,79.8,31.92,False
5554,20806,2021-03-01,1,2,79.8,31.92,False
5555,20807,2021-03-06,1,1,79.99,32.0,False
5556,20808,2023-07-03,1,2,99.8,39.92,False
5557,20809,2024-11-24,1,1,99.9,39.96,False
5558,20810,2023-07-20,1,1,89.99,36.0,False
5559,20811,2022-06-12,1,1,24.99,10.0,False
5560,20812,2022-06-02,1,1,129.99,52.0,False
5561,20813,2023-07-21,1,1,349.99,140.0,False
5562,20814,2021-03-23,1,1,79.99,32.0,False
5563,20815,2025-09-07,1,2,159.98,64.0,False
5564,20816,2022-05-03,1,2,119.98,48.0,False
5565,20817,2024-11-14,1,2,119.98,48.0,True
5566,20818,2022-06-18,1,2,399.98,160.0,False
5567,20819,2024-12-12,1,2,379.98,152.0,False
5568,20820,2023-08-08,1,1,49.9,19.96,True
5569,20821,2025-10-22,1,2,499.98,200.0,False
5570,20822,2024-12-05,1,2,179.98,72.0,False
5571,20823,2022-05-05,1,1,149.9,59.96,True
5572,20824,2023-08-06,1,2,79.8,31.92,True
5573,20825,2021-02-05,1,1,179.99,72.0,False
5574,20826,2023-08-03,1,1,59.99,24.0,False
5575,20827,2022-04-01,1,2,49.98,20.0,False
5576,20828,2025-10-22,1,1,59.99,24.0,False
5577,20829,2021-01-02,1,1,99.9,39.96,False
5578,20830,2024-12-01,1,1,159.99,64.0,True
5579,20831,2022-06-23,1,1,189.99,76.0,False
5580,20832,2021-01-04,1,1,119.99,48.0,True
5581,20833,2024-11-25,1,2,259.98,104.0,False
5582,20834,2025-09-29,1,2,79.8,31.92,False
5583,20835,2025-10-21,1,2,99.98,40.0,True
5584,20836,2021-02-12,1,1,39.99,16.0,False
5585,20837,2025-10-11,1,1,399.99,160.0,False
5586,20838,2024-11-19,1,2,399.98,160.0,False
5587,20839,2023-08-23,1,2,139.98,56.0,False
5588,20840,2024-11-03,1,1,79.99,32.0,False
5589,20841,2022-06-06,1,2,79.98,32.0,False
5590,20842,2021-01-08,1,1,129.99,52.0,False
5591,20843,2022-04-12,1,2,599.98,240.0,False
5592,20844,2023-08-27,1,2,319.98,128.0,False
5593,20845,2024-11-13,1,2,399.98,160.0,False
5594,20846,2023-07-31,1,1,129.99,52.0,False
5595,20847,2021-01-24,1,1,25.99,10.4,False
5596,20848,2022-06-15,1,1,149.99,60.0,False
5597,20849,2025-09-18,1,1,34.99,14.0,True
5598,20850,2021-03-10,1,2,699.98,280.0,False
5599,20851,2023-08-04,1,1,139.99,56.0,True
5600,20852,2025-10-10,1,1,179.99,72.0,False
5601,20853,2022-05-09,1,1,34.99,14.0,False
5602,20854,2024-12-20,1,2,39.98,16.0,False
5603,20855,2024-12-11,1,1,299.99,120.0,False
5604,20856,2023-07-30,1,2,119.98,48.0,False
5605,20857,2022-06-21,1,1,129.9,51.96,False
5606,20858,2025-09-06,1,1,49.9,19.96,False
5607,20859,2025-09-15,1,2,79.8,31.92,False
5608,20860,2024-12-04,1,1,129.9,51.96,False
5609,20861,2021-01-06,1,2,159.98,64.0,False
5610,20862,2022-06-06,1,1,139.99,56.0,False
5611,20863,2023-07-18,1,1,49.99,20.0,False
5612,20864,2025-09-13,1,1,149.99,60.0,False
5613,20865,2023-07-26,1,1,49.99,20.0,False
5614,20866,2022-04-23,1,1,19.99,8.0,False
5615,20867,2024-11-04,1,1,89.99,36.0,False
5616,20868,2025-09-26,1,1,79.99,32.0,False
5617,20869,2025-09-27,1,1,129.99,52.0,False
5618,20870,2021-02-07,1,1,19.99,8.0,False
5619,20871,2023-07-14,1,2,49.98,20.0,False
5620,20872,2024-12-30,1,1,39.9,15.96,False
5621,20873,2023-08-02,1,1,49.99,20.0,False
5622,20874,2025-09-21,1,3,389.97,156.0,False
5623,20875,2025-09-04,1,2,299.98,120.0,False
5624,20876,2023-08-27,1,1,299.99,120.0,False
5625,20877,2024-12-21,1,1,39.9,15.96,False
5626,20878,2024-12-14,1,1,89.99,36.0,False
5627,20879,2024-12-24,1,1,79.99,32.0,True
5628,20880,2023-07-12,1,1,49.9,19.96,False
5629,20881,2022-05-06,1,2,49.8,19.92,False
5630,20882,2023-07-19,1,1,199.9,79.96,False
5631,20883,2025-10-14,1,1,149.99,60.0,False
5632,20884,2022-06-21,1,1,69.9,27.96,False
5633,20885,2024-12-15,1,1,399.99,160.0,False
5634,20886,2025-10-05,1,1,129.9,51.96,False
5635,20887,2025-09-27,1,1,49.99,20.0,False
5636,20888,2022-04-06,1,1,24.99,10.0,False
5637,20889,2025-10-19,1,1,179.99,72.0,False
5638,20890,2021-03-10,1,1,89.99,36.0,False
5639,20891,2023-08-06,1,1,25.99,10.4,False
5640,20892,2024-12-03,1,1,59.99,24.0,False
5641,20893,2024-12-07,1,1,39.99,16.0,False
5642,20894,2021-01-25,1,1,39.9,15.96,False
5643,20895,2025-09-14,1,2,179.8,71.92,False
5644,20896,2022-06-10,1,2,299.98,120.0,False
5645,20897,2024-12-04,1,1,119.99,48.0,False
5646,20898,2025-10-30,1,2,49.8,19.92,True
5647,20899,2023-08-28,1,2,159.98,64.0,False
5648,20900,2022-05-18,1,1,79.99,32.0,False
5649,20901,2023-07-30,1,2,499.98,200.0,False
5650,20902,2024-12-25,1,2,359.98,144.0,False
5651,20903,2022-06-22,1,2,79.98,32.0,False
5652,20904,2023-08-11,1,1,119.99,48.0,False
5653,20905,2023-07-05,1,3,749.97,300.0,False
5654,20906,2022-04-04,1,3,389.97,156.0,False
5655,20907,2024-12-10,1,1,79.99,32.0,False
5656,20908,2025-10-13,1,1,149.9,59.96,False
5657,20909,2024-11-18,1,1,139.99,56.0,False
5658,20910,2024-12-19,1,1,79.99,32.0,False
5659,20911,2022-04-25,1,1,39.9,15.96,False
5660,20912,2024-12-19,1,1,39.9,15.96,False
5661,20913,2024-11-03,1,1,99.99,40.0,False
5662,20914,2022-05-06,1,1,249.99,100.0,False
5663,20915,2025-09-17,1,1,299.99,120.0,False
5664,20916,2022-04-24,1,1,159.99,64.0,False
5665,20917,2024-11-15,1,1,99.9,39.96,False
5666,20918,2021-01-17,1,1,249.99,100.0,False
5667,20919,2023-08-16,1,1,99.9,39.96,False
5668,20920,2023-08-11,1,2,799.98,320.0,False
5669,20921,2025-09-27,1,1,129.99,52.0,False
5670,20922,2024-11-24,1,2,599.98,240.0,False
5671,20923,2024-12-24,1,2,259.98,104.0,False
5672,20924,2023-07-12,1,1,24.99,10.0,False
5673,20925,2025-10-07,1,2,499.98,200.0,False
5674,20926,2021-01-20,1,1,59.99,24.0,False
5675,20927,2024-11-03,1,2,319.98,128.0,False
5676,20928,2024-11-21,1,3,569.97,228.0,False
5677,20929,2022-06-27,1,1,129.99,52.0,False
5678,20930,2023-07-31,1,1,149.9,59.96,False
5679,20931,2024-11-24,1,2,159.98,64.0,False
5680,20932,2023-07-28,1,1,149.99,60.0,False
5681,20933,2025-09-20,1,3,389.7,155.88,False
5682,20934,2025-10-06,1,1,119.99,48.0,False
5683,20935,2022-06-24,1,1,299.99,120.0,False
5684,20936,2024-12-06,1,1,299.99,120.0,True
5685,20937,2025-10-29,1,3,119.7,47.88,False
5686,20938,2021-01-07,1,1,39.99,16.0,False
5687,20939,2024-12-07,1,1,139.99,56.0,False
5688,20940,2023-07-05,1,2,159.98,64.0,False
5689,20941,2022-06-11,1,1,99.9,39.96,False
5690,20942,2024-12-19,1,1,129.99,52.0,True
5691,20943,2022-04-11,1,2,379.98,152.0,True
5692,20944,2024-11-12,1,1,89.9,35.96,False
5693,20945,2025-09-07,1,2,119.98,48.0,False
5694,20946,2024-11-06,1,2,51.98,20.8,False
5695,20947,2022-06-01,1,1,24.9,9.96,False
5696,20948,2022-04-06,1,2,399.8,159.92,False
5697,20949,2025-10-08,1,2,259.98,104.0,False
5698,20950,2021-02-08,1,1,159.99,64.0,False
5699,20951,2021-01-26,1,1,39.9,15.96,False
5700,20952,2021-03-22,1,3,899.97,360.0,False
5701,20953,2025-09-20,1,2,179.98,72.0,False
5702,20954,2023-08-16,1,2,51.98,20.8,True
5703,20955,2025-10-04,1,1,49.99,20.0,False
5704,20956,2021-02-19,1,1,249.99,100.0,False
5705,20957,2023-07-30,1,1,129.9,51.96,False
5706,20958,2025-10-17,1,2,119.98,48.0,False
5707,20959,2023-07-12,1,1,79.99,32.0,False
5708,20960,2021-02-24,1,1,79.99,32.0,False
5709,20961,2023-08-23,1,1,249.99,100.0,False
5710,20962,2022-06-11,1,1,129.99,52.0,False
5711,20963,2022-04-14,1,2,319.98,128.0,False
5712,20964,2025-10-05,1,2,259.8,103.92,False
5713,20965,2021-01-08,1,2,179.8,71.92,False
5714,20966,2024-12-16,1,1,29.99,12.0,False
5715,20967,2022-06-18,1,1,199.99,80.0,False
5716,20968,2021-03-04,1,2,319.98,128.0,False
5717,20969,2022-06-03,1,2,259.98,104.0,False
5718,20970,2024-11-13,1,1,25.99,10.4,False
5719,20971,2023-07-16,1,1,25.99,10.4,False
5720,20972,2023-07-14,1,1,129.9,51.96,False
5721,20973,2022-04-09,1,2,159.98,64.0,False
5722,20974,2024-12-16,1,1,299.99,120.0,False
5723,20975,2025-10-26,1,2,159.98,64.0,False
5724,20976,2022-05-19,1,1,49.99,20.0,False
5725,20977,2022-04-22,1,3,599.7,239.88,False
5726,20978,2025-10-19,1,1,89.9,35.96,False
5727,20979,2022-06-28,1,1,99.9,39.96,False
5728,20980,2023-08-09,1,1,29.99,12.0,False
5729,20981,2022-04-29,1,2,799.98,320.0,False
5730,20982,2024-11-20,1,1,79.99,32.0,False
5731,20983,2021-01-04,1,1,199.9,79.96,False
5732,20984,2024-11-26,1,2,49.98,20.0,False
5733,20985,2021-02-10,1,2,199.8,79.92,False
5734,20986,2021-01-21,1,3,419.97,168.0,False
5735,20987,2024-12-08,1,1,159.99,64.0,False
5736,20988,2021-01-24,1,2,299.98,120.0,False
5737,20989,2022-05-30,1,1,199.99,80.0,False
5738,20990,2021-02-04,1,2,99.98,40.0,False
5739,20991,2025-09-13,1,1,79.99,32.0,False
5740,20992,2025-09-20,1,1,89.99,36.0,False
5741,20993,2024-11-05,1,3,419.97,168.0,False
5742,20994,2023-07-26,1,1,25.99,10.4,False
5743,20995,2023-07-30,1,1,49.99,20.0,False
5744,20996,2025-09-03,1,1,79.99,32.0,False
5745,20997,2021-01-10,1,2,199.98,80.0,False
5746,20998,2023-08-11,1,1,79.99,32.0,False
5747,20999,2022-04-22,1,1,119.99,48.0,False
5748,21000,2023-08-03,1,1,34.99,14.0,False
5749,21001,2022-04-12,1,1,59.99,24.0,True
5750,21002,2025-09-08,1,1,139.99,56.0,False
5751,21003,2023-07-02,1,3,1199.97,480.0,False
5752,21004,2024-12-12,1,1,249.99,100.0,False
